{
"type": "FeatureCollection",
"name": "factors",
"crs": { "type": "name", "properties": { "name": "urn:ogc:def:crs:OGC:1.3:CRS84" } },
"features": [
{ "type": "Feature", "properties": { "GEOID": "510030110004", "locality": "albemarle", "factor": 0.957, "factor_lo": 0.941, "factor_hi": 0.974, "n_sales": 173.0, "median_price": 620000.0, "median_ppsf": 278.0, "median_sqft": 2280.0, "est_price": 501000.0, "mo_pay": 2540.0, "mo_delta": -110.0, "dist_mi": 6.7, "drive_mo": 210.0, "allin_mo": 2740.0, "in_zone": "False", "pooled": "False", "unit": "510030110004", "acs_rent": 946.0, "rent_factor": 0.597, "pred_rent": 1584.0, "renters": 55 }, "geometry": { "type": "Polygon", "coordinates": [ [ [ -78.67148, 38.03132 ], [ -78.670757, 38.032454 ], [ -78.66692, 38.034228 ], [ -78.6654, 38.035898 ], [ -78.663953, 38.03667 ], [ -78.663678, 38.037829 ], [ -78.66464, 38.038111 ], [ -78.664955, 38.038556 ], [ -78.663924, 38.039352 ], [ -78.663365, 38.040324 ], [ -78.660941, 38.041465 ], [ -78.659644, 38.041606 ], [ -78.65942, 38.042155 ], [ -78.659933, 38.043934 ], [ -78.659587, 38.045191 ], [ -78.660417, 38.045636 ], [ -78.661068, 38.046637 ], [ -78.66225, 38.047568 ], [ -78.662405, 38.048098 ], [ -78.661425, 38.049264 ], [ -78.661307, 38.051534 ], [ -78.657931, 38.052938 ], [ -78.657653, 38.054894 ], [ -78.65803, 38.055274 ], [ -78.657137, 38.056272 ], [ -78.656387, 38.056672 ], [ -78.653385, 38.055916 ], [ -78.651925, 38.056542 ], [ -78.651408, 38.057339 ], [ -78.651661, 38.057847 ], [ -78.65034, 38.059073 ], [ -78.649343, 38.059329 ], [ -78.649184, 38.059996 ], [ -78.648239, 38.060623 ], [ -78.647991, 38.061554 ], [ -78.639926, 38.058817 ], [ -78.629497, 38.056751 ], [ -78.624633, 38.056754 ], [ -78.619545, 38.055223 ], [ -78.605045, 38.055247 ], [ -78.595516, 38.056835 ], [ -78.589806, 38.058637 ], [ -78.585812, 38.058833 ], [ -78.584426, 38.058569 ], [ -78.581249, 38.057246 ], [ -78.575249, 38.056574 ], [ -78.566765, 38.054713 ], [ -78.566765, 38.053655 ], [ -78.566133, 38.052853 ], [ -78.562814, 38.050832 ], [ -78.562759, 38.049416 ], [ -78.563453, 38.047735 ], [ -78.563411, 38.047142 ], [ -78.561891, 38.046807 ], [ -78.560863, 38.045572 ], [ -78.561051, 38.045056 ], [ -78.562939, 38.04337 ], [ -78.563047, 38.040655 ], [ -78.560919, 38.041324 ], [ -78.560065, 38.042034 ], [ -78.559947, 38.039768 ], [ -78.561287, 38.036885 ], [ -78.562583, 38.035675 ], [ -78.563537, 38.034034 ], [ -78.563461, 38.031808 ], [ -78.561464, 38.029597 ], [ -78.559253, 38.029286 ], [ -78.558996, 38.028028 ], [ -78.559767, 38.026337 ], [ -78.556067, 38.025864 ], [ -78.55481, 38.026271 ], [ -78.555463, 38.025672 ], [ -78.55827, 38.024564 ], [ -78.559188, 38.023462 ], [ -78.560322, 38.023169 ], [ -78.562258, 38.021879 ], [ -78.569334, 38.02164 ], [ -78.573827, 38.02204 ], [ -78.577408, 38.022832 ], [ -78.58109, 38.024129 ], [ -78.60185, 38.034001 ], [ -78.606658, 38.035298 ], [ -78.611344, 38.035849 ], [ -78.615616, 38.035786 ], [ -78.624473, 38.034763 ], [ -78.62648, 38.034925 ], [ -78.63447, 38.033459 ], [ -78.657381, 38.030643 ], [ -78.660844, 38.030587 ], [ -78.67148, 38.03132 ] ] ] } },
{ "type": "Feature", "properties": { "GEOID": "510030110005", "locality": "albemarle", "factor": 1.108, "factor_lo": 1.085, "factor_hi": 1.131, "n_sales": 154.0, "median_price": 634500.0, "median_ppsf": 278.0, "median_sqft": 2475.0, "est_price": 580000.0, "mo_pay": 2930.0, "mo_delta": 290.0, "dist_mi": 5.0, "drive_mo": 160.0, "allin_mo": 3090.0, "in_zone": "False", "pooled": "False", "unit": "510030110005", "acs_rent": null, "rent_factor": null, "pred_rent": null, "renters": 65 }, "geometry": { "type": "Polygon", "coordinates": [ [ [ -78.598895, 38.078304 ], [ -78.598662, 38.07917 ], [ -78.597024, 38.08062 ], [ -78.594478, 38.081705 ], [ -78.589294, 38.082146 ], [ -78.587816, 38.083201 ], [ -78.58691, 38.084475 ], [ -78.582586, 38.081875 ], [ -78.582063, 38.08025 ], [ -78.579634, 38.078295 ], [ -78.574898, 38.077766 ], [ -78.572778, 38.076974 ], [ -78.569081, 38.074859 ], [ -78.566137, 38.070783 ], [ -78.565668, 38.068631 ], [ -78.566065, 38.067488 ], [ -78.567988, 38.065079 ], [ -78.567993, 38.063227 ], [ -78.568682, 38.061286 ], [ -78.568302, 38.060203 ], [ -78.567403, 38.059618 ], [ -78.567481, 38.059107 ], [ -78.566911, 38.057636 ], [ -78.565849, 38.056203 ], [ -78.565876, 38.05567 ], [ -78.566765, 38.054713 ], [ -78.575249, 38.056574 ], [ -78.581249, 38.057246 ], [ -78.584426, 38.058569 ], [ -78.585812, 38.058833 ], [ -78.59037, 38.05853 ], [ -78.59673, 38.056665 ], [ -78.597825, 38.057251 ], [ -78.596586, 38.057958 ], [ -78.597521, 38.060283 ], [ -78.596535, 38.062567 ], [ -78.592747, 38.063264 ], [ -78.590828, 38.066503 ], [ -78.590638, 38.067358 ], [ -78.591051, 38.068702 ], [ -78.592364, 38.07018 ], [ -78.593208, 38.073961 ], [ -78.59418, 38.074652 ], [ -78.598039, 38.076269 ], [ -78.598734, 38.077238 ], [ -78.598895, 38.078304 ] ] ] } },
{ "type": "Feature", "properties": { "GEOID": "510030114003", "locality": "albemarle", "factor": 0.68, "factor_lo": 0.668, "factor_hi": 0.692, "n_sales": 81.0, "median_price": 300000.0, "median_ppsf": 187.0, "median_sqft": 1625.0, "est_price": 356000.0, "mo_pay": 1800.0, "mo_delta": -850.0, "dist_mi": 18.2, "drive_mo": 560.0, "allin_mo": 2360.0, "in_zone": "False", "pooled": "False", "unit": "510030114003", "acs_rent": null, "rent_factor": null, "pred_rent": 1407.0, "renters": 98 }, "geometry": { "type": "Polygon", "coordinates": [ [ [ -78.707966, 37.825099 ], [ -78.705575, 37.825773 ], [ -78.704835, 37.825684 ], [ -78.70085, 37.822186 ], [ -78.687225, 37.816388 ], [ -78.686157, 37.815207 ], [ -78.68549, 37.813282 ], [ -78.684626, 37.812438 ], [ -78.683395, 37.812019 ], [ -78.681492, 37.81196 ], [ -78.679456, 37.811092 ], [ -78.676469, 37.811425 ], [ -78.673367, 37.81086 ], [ -78.671648, 37.811343 ], [ -78.666441, 37.816303 ], [ -78.662221, 37.819665 ], [ -78.650012, 37.827028 ], [ -78.648327, 37.827475 ], [ -78.63709, 37.828893 ], [ -78.63525, 37.828617 ], [ -78.623542, 37.824441 ], [ -78.621111, 37.82398 ], [ -78.618903, 37.823998 ], [ -78.611538, 37.825061 ], [ -78.606147, 37.826458 ], [ -78.604229, 37.826361 ], [ -78.593649, 37.823437 ], [ -78.587509, 37.820315 ], [ -78.564297, 37.815355 ], [ -78.546228, 37.812618 ], [ -78.539358, 37.810551 ], [ -78.528173, 37.808585 ], [ -78.502534, 37.807851 ], [ -78.502638, 37.806471 ], [ -78.503209, 37.805692 ], [ -78.50192, 37.803343 ], [ -78.503879, 37.803035 ], [ -78.505268, 37.802269 ], [ -78.502607, 37.797881 ], [ -78.507901, 37.798367 ], [ -78.5094, 37.79272 ], [ -78.510733, 37.790971 ], [ -78.512747, 37.789987 ], [ -78.514864, 37.790203 ], [ -78.516246, 37.790881 ], [ -78.517578, 37.792597 ], [ -78.519595, 37.792794 ], [ -78.520442, 37.79185 ], [ -78.520493, 37.790502 ], [ -78.523324, 37.789451 ], [ -78.52492, 37.7879 ], [ -78.527524, 37.786514 ], [ -78.529327, 37.784323 ], [ -78.53161, 37.78263 ], [ -78.531981, 37.780091 ], [ -78.532491, 37.779178 ], [ -78.530109, 37.778265 ], [ -78.529356, 37.777293 ], [ -78.529076, 37.776022 ], [ -78.527727, 37.774649 ], [ -78.525171, 37.773547 ], [ -78.522568, 37.773218 ], [ -78.521402, 37.771768 ], [ -78.519858, 37.770596 ], [ -78.517875, 37.769783 ], [ -78.517075, 37.769004 ], [ -78.514076, 37.767998 ], [ -78.51359, 37.767063 ], [ -78.512717, 37.76631 ], [ -78.512722, 37.764942 ], [ -78.511728, 37.764189 ], [ -78.511904, 37.762333 ], [ -78.511308, 37.760715 ], [ -78.513022, 37.759424 ], [ -78.511991, 37.757323 ], [ -78.525543, 37.758217 ], [ -78.530322, 37.759427 ], [ -78.536571, 37.762302 ], [ -78.541393, 37.762765 ], [ -78.545573, 37.763998 ], [ -78.552263, 37.763293 ], [ -78.557854, 37.762226 ], [ -78.560948, 37.760627 ], [ -78.56507, 37.759515 ], [ -78.570146, 37.757621 ], [ -78.573155, 37.757155 ], [ -78.580797, 37.754047 ], [ -78.585448, 37.754746 ], [ -78.589385, 37.754834 ], [ -78.59485, 37.756234 ], [ -78.607131, 37.756575 ], [ -78.612023, 37.756321 ], [ -78.61563, 37.75497 ], [ -78.62053, 37.750945 ], [ -78.622311, 37.749867 ], [ -78.626658, 37.748005 ], [ -78.627997, 37.747075 ], [ -78.632297, 37.742858 ], [ -78.639363, 37.739214 ], [ -78.64167, 37.73715 ], [ -78.643923, 37.733071 ], [ -78.645809, 37.732635 ], [ -78.648463, 37.732703 ], [ -78.652162, 37.732019 ], [ -78.653189, 37.731362 ], [ -78.6542, 37.72939 ], [ -78.657107, 37.729435 ], [ -78.657976, 37.727447 ], [ -78.658311, 37.723582 ], [ -78.658777, 37.722758 ], [ -78.661993, 37.722682 ], [ -78.667123, 37.724482 ], [ -78.66856, 37.724644 ], [ -78.671368, 37.726572 ], [ -78.674405, 37.729362 ], [ -78.677589, 37.730471 ], [ -78.67883, 37.732074 ], [ -78.680866, 37.732769 ], [ -78.683909, 37.734664 ], [ -78.685549, 37.736419 ], [ -78.686087, 37.737505 ], [ -78.686148, 37.739808 ], [ -78.685843, 37.741369 ], [ -78.684263, 37.744691 ], [ -78.684525, 37.747785 ], [ -78.683463, 37.751891 ], [ -78.684521, 37.754351 ], [ -78.684745, 37.756229 ], [ -78.683406, 37.759729 ], [ -78.681984, 37.760181 ], [ -78.677948, 37.759831 ], [ -78.67653, 37.759401 ], [ -78.674705, 37.757924 ], [ -78.671651, 37.757067 ], [ -78.668097, 37.757525 ], [ -78.667459, 37.758219 ], [ -78.667455, 37.759409 ], [ -78.669715, 37.761289 ], [ -78.67202, 37.762252 ], [ -78.675243, 37.764534 ], [ -78.677228, 37.766436 ], [ -78.678531, 37.768252 ], [ -78.68219, 37.771303 ], [ -78.682951, 37.773174 ], [ -78.683667, 37.773615 ], [ -78.685016, 37.773968 ], [ -78.687038, 37.773975 ], [ -78.6892, 37.772607 ], [ -78.690517, 37.771137 ], [ -78.69271, 37.770931 ], [ -78.693336, 37.771187 ], [ -78.693358, 37.771869 ], [ -78.692163, 37.774846 ], [ -78.690338, 37.776508 ], [ -78.689366, 37.778202 ], [ -78.687429, 37.779313 ], [ -78.684047, 37.779809 ], [ -78.682571, 37.780881 ], [ -78.682414, 37.781493 ], [ -78.68568, 37.784032 ], [ -78.687071, 37.784499 ], [ -78.688439, 37.787204 ], [ -78.688298, 37.788432 ], [ -78.689409, 37.788836 ], [ -78.691524, 37.796782 ], [ -78.707966, 37.825099 ] ] ] } },
{ "type": "Feature", "properties": { "GEOID": "510030106022", "locality": "albemarle", "factor": 1.026, "factor_lo": 0.99, "factor_hi": 1.062, "n_sales": 383.0, "median_price": 352000.0, "median_ppsf": 246.0, "median_sqft": 1465.0, "est_price": 537000.0, "mo_pay": 2720.0, "mo_delta": 70.0, "dist_mi": 2.2, "drive_mo": 70.0, "allin_mo": 2790.0, "in_zone": "False", "pooled": "False", "unit": "510030106022", "acs_rent": 1836.0, "rent_factor": null, "pred_rent": 1752.0, "renters": 53 }, "geometry": { "type": "Polygon", "coordinates": [ [ [ -78.464298, 38.050147 ], [ -78.461686, 38.052723 ], [ -78.46042, 38.055817 ], [ -78.461452, 38.059214 ], [ -78.46273, 38.061337 ], [ -78.462169, 38.062217 ], [ -78.461457, 38.062112 ], [ -78.459141, 38.064413 ], [ -78.458122, 38.06479 ], [ -78.455809, 38.064172 ], [ -78.45403, 38.064315 ], [ -78.453345, 38.063346 ], [ -78.451429, 38.063126 ], [ -78.451852, 38.060837 ], [ -78.450574, 38.060201 ], [ -78.449326, 38.058851 ], [ -78.454807, 38.055108 ], [ -78.454308, 38.054603 ], [ -78.454896, 38.054217 ], [ -78.456018, 38.055318 ], [ -78.45688, 38.055613 ], [ -78.458939, 38.051005 ], [ -78.457379, 38.050336 ], [ -78.457296, 38.049412 ], [ -78.46403, 38.049554 ], [ -78.464298, 38.050147 ] ] ] } },
{ "type": "Feature", "properties": { "GEOID": "510030109012", "locality": "albemarle", "factor": null, "factor_lo": null, "factor_hi": null, "n_sales": null, "median_price": null, "median_ppsf": null, "median_sqft": null, "est_price": null, "mo_pay": null, "mo_delta": null, "dist_mi": null, "drive_mo": null, "allin_mo": null, "in_zone": null, "pooled": null, "unit": null, "acs_rent": 1298.0, "rent_factor": 0.886, "pred_rent": 1465.0, "renters": 132 }, "geometry": { "type": "Polygon", "coordinates": [ [ [ -78.515556, 38.045745 ], [ -78.51484, 38.046454 ], [ -78.513872, 38.048638 ], [ -78.512193, 38.048244 ], [ -78.512138, 38.04903 ], [ -78.512919, 38.050038 ], [ -78.512031, 38.051495 ], [ -78.511145, 38.051877 ], [ -78.50997, 38.051941 ], [ -78.510297, 38.051308 ], [ -78.504839, 38.047275 ], [ -78.505934, 38.045523 ], [ -78.506783, 38.044961 ], [ -78.511389, 38.043795 ], [ -78.514634, 38.044838 ], [ -78.515556, 38.045745 ] ] ] } },
{ "type": "Feature", "properties": { "GEOID": "510030110002", "locality": "albemarle", "factor": 1.572, "factor_lo": 1.511, "factor_hi": 1.636, "n_sales": 242.0, "median_price": 1100000.0, "median_ppsf": 429.0, "median_sqft": 2518.0, "est_price": 823000.0, "mo_pay": 4160.0, "mo_delta": 1520.0, "dist_mi": 2.0, "drive_mo": 60.0, "allin_mo": 4230.0, "in_zone": "False", "pooled": "False", "unit": "510030110002", "acs_rent": null, "rent_factor": null, "pred_rent": null, "renters": 28 }, "geometry": { "type": "Polygon", "coordinates": [ [ [ -78.566765, 38.053655 ], [ -78.566765, 38.054713 ], [ -78.564276, 38.052685 ], [ -78.561542, 38.051768 ], [ -78.559984, 38.051795 ], [ -78.555307, 38.052792 ], [ -78.550937, 38.052846 ], [ -78.546293, 38.05147 ], [ -78.544215, 38.051421 ], [ -78.5417, 38.051978 ], [ -78.536641, 38.054408 ], [ -78.534927, 38.054729 ], [ -78.531526, 38.053798 ], [ -78.529296, 38.052592 ], [ -78.524633, 38.048506 ], [ -78.52656, 38.043434 ], [ -78.527152, 38.034508 ], [ -78.528489, 38.027578 ], [ -78.529482, 38.025528 ], [ -78.531201, 38.023966 ], [ -78.536821, 38.02082 ], [ -78.541109, 38.022119 ], [ -78.544985, 38.022546 ], [ -78.562258, 38.021879 ], [ -78.560322, 38.023169 ], [ -78.559188, 38.023462 ], [ -78.55827, 38.024564 ], [ -78.555463, 38.025672 ], [ -78.55481, 38.026271 ], [ -78.556067, 38.025864 ], [ -78.559767, 38.026337 ], [ -78.558996, 38.028028 ], [ -78.559253, 38.029286 ], [ -78.561464, 38.029597 ], [ -78.563461, 38.031808 ], [ -78.563537, 38.034034 ], [ -78.562583, 38.035675 ], [ -78.561287, 38.036885 ], [ -78.559947, 38.039768 ], [ -78.560065, 38.042034 ], [ -78.560919, 38.041324 ], [ -78.563047, 38.040655 ], [ -78.562939, 38.04337 ], [ -78.561051, 38.045056 ], [ -78.560863, 38.045572 ], [ -78.561891, 38.046807 ], [ -78.563411, 38.047142 ], [ -78.563453, 38.047735 ], [ -78.562759, 38.049416 ], [ -78.562911, 38.050986 ], [ -78.566133, 38.052853 ], [ -78.566765, 38.053655 ] ] ] } },
{ "type": "Feature", "properties": { "GEOID": "510030112021", "locality": "albemarle", "factor": 1.035, "factor_lo": 1.001, "factor_hi": 1.07, "n_sales": 192.0, "median_price": 740775.0, "median_ppsf": 220.0, "median_sqft": 3273.0, "est_price": 542000.0, "mo_pay": 2740.0, "mo_delta": 90.0, "dist_mi": 3.1, "drive_mo": 90.0, "allin_mo": 2840.0, "in_zone": "False", "pooled": "False", "unit": "510030112021", "acs_rent": null, "rent_factor": null, "pred_rent": null, "renters": 11 }, "geometry": { "type": "Polygon", "coordinates": [ [ [ -78.551799, 37.979881 ], [ -78.542443, 37.991236 ], [ -78.530289, 38.00763 ], [ -78.529298, 38.007297 ], [ -78.527348, 38.00749 ], [ -78.527886, 38.005681 ], [ -78.525763, 38.002126 ], [ -78.527, 38.001051 ], [ -78.529116, 37.997997 ], [ -78.529175, 37.997427 ], [ -78.528503, 37.996009 ], [ -78.529093, 37.994852 ], [ -78.532226, 37.992316 ], [ -78.535095, 37.990552 ], [ -78.537509, 37.986946 ], [ -78.540171, 37.98393 ], [ -78.542174, 37.982479 ], [ -78.54426, 37.981673 ], [ -78.545105, 37.980157 ], [ -78.546196, 37.980182 ], [ -78.547031, 37.981051 ], [ -78.547995, 37.981138 ], [ -78.549595, 37.980314 ], [ -78.551799, 37.979881 ] ] ] } },
{ "type": "Feature", "properties": { "GEOID": "510030113022", "locality": "albemarle", "factor": 0.988, "factor_lo": 0.954, "factor_hi": 1.024, "n_sales": 164.0, "median_price": 474600.0, "median_ppsf": 259.0, "median_sqft": 2000.0, "est_price": 518000.0, "mo_pay": 2620.0, "mo_delta": -30.0, "dist_mi": 2.8, "drive_mo": 90.0, "allin_mo": 2710.0, "in_zone": "False", "pooled": "False", "unit": "510030113022", "acs_rent": 1103.0, "rent_factor": 0.839, "pred_rent": 1315.0, "renters": 182 }, "geometry": { "type": "Polygon", "coordinates": [ [ [ -78.529891, 37.99428 ], [ -78.528508, 37.995902 ], [ -78.529175, 37.997427 ], [ -78.529116, 37.997997 ], [ -78.527, 38.001051 ], [ -78.525763, 38.002126 ], [ -78.51842, 38.005878 ], [ -78.516138, 38.006298 ], [ -78.511714, 38.006179 ], [ -78.510702, 38.006653 ], [ -78.507508, 38.009245 ], [ -78.505442, 38.010324 ], [ -78.504134, 38.010016 ], [ -78.503313, 38.0102 ], [ -78.508206, 38.004377 ], [ -78.512576, 37.998526 ], [ -78.513235, 37.998389 ], [ -78.515601, 37.999494 ], [ -78.517335, 37.999742 ], [ -78.518967, 37.998924 ], [ -78.519314, 37.997777 ], [ -78.519828, 37.997618 ], [ -78.519884, 37.99714 ], [ -78.52137, 37.995202 ], [ -78.521876, 37.995247 ], [ -78.521884, 37.994862 ], [ -78.522612, 37.994758 ], [ -78.522911, 37.994187 ], [ -78.525249, 37.994803 ], [ -78.527297, 37.993585 ], [ -78.528379, 37.993322 ], [ -78.529891, 37.99428 ] ] ] } },
{ "type": "Feature", "properties": { "GEOID": "510030112011", "locality": "albemarle", "factor": 0.89, "factor_lo": 0.882, "factor_hi": 0.899, "n_sales": 82.0, "median_price": 395750.0, "median_ppsf": 235.0, "median_sqft": 1947.0, "est_price": 466000.0, "mo_pay": 2360.0, "mo_delta": -290.0, "dist_mi": 14.3, "drive_mo": 440.0, "allin_mo": 2800.0, "in_zone": "False", "pooled": "False", "unit": "510030112011", "acs_rent": 631.0, "rent_factor": 0.357, "pred_rent": 1765.0, "renters": 140 }, "geometry": { "type": "Polygon", "coordinates": [ [ [ -78.837013, 38.048258 ], [ -78.830144, 38.053502 ], [ -78.829927, 38.054025 ], [ -78.826512, 38.054427 ], [ -78.825203, 38.05604 ], [ -78.822221, 38.057962 ], [ -78.822293, 38.058749 ], [ -78.821691, 38.059231 ], [ -78.81862, 38.059855 ], [ -78.817289, 38.05963 ], [ -78.816537, 38.05986 ], [ -78.816219, 38.060296 ], [ -78.814401, 38.060644 ], [ -78.811857, 38.061726 ], [ -78.810497, 38.061478 ], [ -78.808242, 38.062193 ], [ -78.808007, 38.06311 ], [ -78.806482, 38.063204 ], [ -78.805067, 38.064649 ], [ -78.803218, 38.065157 ], [ -78.801617, 38.066024 ], [ -78.798372, 38.066627 ], [ -78.796309, 38.067469 ], [ -78.794761, 38.068719 ], [ -78.792788, 38.069504 ], [ -78.79218, 38.070436 ], [ -78.792228, 38.071198 ], [ -78.79313, 38.072628 ], [ -78.792841, 38.076009 ], [ -78.794019, 38.076898 ], [ -78.793647, 38.077808 ], [ -78.791606, 38.078184 ], [ -78.78884, 38.079695 ], [ -78.78807, 38.080941 ], [ -78.786826, 38.081111 ], [ -78.78603, 38.08167 ], [ -78.78224, 38.080736 ], [ -78.781078, 38.080757 ], [ -78.780648, 38.082461 ], [ -78.7792, 38.08347 ], [ -78.778903, 38.086137 ], [ -78.779306, 38.089297 ], [ -78.779069, 38.089961 ], [ -78.777688, 38.091206 ], [ -78.777203, 38.093217 ], [ -78.777887, 38.094478 ], [ -78.779569, 38.095579 ], [ -78.781173, 38.097185 ], [ -78.781119, 38.097862 ], [ -78.781113, 38.097204 ], [ -78.78026, 38.096319 ], [ -78.775618, 38.094807 ], [ -78.773921, 38.094905 ], [ -78.772626, 38.095474 ], [ -78.770718, 38.0954 ], [ -78.768154, 38.09647 ], [ -78.766272, 38.097799 ], [ -78.763391, 38.099235 ], [ -78.75947, 38.099202 ], [ -78.754118, 38.100848 ], [ -78.750928, 38.100805 ], [ -78.745248, 38.104759 ], [ -78.744094, 38.105144 ], [ -78.743727, 38.106118 ], [ -78.742547, 38.106441 ], [ -78.732649, 38.108316 ], [ -78.714634, 38.110583 ], [ -78.713082, 38.110162 ], [ -78.712314, 38.109368 ], [ -78.704858, 38.108479 ], [ -78.702884, 38.108539 ], [ -78.695948, 38.106459 ], [ -78.695211, 38.105618 ], [ -78.69585, 38.104246 ], [ -78.694474, 38.102351 ], [ -78.694571, 38.100407 ], [ -78.692151, 38.098257 ], [ -78.69267, 38.095427 ], [ -78.693054, 38.095234 ], [ -78.695106, 38.096398 ], [ -78.696524, 38.096475 ], [ -78.697886, 38.096052 ], [ -78.698991, 38.096223 ], [ -78.700651, 38.095388 ], [ -78.703417, 38.095541 ], [ -78.704383, 38.094882 ], [ -78.706287, 38.094827 ], [ -78.707197, 38.095195 ], [ -78.708191, 38.094854 ], [ -78.7094, 38.095398 ], [ -78.711068, 38.095409 ], [ -78.717203, 38.092788 ], [ -78.718619, 38.093211 ], [ -78.719608, 38.093941 ], [ -78.719632, 38.09442 ], [ -78.721733, 38.092783 ], [ -78.72514, 38.092053 ], [ -78.725747, 38.090141 ], [ -78.725471, 38.088336 ], [ -78.724836, 38.087031 ], [ -78.724091, 38.086533 ], [ -78.72357, 38.08438 ], [ -78.721272, 38.083406 ], [ -78.719474, 38.082208 ], [ -78.717397, 38.079628 ], [ -78.714339, 38.077266 ], [ -78.71862, 38.077107 ], [ -78.72434, 38.075331 ], [ -78.732728, 38.072056 ], [ -78.735538, 38.072133 ], [ -78.739705, 38.074326 ], [ -78.741782, 38.074747 ], [ -78.74365, 38.074489 ], [ -78.748254, 38.072182 ], [ -78.747511, 38.071765 ], [ -78.747426, 38.070572 ], [ -78.746637, 38.070237 ], [ -78.7465, 38.069802 ], [ -78.748054, 38.064354 ], [ -78.749874, 38.062306 ], [ -78.741528, 38.053529 ], [ -78.732293, 38.04697 ], [ -78.727686, 38.045667 ], [ -78.718551, 38.041632 ], [ -78.710652, 38.039425 ], [ -78.712031, 38.039001 ], [ -78.713391, 38.037726 ], [ -78.714967, 38.037462 ], [ -78.717078, 38.038127 ], [ -78.718626, 38.037341 ], [ -78.721661, 38.037637 ], [ -78.724328, 38.038992 ], [ -78.72571, 38.03903 ], [ -78.72639, 38.039744 ], [ -78.729758, 38.03949 ], [ -78.732279, 38.040423 ], [ -78.734487, 38.040554 ], [ -78.737584, 38.039921 ], [ -78.738514, 38.039476 ], [ -78.739867, 38.038157 ], [ -78.741492, 38.037838 ], [ -78.742894, 38.037782 ], [ -78.747638, 38.038933 ], [ -78.749871, 38.038704 ], [ -78.75126, 38.038145 ], [ -78.752351, 38.036975 ], [ -78.75649, 38.036286 ], [ -78.757539, 38.035786 ], [ -78.762936, 38.031851 ], [ -78.765362, 38.028832 ], [ -78.768236, 38.027482 ], [ -78.769161, 38.026192 ], [ -78.770813, 38.025259 ], [ -78.773785, 38.024623 ], [ -78.775673, 38.024981 ], [ -78.778124, 38.024811 ], [ -78.784469, 38.025982 ], [ -78.786502, 38.027537 ], [ -78.787411, 38.029036 ], [ -78.79308, 38.027961 ], [ -78.795992, 38.027904 ], [ -78.806926, 38.029826 ], [ -78.809487, 38.030951 ], [ -78.811874, 38.031029 ], [ -78.814001, 38.029995 ], [ -78.813447, 38.025448 ], [ -78.816052, 38.023256 ], [ -78.820798, 38.020667 ], [ -78.822274, 38.018953 ], [ -78.838874, 38.04737 ], [ -78.837013, 38.048258 ] ] ] } },
{ "type": "Feature", "properties": { "GEOID": "510030110003", "locality": "albemarle", "factor": 0.991, "factor_lo": 0.975, "factor_hi": 1.007, "n_sales": 161.0, "median_price": 715000.0, "median_ppsf": 288.0, "median_sqft": 2560.0, "est_price": 519000.0, "mo_pay": 2620.0, "mo_delta": -20.0, "dist_mi": 6.2, "drive_mo": 190.0, "allin_mo": 2820.0, "in_zone": "False", "pooled": "False", "unit": "510030110003", "acs_rent": null, "rent_factor": null, "pred_rent": 1371.0, "renters": 37 }, "geometry": { "type": "Polygon", "coordinates": [ [ [ -78.647991, 38.061554 ], [ -78.647781, 38.062644 ], [ -78.64664, 38.063406 ], [ -78.643925, 38.063997 ], [ -78.644224, 38.064512 ], [ -78.643562, 38.065324 ], [ -78.63948, 38.067981 ], [ -78.639382, 38.068475 ], [ -78.639951, 38.06892 ], [ -78.638937, 38.069007 ], [ -78.637082, 38.069869 ], [ -78.637421, 38.071077 ], [ -78.638185, 38.071577 ], [ -78.638678, 38.072423 ], [ -78.638198, 38.073137 ], [ -78.636628, 38.073048 ], [ -78.636287, 38.073273 ], [ -78.636141, 38.074711 ], [ -78.636938, 38.076118 ], [ -78.636876, 38.076513 ], [ -78.635354, 38.077221 ], [ -78.633249, 38.077522 ], [ -78.630401, 38.076872 ], [ -78.630143, 38.077295 ], [ -78.630198, 38.078739 ], [ -78.630642, 38.079343 ], [ -78.631635, 38.079866 ], [ -78.631933, 38.080607 ], [ -78.628987, 38.081171 ], [ -78.626695, 38.080846 ], [ -78.625847, 38.081021 ], [ -78.625513, 38.0814 ], [ -78.625825, 38.082641 ], [ -78.62556, 38.083086 ], [ -78.623596, 38.084193 ], [ -78.623381, 38.084808 ], [ -78.622666, 38.084863 ], [ -78.622208, 38.08555 ], [ -78.621256, 38.085809 ], [ -78.620715, 38.086621 ], [ -78.619111, 38.087841 ], [ -78.617103, 38.088342 ], [ -78.616666, 38.089358 ], [ -78.617251, 38.090538 ], [ -78.615375, 38.090803 ], [ -78.612963, 38.090397 ], [ -78.611658, 38.091897 ], [ -78.609647, 38.092198 ], [ -78.608523, 38.09543 ], [ -78.606027, 38.096179 ], [ -78.603329, 38.09826 ], [ -78.601811, 38.098732 ], [ -78.599951, 38.098284 ], [ -78.599453, 38.097232 ], [ -78.598633, 38.096441 ], [ -78.594442, 38.095114 ], [ -78.593914, 38.096894 ], [ -78.592295, 38.097503 ], [ -78.592094, 38.097888 ], [ -78.592964, 38.102275 ], [ -78.593297, 38.102603 ], [ -78.58945, 38.102706 ], [ -78.585088, 38.104297 ], [ -78.580746, 38.104447 ], [ -78.579036, 38.103832 ], [ -78.577758, 38.102524 ], [ -78.575145, 38.101455 ], [ -78.575509, 38.099582 ], [ -78.576263, 38.098426 ], [ -78.580931, 38.095212 ], [ -78.580567, 38.092759 ], [ -78.580721, 38.092015 ], [ -78.583733, 38.090432 ], [ -78.587816, 38.083201 ], [ -78.589639, 38.082044 ], [ -78.594846, 38.081593 ], [ -78.597165, 38.080542 ], [ -78.598788, 38.078966 ], [ -78.598867, 38.077681 ], [ -78.598167, 38.076374 ], [ -78.593208, 38.073961 ], [ -78.592364, 38.07018 ], [ -78.591051, 38.068702 ], [ -78.590655, 38.067547 ], [ -78.590828, 38.066503 ], [ -78.592747, 38.063264 ], [ -78.595988, 38.062824 ], [ -78.596592, 38.062481 ], [ -78.597521, 38.060283 ], [ -78.596586, 38.057958 ], [ -78.597825, 38.057251 ], [ -78.59673, 38.056665 ], [ -78.606002, 38.055155 ], [ -78.619545, 38.055223 ], [ -78.624633, 38.056754 ], [ -78.629497, 38.056751 ], [ -78.639926, 38.058817 ], [ -78.647991, 38.061554 ] ] ] } },
{ "type": "Feature", "properties": { "GEOID": "510030104011", "locality": "albemarle", "factor": 0.86, "factor_lo": 0.856, "factor_hi": 0.864, "n_sales": 146.0, "median_price": 510125.0, "median_ppsf": 243.0, "median_sqft": 2093.0, "est_price": 451000.0, "mo_pay": 2280.0, "mo_delta": -370.0, "dist_mi": 7.7, "drive_mo": 240.0, "allin_mo": 2520.0, "in_zone": "False", "pooled": "False", "unit": "510030104011", "acs_rent": 1450.0, "rent_factor": 0.821, "pred_rent": 1766.0, "renters": 340 }, "geometry": { "type": "Polygon", "coordinates": [ [ [ -78.447145, 38.079775 ], [ -78.444721, 38.084607 ], [ -78.442025, 38.086292 ], [ -78.442338, 38.087445 ], [ -78.443063, 38.08813 ], [ -78.440619, 38.091693 ], [ -78.434104, 38.096798 ], [ -78.430719, 38.095431 ], [ -78.429052, 38.095953 ], [ -78.428439, 38.098076 ], [ -78.425603, 38.100571 ], [ -78.423071, 38.104531 ], [ -78.423358, 38.105019 ], [ -78.423044, 38.105803 ], [ -78.42436, 38.107943 ], [ -78.424554, 38.108836 ], [ -78.42032, 38.111787 ], [ -78.397336, 38.133187 ], [ -78.37137, 38.147376 ], [ -78.369265, 38.147891 ], [ -78.362373, 38.147872 ], [ -78.359732, 38.148755 ], [ -78.348234, 38.157025 ], [ -78.337255, 38.171765 ], [ -78.334699, 38.173351 ], [ -78.332212, 38.173754 ], [ -78.299653, 38.162909 ], [ -78.256818, 38.147905 ], [ -78.256583, 38.146239 ], [ -78.257226, 38.144745 ], [ -78.259056, 38.144133 ], [ -78.260591, 38.142367 ], [ -78.261475, 38.142118 ], [ -78.264208, 38.1425 ], [ -78.265081, 38.142348 ], [ -78.26945, 38.1372 ], [ -78.270551, 38.136468 ], [ -78.272021, 38.136049 ], [ -78.27679, 38.13353 ], [ -78.284272, 38.131762 ], [ -78.286167, 38.129492 ], [ -78.285513, 38.129096 ], [ -78.285701, 38.128666 ], [ -78.285476, 38.128289 ], [ -78.285894, 38.127757 ], [ -78.286768, 38.127659 ], [ -78.287361, 38.127211 ], [ -78.288299, 38.125564 ], [ -78.288616, 38.123917 ], [ -78.289174, 38.12344 ], [ -78.292648, 38.122374 ], [ -78.29478, 38.122463 ], [ -78.29543, 38.121969 ], [ -78.296986, 38.122468 ], [ -78.300943, 38.122677 ], [ -78.304512, 38.121913 ], [ -78.305803, 38.122435 ], [ -78.307674, 38.119007 ], [ -78.311442, 38.116382 ], [ -78.313254, 38.114455 ], [ -78.315512, 38.110768 ], [ -78.317162, 38.109403 ], [ -78.31773, 38.108177 ], [ -78.318053, 38.10735 ], [ -78.317278, 38.106316 ], [ -78.316719, 38.104512 ], [ -78.316128, 38.103856 ], [ -78.314535, 38.09928 ], [ -78.314585, 38.098744 ], [ -78.315851, 38.098155 ], [ -78.316554, 38.097254 ], [ -78.317617, 38.094884 ], [ -78.318856, 38.0937 ], [ -78.320138, 38.09309 ], [ -78.322747, 38.093159 ], [ -78.323827, 38.094313 ], [ -78.329386, 38.092171 ], [ -78.330801, 38.091006 ], [ -78.331909, 38.090823 ], [ -78.332814, 38.089732 ], [ -78.332633, 38.087894 ], [ -78.332067, 38.086301 ], [ -78.332421, 38.08587 ], [ -78.332125, 38.08475 ], [ -78.332583, 38.084195 ], [ -78.332545, 38.083719 ], [ -78.335543, 38.08363 ], [ -78.336478, 38.082034 ], [ -78.336901, 38.081888 ], [ -78.336682, 38.08584 ], [ -78.343067, 38.084127 ], [ -78.343972, 38.083601 ], [ -78.343526, 38.079532 ], [ -78.34287, 38.077873 ], [ -78.342703, 38.075987 ], [ -78.343734, 38.071439 ], [ -78.346898, 38.068629 ], [ -78.349659, 38.067421 ], [ -78.350262, 38.064665 ], [ -78.351379, 38.063019 ], [ -78.352579, 38.062001 ], [ -78.357989, 38.060055 ], [ -78.358684, 38.05948 ], [ -78.365444, 38.058031 ], [ -78.372347, 38.055429 ], [ -78.375316, 38.052974 ], [ -78.375821, 38.05107 ], [ -78.380078, 38.053964 ], [ -78.382903, 38.055113 ], [ -78.385526, 38.058244 ], [ -78.388087, 38.059387 ], [ -78.389912, 38.061161 ], [ -78.392919, 38.061783 ], [ -78.394107, 38.061095 ], [ -78.394789, 38.061139 ], [ -78.394905, 38.062765 ], [ -78.39546, 38.063534 ], [ -78.397368, 38.064824 ], [ -78.399931, 38.065427 ], [ -78.401896, 38.066342 ], [ -78.402749, 38.067716 ], [ -78.403729, 38.068107 ], [ -78.404186, 38.069265 ], [ -78.405957, 38.069507 ], [ -78.408707, 38.071573 ], [ -78.410276, 38.071765 ], [ -78.41154, 38.072375 ], [ -78.412818, 38.072068 ], [ -78.415722, 38.072491 ], [ -78.417874, 38.073661 ], [ -78.424279, 38.073333 ], [ -78.426925, 38.074091 ], [ -78.428946, 38.072631 ], [ -78.431676, 38.071319 ], [ -78.43385, 38.072329 ], [ -78.436566, 38.072895 ], [ -78.438407, 38.073005 ], [ -78.439731, 38.072259 ], [ -78.439678, 38.073285 ], [ -78.440449, 38.074355 ], [ -78.442977, 38.075476 ], [ -78.446429, 38.077573 ], [ -78.447103, 38.07871 ], [ -78.447145, 38.079775 ] ] ] } },
{ "type": "Feature", "properties": { "GEOID": "510030104013", "locality": "albemarle", "factor": 0.866, "factor_lo": 0.851, "factor_hi": 0.881, "n_sales": 111.0, "median_price": 580000.0, "median_ppsf": 250.0, "median_sqft": 2645.0, "est_price": 453000.0, "mo_pay": 2290.0, "mo_delta": -360.0, "dist_mi": 7.0, "drive_mo": 220.0, "allin_mo": 2510.0, "in_zone": "False", "pooled": "False", "unit": "510030104013", "acs_rent": null, "rent_factor": null, "pred_rent": 1277.0, "renters": 146 }, "geometry": { "type": "Polygon", "coordinates": [ [ [ -78.424783, 38.017075 ], [ -78.423638, 38.018514 ], [ -78.423762, 38.020029 ], [ -78.422492, 38.022363 ], [ -78.42222, 38.025009 ], [ -78.421248, 38.026997 ], [ -78.421588, 38.028095 ], [ -78.420566, 38.032504 ], [ -78.420656, 38.033657 ], [ -78.419497, 38.034788 ], [ -78.419318, 38.036762 ], [ -78.416286, 38.040134 ], [ -78.412471, 38.040341 ], [ -78.410532, 38.041623 ], [ -78.409067, 38.042157 ], [ -78.404352, 38.041424 ], [ -78.401834, 38.041661 ], [ -78.399759, 38.042264 ], [ -78.397643, 38.043108 ], [ -78.396109, 38.045006 ], [ -78.393613, 38.045189 ], [ -78.38935, 38.046424 ], [ -78.379004, 38.050809 ], [ -78.376621, 38.051206 ], [ -78.375821, 38.05107 ], [ -78.375337, 38.052933 ], [ -78.37478, 38.053591 ], [ -78.372911, 38.055111 ], [ -78.370812, 38.056177 ], [ -78.365444, 38.058031 ], [ -78.358684, 38.05948 ], [ -78.357989, 38.060055 ], [ -78.352579, 38.062001 ], [ -78.351379, 38.063019 ], [ -78.350262, 38.064665 ], [ -78.349659, 38.067421 ], [ -78.346898, 38.068629 ], [ -78.343734, 38.071439 ], [ -78.342703, 38.075987 ], [ -78.34287, 38.077873 ], [ -78.343526, 38.079532 ], [ -78.343972, 38.083601 ], [ -78.343067, 38.084127 ], [ -78.336682, 38.08584 ], [ -78.336901, 38.081888 ], [ -78.336312, 38.082164 ], [ -78.336056, 38.083141 ], [ -78.335543, 38.08363 ], [ -78.332545, 38.083719 ], [ -78.331198, 38.08205 ], [ -78.331251, 38.081169 ], [ -78.330424, 38.08069 ], [ -78.330725, 38.079542 ], [ -78.33022, 38.078857 ], [ -78.329423, 38.078504 ], [ -78.330219, 38.077612 ], [ -78.330378, 38.076415 ], [ -78.329295, 38.074487 ], [ -78.329697, 38.072823 ], [ -78.329288, 38.071745 ], [ -78.328376, 38.070619 ], [ -78.326101, 38.069042 ], [ -78.324897, 38.066675 ], [ -78.310344, 38.054607 ], [ -78.310303, 38.054131 ], [ -78.312172, 38.051685 ], [ -78.313417, 38.049322 ], [ -78.315734, 38.046603 ], [ -78.316034, 38.045048 ], [ -78.315318, 38.043217 ], [ -78.315351, 38.041706 ], [ -78.312895, 38.039967 ], [ -78.30815, 38.038343 ], [ -78.30552, 38.036846 ], [ -78.305844, 38.035495 ], [ -78.305518, 38.034715 ], [ -78.302126, 38.031494 ], [ -78.302252, 38.030524 ], [ -78.300168, 38.028306 ], [ -78.299255, 38.026791 ], [ -78.296632, 38.025644 ], [ -78.293571, 38.025941 ], [ -78.292429, 38.02416 ], [ -78.293178, 38.020989 ], [ -78.306866, 38.006364 ], [ -78.324615, 37.986009 ], [ -78.332699, 37.987266 ], [ -78.337141, 37.988688 ], [ -78.357687, 37.998995 ], [ -78.373585, 38.008063 ], [ -78.393511, 38.011863 ], [ -78.397706, 38.014705 ], [ -78.402049, 38.016666 ], [ -78.404452, 38.016715 ], [ -78.414834, 38.015225 ], [ -78.424744, 38.016272 ], [ -78.424783, 38.017075 ] ] ] } },
{ "type": "Feature", "properties": { "GEOID": "510030112022", "locality": "albemarle", "factor": 0.792, "factor_lo": 0.785, "factor_hi": 0.799, "n_sales": 67.0, "median_price": 385000.0, "median_ppsf": 204.0, "median_sqft": 1963.0, "est_price": 415000.0, "mo_pay": 2100.0, "mo_delta": -550.0, "dist_mi": 9.7, "drive_mo": 300.0, "allin_mo": 2400.0, "in_zone": "False", "pooled": "False", "unit": "510030112022", "acs_rent": 1016.0, "rent_factor": null, "pred_rent": 1521.0, "renters": 68 }, "geometry": { "type": "Polygon", "coordinates": [ [ [ -78.696703, 37.898171 ], [ -78.693337, 37.903046 ], [ -78.691036, 37.909369 ], [ -78.689092, 37.912147 ], [ -78.686414, 37.914676 ], [ -78.684627, 37.917728 ], [ -78.681842, 37.921411 ], [ -78.679578, 37.923478 ], [ -78.6782, 37.925247 ], [ -78.67635, 37.929354 ], [ -78.673775, 37.932588 ], [ -78.668717, 37.940746 ], [ -78.666039, 37.943796 ], [ -78.663499, 37.948427 ], [ -78.661752, 37.953648 ], [ -78.65713, 37.959275 ], [ -78.655428, 37.960618 ], [ -78.651265, 37.96253 ], [ -78.645843, 37.966353 ], [ -78.643915, 37.967373 ], [ -78.639998, 37.968282 ], [ -78.635193, 37.968079 ], [ -78.636015, 37.970882 ], [ -78.636739, 37.971943 ], [ -78.639818, 37.973924 ], [ -78.64049, 37.97523 ], [ -78.639438, 37.97652 ], [ -78.638114, 37.979443 ], [ -78.635757, 37.982251 ], [ -78.633865, 37.986781 ], [ -78.631964, 37.990197 ], [ -78.624904, 37.986715 ], [ -78.621819, 37.975304 ], [ -78.620532, 37.973912 ], [ -78.619768, 37.97209 ], [ -78.617727, 37.971095 ], [ -78.617081, 37.969225 ], [ -78.615971, 37.967308 ], [ -78.61587, 37.965603 ], [ -78.615208, 37.964608 ], [ -78.610754, 37.963034 ], [ -78.606256, 37.959566 ], [ -78.595541, 37.956341 ], [ -78.5951, 37.955696 ], [ -78.595689, 37.954044 ], [ -78.594511, 37.9527 ], [ -78.592509, 37.951219 ], [ -78.590044, 37.950383 ], [ -78.587243, 37.948573 ], [ -78.584869, 37.947595 ], [ -78.584948, 37.946763 ], [ -78.584535, 37.945687 ], [ -78.587212, 37.943652 ], [ -78.585221, 37.942831 ], [ -78.587121, 37.940394 ], [ -78.58923, 37.938688 ], [ -78.595567, 37.937056 ], [ -78.601905, 37.931346 ], [ -78.6064, 37.927834 ], [ -78.610409, 37.926136 ], [ -78.615045, 37.924747 ], [ -78.61762, 37.922156 ], [ -78.618306, 37.922132 ], [ -78.621175, 37.92312 ], [ -78.623986, 37.922439 ], [ -78.625092, 37.921487 ], [ -78.625373, 37.919938 ], [ -78.627243, 37.917519 ], [ -78.628858, 37.917617 ], [ -78.631377, 37.916072 ], [ -78.632543, 37.91684 ], [ -78.634692, 37.91762 ], [ -78.634875, 37.918086 ], [ -78.639, 37.918536 ], [ -78.641098, 37.920061 ], [ -78.642072, 37.920158 ], [ -78.643116, 37.919749 ], [ -78.644261, 37.918398 ], [ -78.645642, 37.917566 ], [ -78.648228, 37.916973 ], [ -78.649461, 37.916275 ], [ -78.649993, 37.915473 ], [ -78.652231, 37.913756 ], [ -78.654592, 37.91251 ], [ -78.657654, 37.911695 ], [ -78.65836, 37.911065 ], [ -78.658845, 37.910004 ], [ -78.661048, 37.907886 ], [ -78.663727, 37.906995 ], [ -78.665341, 37.906933 ], [ -78.669502, 37.907115 ], [ -78.671629, 37.90837 ], [ -78.673115, 37.907887 ], [ -78.681201, 37.901432 ], [ -78.683297, 37.900432 ], [ -78.685065, 37.900158 ], [ -78.686616, 37.898822 ], [ -78.689462, 37.897662 ], [ -78.690731, 37.895638 ], [ -78.691513, 37.895049 ], [ -78.69243, 37.895204 ], [ -78.692467, 37.896373 ], [ -78.692889, 37.897001 ], [ -78.694216, 37.896568 ], [ -78.696703, 37.898171 ] ] ] } },
{ "type": "Feature", "properties": { "GEOID": "510030104022", "locality": "albemarle", "factor": 1.015, "factor_lo": 0.981, "factor_hi": 1.05, "n_sales": 418.0, "median_price": 627722.0, "median_ppsf": 249.0, "median_sqft": 2412.0, "est_price": 532000.0, "mo_pay": 2690.0, "mo_delta": 40.0, "dist_mi": 6.1, "drive_mo": 190.0, "allin_mo": 2880.0, "in_zone": "False", "pooled": "False", "unit": "510030104022", "acs_rent": null, "rent_factor": null, "pred_rent": null, "renters": 31 }, "geometry": { "type": "Polygon", "coordinates": [ [ [ -78.383242, 38.001107 ], [ -78.382113, 38.002965 ], [ -78.379911, 38.004318 ], [ -78.379923, 38.00518 ], [ -78.379269, 38.006325 ], [ -78.378537, 38.009067 ], [ -78.374052, 38.008201 ], [ -78.372307, 38.007496 ], [ -78.357687, 37.998995 ], [ -78.337141, 37.988688 ], [ -78.332699, 37.987266 ], [ -78.324615, 37.986009 ], [ -78.351164, 37.955804 ], [ -78.353335, 37.95705 ], [ -78.357132, 37.957205 ], [ -78.365188, 37.953477 ], [ -78.367534, 37.951895 ], [ -78.368364, 37.951943 ], [ -78.372164, 37.953441 ], [ -78.372934, 37.954897 ], [ -78.372477, 37.95621 ], [ -78.367787, 37.959557 ], [ -78.366454, 37.960234 ], [ -78.364268, 37.960569 ], [ -78.363079, 37.961231 ], [ -78.362684, 37.9619 ], [ -78.364081, 37.963665 ], [ -78.364374, 37.965741 ], [ -78.365803, 37.967184 ], [ -78.371043, 37.970852 ], [ -78.373258, 37.973009 ], [ -78.377577, 37.974808 ], [ -78.377222, 37.975856 ], [ -78.377839, 37.976603 ], [ -78.378229, 37.982138 ], [ -78.377764, 37.982868 ], [ -78.377749, 37.984049 ], [ -78.376304, 37.986464 ], [ -78.375712, 37.988331 ], [ -78.375975, 37.989445 ], [ -78.375044, 37.990647 ], [ -78.374514, 37.992776 ], [ -78.374095, 37.993331 ], [ -78.37484, 37.99393 ], [ -78.374961, 37.994876 ], [ -78.377096, 37.994908 ], [ -78.379195, 37.996981 ], [ -78.378769, 37.997699 ], [ -78.379826, 37.998444 ], [ -78.379119, 37.999357 ], [ -78.379529, 38.000555 ], [ -78.380622, 38.001161 ], [ -78.383242, 38.001107 ] ] ] } },
{ "type": "Feature", "properties": { "GEOID": "510030112013", "locality": "albemarle", "factor": 0.842, "factor_lo": 0.833, "factor_hi": 0.852, "n_sales": 109.0, "median_price": 527000.0, "median_ppsf": 259.0, "median_sqft": 2000.0, "est_price": 441000.0, "mo_pay": 2230.0, "mo_delta": -420.0, "dist_mi": 10.7, "drive_mo": 330.0, "allin_mo": 2560.0, "in_zone": "False", "pooled": "False", "unit": "510030112013", "acs_rent": 1216.0, "rent_factor": null, "pred_rent": 1416.0, "renters": 168 }, "geometry": { "type": "Polygon", "coordinates": [ [ [ -78.801293, 37.982694 ], [ -78.79808, 37.984237 ], [ -78.795783, 37.984501 ], [ -78.79266, 37.986191 ], [ -78.7913, 37.987443 ], [ -78.789738, 37.987844 ], [ -78.789065, 37.987849 ], [ -78.785208, 37.98569 ], [ -78.783141, 37.985294 ], [ -78.780192, 37.985573 ], [ -78.778158, 37.986248 ], [ -78.774225, 37.985357 ], [ -78.767105, 37.985689 ], [ -78.765946, 37.98598 ], [ -78.765009, 37.986864 ], [ -78.762358, 37.98734 ], [ -78.756905, 37.986492 ], [ -78.753095, 37.987918 ], [ -78.748826, 37.987672 ], [ -78.746891, 37.988437 ], [ -78.745551, 37.988223 ], [ -78.744962, 37.988569 ], [ -78.744865, 37.989624 ], [ -78.744248, 37.990409 ], [ -78.742999, 37.9903 ], [ -78.742291, 37.989466 ], [ -78.741812, 37.989389 ], [ -78.74114, 37.990411 ], [ -78.739898, 37.990422 ], [ -78.739524, 37.991559 ], [ -78.737851, 37.991708 ], [ -78.737261, 37.991428 ], [ -78.737067, 37.991791 ], [ -78.736554, 37.991774 ], [ -78.735895, 37.993252 ], [ -78.734417, 37.992225 ], [ -78.733556, 37.992209 ], [ -78.733293, 37.992588 ], [ -78.7338, 37.993939 ], [ -78.734446, 37.994488 ], [ -78.734439, 37.995438 ], [ -78.735127, 37.995817 ], [ -78.733788, 37.996333 ], [ -78.733691, 37.996921 ], [ -78.735698, 37.999447 ], [ -78.735641, 38.000378 ], [ -78.735184, 38.001229 ], [ -78.734552, 38.001361 ], [ -78.734025, 38.001894 ], [ -78.732297, 38.002273 ], [ -78.731562, 38.001977 ], [ -78.730971, 38.001181 ], [ -78.729778, 38.001171 ], [ -78.727862, 38.000611 ], [ -78.726981, 38.002374 ], [ -78.725815, 38.002408 ], [ -78.725295, 38.002913 ], [ -78.725122, 38.003896 ], [ -78.725795, 38.005293 ], [ -78.725447, 38.006192 ], [ -78.723837, 38.005815 ], [ -78.722551, 38.006023 ], [ -78.721568, 38.005373 ], [ -78.719301, 38.007879 ], [ -78.717802, 38.006918 ], [ -78.716476, 38.007841 ], [ -78.714658, 38.008083 ], [ -78.714047, 38.006914 ], [ -78.713956, 38.005437 ], [ -78.713546, 38.004816 ], [ -78.712581, 38.003927 ], [ -78.712172, 38.004427 ], [ -78.711415, 38.004405 ], [ -78.70839, 38.007481 ], [ -78.707627, 38.007541 ], [ -78.70694, 38.008458 ], [ -78.703977, 38.01071 ], [ -78.703908, 38.011369 ], [ -78.701895, 38.013352 ], [ -78.701382, 38.014527 ], [ -78.699869, 38.015313 ], [ -78.699418, 38.016713 ], [ -78.697509, 38.018361 ], [ -78.695181, 38.019035 ], [ -78.693963, 38.019043 ], [ -78.691196, 38.020063 ], [ -78.689685, 38.021697 ], [ -78.686486, 38.023744 ], [ -78.68266, 38.023705 ], [ -78.681621, 38.024137 ], [ -78.680997, 38.024992 ], [ -78.681574, 38.026308 ], [ -78.681659, 38.027917 ], [ -78.680738, 38.029237 ], [ -78.679163, 38.029955 ], [ -78.677703, 38.029953 ], [ -78.676705, 38.029277 ], [ -78.676543, 38.028383 ], [ -78.67607, 38.028206 ], [ -78.674411, 38.028695 ], [ -78.67258, 38.028799 ], [ -78.672146, 38.029169 ], [ -78.67148, 38.03132 ], [ -78.660844, 38.030587 ], [ -78.657381, 38.030643 ], [ -78.636637, 38.033191 ], [ -78.636092, 38.031167 ], [ -78.629688, 38.021482 ], [ -78.629321, 38.019684 ], [ -78.625892, 38.014859 ], [ -78.625891, 38.013173 ], [ -78.627428, 38.009592 ], [ -78.626961, 38.007691 ], [ -78.627281, 38.005686 ], [ -78.627014, 38.000064 ], [ -78.628147, 37.998784 ], [ -78.628356, 37.99749 ], [ -78.629287, 37.996098 ], [ -78.632444, 37.989086 ], [ -78.633865, 37.986781 ], [ -78.635757, 37.982251 ], [ -78.638114, 37.979443 ], [ -78.639438, 37.97652 ], [ -78.640477, 37.975319 ], [ -78.639881, 37.97398 ], [ -78.636739, 37.971943 ], [ -78.636015, 37.970882 ], [ -78.635193, 37.968079 ], [ -78.639998, 37.968282 ], [ -78.643915, 37.967373 ], [ -78.645843, 37.966353 ], [ -78.651265, 37.96253 ], [ -78.655428, 37.960618 ], [ -78.65713, 37.959275 ], [ -78.661752, 37.953648 ], [ -78.663499, 37.948427 ], [ -78.666039, 37.943796 ], [ -78.668717, 37.940746 ], [ -78.673775, 37.932588 ], [ -78.67635, 37.929354 ], [ -78.6782, 37.925247 ], [ -78.679578, 37.923478 ], [ -78.681842, 37.921411 ], [ -78.684627, 37.917728 ], [ -78.686414, 37.914676 ], [ -78.689092, 37.912147 ], [ -78.691036, 37.909369 ], [ -78.692575, 37.904649 ], [ -78.694783, 37.900692 ], [ -78.70026, 37.904841 ], [ -78.70365, 37.908872 ], [ -78.705198, 37.909556 ], [ -78.706331, 37.911297 ], [ -78.70916, 37.913663 ], [ -78.711842, 37.915456 ], [ -78.715755, 37.917117 ], [ -78.716994, 37.918343 ], [ -78.718938, 37.918881 ], [ -78.721065, 37.920411 ], [ -78.721821, 37.92138 ], [ -78.723844, 37.92124 ], [ -78.724913, 37.921725 ], [ -78.725543, 37.921296 ], [ -78.730642, 37.921037 ], [ -78.733648, 37.92225 ], [ -78.734261, 37.921669 ], [ -78.736601, 37.921411 ], [ -78.737455, 37.920758 ], [ -78.739035, 37.920466 ], [ -78.74176, 37.920593 ], [ -78.742548, 37.920866 ], [ -78.743171, 37.921545 ], [ -78.745377, 37.921831 ], [ -78.746094, 37.920887 ], [ -78.747213, 37.921309 ], [ -78.747581, 37.920396 ], [ -78.748363, 37.920338 ], [ -78.748733, 37.919329 ], [ -78.749962, 37.918583 ], [ -78.750376, 37.919107 ], [ -78.749933, 37.919899 ], [ -78.750064, 37.920393 ], [ -78.750827, 37.920234 ], [ -78.751273, 37.920521 ], [ -78.752761, 37.919642 ], [ -78.753108, 37.919858 ], [ -78.752923, 37.920452 ], [ -78.753209, 37.920528 ], [ -78.753946, 37.920267 ], [ -78.754023, 37.919532 ], [ -78.756116, 37.91686 ], [ -78.760379, 37.914346 ], [ -78.78668, 37.958944 ], [ -78.801293, 37.982694 ] ] ] } },
{ "type": "Feature", "properties": { "GEOID": "510030106021", "locality": "albemarle", "factor": 1.13, "factor_lo": 1.091, "factor_hi": 1.171, "n_sales": 441.0, "median_price": 584000.0, "median_ppsf": 247.0, "median_sqft": 2332.0, "est_price": 592000.0, "mo_pay": 2990.0, "mo_delta": 340.0, "dist_mi": 3.2, "drive_mo": 100.0, "allin_mo": 3090.0, "in_zone": "False", "pooled": "False", "unit": "510030106021", "acs_rent": 1672.0, "rent_factor": 1.007, "pred_rent": 1660.0, "renters": 506 }, "geometry": { "type": "Polygon", "coordinates": [ [ [ -78.464619, 38.068964 ], [ -78.463752, 38.071514 ], [ -78.461862, 38.073591 ], [ -78.455725, 38.077808 ], [ -78.451885, 38.081109 ], [ -78.444728, 38.085765 ], [ -78.443063, 38.08813 ], [ -78.442338, 38.087445 ], [ -78.442025, 38.086292 ], [ -78.444721, 38.084607 ], [ -78.447173, 38.079434 ], [ -78.44695, 38.078287 ], [ -78.446429, 38.077573 ], [ -78.442977, 38.075476 ], [ -78.440449, 38.074355 ], [ -78.439678, 38.073285 ], [ -78.439858, 38.072049 ], [ -78.443157, 38.069968 ], [ -78.442852, 38.068283 ], [ -78.443025, 38.067596 ], [ -78.447748, 38.065625 ], [ -78.451449, 38.062193 ], [ -78.451665, 38.062396 ], [ -78.451429, 38.063126 ], [ -78.453345, 38.063346 ], [ -78.45403, 38.064315 ], [ -78.455809, 38.064172 ], [ -78.458032, 38.064791 ], [ -78.459141, 38.064413 ], [ -78.461457, 38.062112 ], [ -78.462169, 38.062217 ], [ -78.462444, 38.063074 ], [ -78.464405, 38.064699 ], [ -78.464163, 38.066155 ], [ -78.464619, 38.068964 ] ] ] } },
{ "type": "Feature", "properties": { "GEOID": "510030113011", "locality": "albemarle", "factor": 1.037, "factor_lo": 1.004, "factor_hi": 1.071, "n_sales": 198.0, "median_price": 405000.0, "median_ppsf": 230.0, "median_sqft": 1619.0, "est_price": 543000.0, "mo_pay": 2750.0, "mo_delta": 100.0, "dist_mi": 3.1, "drive_mo": 100.0, "allin_mo": 2840.0, "in_zone": "False", "pooled": "False", "unit": "510030113011", "acs_rent": null, "rent_factor": null, "pred_rent": null, "renters": 10 }, "geometry": { "type": "Polygon", "coordinates": [ [ [ -78.537748, 37.973521 ], [ -78.535318, 37.974609 ], [ -78.534933, 37.974114 ], [ -78.533351, 37.975065 ], [ -78.531954, 37.977702 ], [ -78.5318, 37.978832 ], [ -78.529948, 37.978776 ], [ -78.529123, 37.977694 ], [ -78.52702, 37.97995 ], [ -78.525507, 37.981097 ], [ -78.525436, 37.983217 ], [ -78.524117, 37.984243 ], [ -78.524907, 37.986665 ], [ -78.524337, 37.987829 ], [ -78.523348, 37.993479 ], [ -78.522612, 37.994758 ], [ -78.521884, 37.994862 ], [ -78.521856, 37.995258 ], [ -78.52137, 37.995202 ], [ -78.519884, 37.99714 ], [ -78.519828, 37.997618 ], [ -78.519314, 37.997777 ], [ -78.519036, 37.998837 ], [ -78.518668, 37.999122 ], [ -78.516662, 37.999829 ], [ -78.512985, 37.998367 ], [ -78.51318, 37.997626 ], [ -78.512501, 37.997324 ], [ -78.510502, 37.997174 ], [ -78.510183, 37.996751 ], [ -78.508727, 37.996234 ], [ -78.508018, 37.996783 ], [ -78.507804, 37.996223 ], [ -78.507172, 37.996113 ], [ -78.507119, 37.995687 ], [ -78.506648, 37.996464 ], [ -78.50571, 37.996408 ], [ -78.505067, 37.995896 ], [ -78.505677, 37.994769 ], [ -78.505251, 37.993901 ], [ -78.504149, 37.993587 ], [ -78.502264, 37.993979 ], [ -78.505515, 37.988555 ], [ -78.505602, 37.984502 ], [ -78.505841, 37.982881 ], [ -78.506531, 37.981969 ], [ -78.506333, 37.981678 ], [ -78.508639, 37.979201 ], [ -78.510985, 37.97726 ], [ -78.512064, 37.977577 ], [ -78.514298, 37.977018 ], [ -78.517303, 37.978513 ], [ -78.523356, 37.971248 ], [ -78.52123, 37.97034 ], [ -78.529691, 37.963679 ], [ -78.532049, 37.965384 ], [ -78.532388, 37.968124 ], [ -78.533171, 37.970101 ], [ -78.534263, 37.971253 ], [ -78.535037, 37.971361 ], [ -78.537748, 37.973521 ] ] ] } },
{ "type": "Feature", "properties": { "GEOID": "515400008004", "locality": "cville", "factor": 0.814, "factor_lo": 0.626, "factor_hi": 1.058, "n_sales": 68.0, "median_price": 268500.0, "median_ppsf": 263.0, "median_sqft": 1092.0, "est_price": 426000.0, "mo_pay": 2160.0, "mo_delta": -490.0, "dist_mi": 1.7, "drive_mo": 50.0, "allin_mo": 2210.0, "in_zone": "True", "pooled": "False", "unit": "515400008004", "acs_rent": 1183.0, "rent_factor": 0.851, "pred_rent": 1389.0, "renters": 334 }, "geometry": { "type": "Polygon", "coordinates": [ [ [ -78.503748, 38.057069 ], [ -78.500569, 38.05804 ], [ -78.502402, 38.060463 ], [ -78.495034, 38.065337 ], [ -78.492636, 38.063635 ], [ -78.491579, 38.061895 ], [ -78.485202, 38.068974 ], [ -78.482462, 38.067578 ], [ -78.480332, 38.065819 ], [ -78.481815, 38.065342 ], [ -78.483953, 38.063871 ], [ -78.485826, 38.060159 ], [ -78.487429, 38.058692 ], [ -78.488488, 38.058178 ], [ -78.488476, 38.057579 ], [ -78.48906, 38.056767 ], [ -78.495134, 38.057414 ], [ -78.498973, 38.052775 ], [ -78.500882, 38.054819 ], [ -78.503748, 38.057069 ] ] ] } },
{ "type": "Feature", "properties": { "GEOID": "515400006003", "locality": "cville", "factor": 1.248, "factor_lo": 0.962, "factor_hi": 1.619, "n_sales": 46.0, "median_price": 308750.0, "median_ppsf": 358.0, "median_sqft": 1008.0, "est_price": 654000.0, "mo_pay": 3310.0, "mo_delta": 660.0, "dist_mi": 0.3, "drive_mo": 10.0, "allin_mo": 3320.0, "in_zone": "True", "pooled": "True", "unit": "Lcville", "acs_rent": null, "rent_factor": null, "pred_rent": null, "renters": 44 }, "geometry": { "type": "Polygon", "coordinates": [ [ [ -78.504624, 38.028586 ], [ -78.503645, 38.032057 ], [ -78.501774, 38.032138 ], [ -78.498922, 38.032907 ], [ -78.498047, 38.032209 ], [ -78.49655, 38.031673 ], [ -78.493334, 38.031439 ], [ -78.504624, 38.028586 ] ] ] } },
{ "type": "Feature", "properties": { "GEOID": "515400006002", "locality": "cville", "factor": 1.075, "factor_lo": 0.829, "factor_hi": 1.393, "n_sales": 139.0, "median_price": 226000.0, "median_ppsf": 298.0, "median_sqft": 813.0, "est_price": 563000.0, "mo_pay": 2850.0, "mo_delta": 200.0, "dist_mi": 0.6, "drive_mo": 20.0, "allin_mo": 2860.0, "in_zone": "True", "pooled": "False", "unit": "515400006002", "acs_rent": 1210.0, "rent_factor": 0.813, "pred_rent": 1489.0, "renters": 542 }, "geometry": { "type": "Polygon", "coordinates": [ [ [ -78.513039, 38.029548 ], [ -78.510963, 38.030869 ], [ -78.509613, 38.032161 ], [ -78.503645, 38.032057 ], [ -78.504629, 38.028567 ], [ -78.510448, 38.026633 ], [ -78.512254, 38.028299 ], [ -78.513039, 38.029548 ] ] ] } },
{ "type": "Feature", "properties": { "GEOID": "510030112012", "locality": "albemarle", "factor": 0.898, "factor_lo": 0.892, "factor_hi": 0.903, "n_sales": 90.0, "median_price": 582500.0, "median_ppsf": 272.0, "median_sqft": 2034.0, "est_price": 470000.0, "mo_pay": 2380.0, "mo_delta": -270.0, "dist_mi": 14.0, "drive_mo": 430.0, "allin_mo": 2810.0, "in_zone": "False", "pooled": "False", "unit": "510030112012", "acs_rent": 1483.0, "rent_factor": 0.963, "pred_rent": 1540.0, "renters": 163 }, "geometry": { "type": "Polygon", "coordinates": [ [ [ -78.822259, 38.018986 ], [ -78.820798, 38.020667 ], [ -78.816052, 38.023256 ], [ -78.813447, 38.025448 ], [ -78.814001, 38.029995 ], [ -78.811874, 38.031029 ], [ -78.809487, 38.030951 ], [ -78.806926, 38.029826 ], [ -78.795992, 38.027904 ], [ -78.79308, 38.027961 ], [ -78.787411, 38.029036 ], [ -78.786502, 38.027537 ], [ -78.784469, 38.025982 ], [ -78.777874, 38.024784 ], [ -78.775673, 38.024981 ], [ -78.773785, 38.024623 ], [ -78.772584, 38.024732 ], [ -78.770577, 38.025369 ], [ -78.769112, 38.02623 ], [ -78.768105, 38.027581 ], [ -78.765487, 38.028738 ], [ -78.762936, 38.031851 ], [ -78.756552, 38.036264 ], [ -78.752553, 38.036904 ], [ -78.75085, 38.03838 ], [ -78.748533, 38.038944 ], [ -78.746269, 38.038742 ], [ -78.74279, 38.037772 ], [ -78.739985, 38.038124 ], [ -78.738389, 38.039547 ], [ -78.734793, 38.040537 ], [ -78.732279, 38.040423 ], [ -78.729758, 38.03949 ], [ -78.72639, 38.039744 ], [ -78.72571, 38.03903 ], [ -78.724328, 38.038992 ], [ -78.722091, 38.037746 ], [ -78.718758, 38.037335 ], [ -78.717078, 38.038127 ], [ -78.714967, 38.037462 ], [ -78.714016, 38.037551 ], [ -78.713107, 38.03788 ], [ -78.712031, 38.039001 ], [ -78.710652, 38.039425 ], [ -78.683454, 38.032344 ], [ -78.67148, 38.03132 ], [ -78.672146, 38.029169 ], [ -78.672966, 38.02867 ], [ -78.674411, 38.028695 ], [ -78.676395, 38.028217 ], [ -78.676557, 38.029111 ], [ -78.677703, 38.029953 ], [ -78.679864, 38.029765 ], [ -78.680738, 38.029237 ], [ -78.681659, 38.027917 ], [ -78.681574, 38.026308 ], [ -78.680997, 38.024992 ], [ -78.681621, 38.024137 ], [ -78.68266, 38.023705 ], [ -78.686486, 38.023744 ], [ -78.689685, 38.021697 ], [ -78.691196, 38.020063 ], [ -78.693963, 38.019043 ], [ -78.695181, 38.019035 ], [ -78.697509, 38.018361 ], [ -78.699418, 38.016713 ], [ -78.699869, 38.015313 ], [ -78.701382, 38.014527 ], [ -78.701895, 38.013352 ], [ -78.703908, 38.011369 ], [ -78.703977, 38.01071 ], [ -78.70694, 38.008458 ], [ -78.707627, 38.007541 ], [ -78.70839, 38.007481 ], [ -78.711415, 38.004405 ], [ -78.712172, 38.004427 ], [ -78.712581, 38.003927 ], [ -78.713546, 38.004816 ], [ -78.713956, 38.005437 ], [ -78.714047, 38.006914 ], [ -78.714658, 38.008083 ], [ -78.716476, 38.007841 ], [ -78.717802, 38.006918 ], [ -78.719301, 38.007879 ], [ -78.721568, 38.005373 ], [ -78.722551, 38.006023 ], [ -78.723837, 38.005815 ], [ -78.725447, 38.006192 ], [ -78.725795, 38.005293 ], [ -78.725122, 38.003896 ], [ -78.725295, 38.002913 ], [ -78.725815, 38.002408 ], [ -78.726981, 38.002374 ], [ -78.727862, 38.000611 ], [ -78.729778, 38.001171 ], [ -78.730971, 38.001181 ], [ -78.731562, 38.001977 ], [ -78.732297, 38.002273 ], [ -78.734025, 38.001894 ], [ -78.734552, 38.001361 ], [ -78.735184, 38.001229 ], [ -78.735641, 38.000378 ], [ -78.735698, 37.999447 ], [ -78.733691, 37.996921 ], [ -78.733788, 37.996333 ], [ -78.735127, 37.995817 ], [ -78.734439, 37.995438 ], [ -78.734446, 37.994488 ], [ -78.7338, 37.993939 ], [ -78.733293, 37.992588 ], [ -78.733556, 37.992209 ], [ -78.734417, 37.992225 ], [ -78.735895, 37.993252 ], [ -78.736554, 37.991774 ], [ -78.737067, 37.991791 ], [ -78.737261, 37.991428 ], [ -78.737851, 37.991708 ], [ -78.739524, 37.991559 ], [ -78.739898, 37.990422 ], [ -78.74114, 37.990411 ], [ -78.741812, 37.989389 ], [ -78.742291, 37.989466 ], [ -78.742999, 37.9903 ], [ -78.744248, 37.990409 ], [ -78.744865, 37.989624 ], [ -78.744962, 37.988569 ], [ -78.745551, 37.988223 ], [ -78.746891, 37.988437 ], [ -78.748826, 37.987672 ], [ -78.753095, 37.987918 ], [ -78.756905, 37.986492 ], [ -78.762358, 37.98734 ], [ -78.765009, 37.986864 ], [ -78.765946, 37.98598 ], [ -78.767105, 37.985689 ], [ -78.774225, 37.985357 ], [ -78.778158, 37.986248 ], [ -78.780192, 37.985573 ], [ -78.783141, 37.985294 ], [ -78.785208, 37.98569 ], [ -78.789065, 37.987849 ], [ -78.789738, 37.987844 ], [ -78.7913, 37.987443 ], [ -78.79266, 37.986191 ], [ -78.795783, 37.984501 ], [ -78.79808, 37.984237 ], [ -78.8014, 37.982628 ], [ -78.815754, 38.00695 ], [ -78.822259, 38.018986 ] ] ] } },
{ "type": "Feature", "properties": { "GEOID": "510030114002", "locality": "albemarle", "factor": 0.753, "factor_lo": 0.732, "factor_hi": 0.775, "n_sales": 53.0, "median_price": 330000.0, "median_ppsf": 206.0, "median_sqft": 1768.0, "est_price": 394000.0, "mo_pay": 1990.0, "mo_delta": -650.0, "dist_mi": 15.9, "drive_mo": 490.0, "allin_mo": 2490.0, "in_zone": "False", "pooled": "False", "unit": "510030114002", "acs_rent": 1015.0, "rent_factor": 0.823, "pred_rent": 1233.0, "renters": 143 }, "geometry": { "type": "Polygon", "coordinates": [ [ [ -78.532491, 37.779178 ], [ -78.531981, 37.780091 ], [ -78.53161, 37.78263 ], [ -78.529327, 37.784323 ], [ -78.527524, 37.786514 ], [ -78.52492, 37.7879 ], [ -78.523324, 37.789451 ], [ -78.520493, 37.790502 ], [ -78.520442, 37.79185 ], [ -78.519595, 37.792794 ], [ -78.517578, 37.792597 ], [ -78.516246, 37.790881 ], [ -78.514864, 37.790203 ], [ -78.512747, 37.789987 ], [ -78.510733, 37.790971 ], [ -78.5094, 37.79272 ], [ -78.507901, 37.798367 ], [ -78.502607, 37.797881 ], [ -78.505268, 37.802269 ], [ -78.503879, 37.803035 ], [ -78.50192, 37.803343 ], [ -78.503209, 37.805692 ], [ -78.502638, 37.806471 ], [ -78.502534, 37.807851 ], [ -78.505452, 37.807935 ], [ -78.505407, 37.809174 ], [ -78.50464, 37.808484 ], [ -78.503733, 37.809394 ], [ -78.502057, 37.809646 ], [ -78.50175, 37.810021 ], [ -78.500839, 37.809871 ], [ -78.499029, 37.811376 ], [ -78.49532, 37.812744 ], [ -78.492876, 37.812875 ], [ -78.49232, 37.814182 ], [ -78.4895, 37.817723 ], [ -78.487126, 37.817842 ], [ -78.486028, 37.819003 ], [ -78.484717, 37.819764 ], [ -78.481992, 37.820645 ], [ -78.478346, 37.819961 ], [ -78.474071, 37.820313 ], [ -78.47211, 37.821547 ], [ -78.468477, 37.822604 ], [ -78.491345, 37.796956 ], [ -78.494996, 37.795672 ], [ -78.496659, 37.794018 ], [ -78.498269, 37.791231 ], [ -78.498783, 37.789272 ], [ -78.498612, 37.784663 ], [ -78.495388, 37.772443 ], [ -78.495331, 37.769329 ], [ -78.495788, 37.766 ], [ -78.496601, 37.764369 ], [ -78.49954, 37.761594 ], [ -78.505516, 37.758956 ], [ -78.51048, 37.757494 ], [ -78.511991, 37.757323 ], [ -78.513022, 37.759424 ], [ -78.511308, 37.760715 ], [ -78.511904, 37.762333 ], [ -78.511728, 37.764189 ], [ -78.512722, 37.764942 ], [ -78.512717, 37.76631 ], [ -78.51359, 37.767063 ], [ -78.514076, 37.767998 ], [ -78.517075, 37.769004 ], [ -78.517875, 37.769783 ], [ -78.519858, 37.770596 ], [ -78.521402, 37.771768 ], [ -78.522568, 37.773218 ], [ -78.525171, 37.773547 ], [ -78.527727, 37.774649 ], [ -78.529076, 37.776022 ], [ -78.529356, 37.777293 ], [ -78.530109, 37.778265 ], [ -78.532491, 37.779178 ] ] ] } },
{ "type": "Feature", "properties": { "GEOID": "510030101003", "locality": "albemarle", "factor": 0.959, "factor_lo": 0.95, "factor_hi": 0.967, "n_sales": 124.0, "median_price": 750000.0, "median_ppsf": 274.0, "median_sqft": 2803.0, "est_price": 502000.0, "mo_pay": 2540.0, "mo_delta": -110.0, "dist_mi": 8.2, "drive_mo": 250.0, "allin_mo": 2790.0, "in_zone": "False", "pooled": "False", "unit": "510030101003", "acs_rent": null, "rent_factor": null, "pred_rent": 1519.0, "renters": 57 }, "geometry": { "type": "Polygon", "coordinates": [ [ [ -78.692145, 38.095681 ], [ -78.690643, 38.096519 ], [ -78.685603, 38.10112 ], [ -78.682286, 38.102606 ], [ -78.679423, 38.103153 ], [ -78.67862, 38.103599 ], [ -78.67737, 38.104951 ], [ -78.675335, 38.108766 ], [ -78.671225, 38.111762 ], [ -78.670353, 38.113298 ], [ -78.668405, 38.113973 ], [ -78.665872, 38.113954 ], [ -78.664767, 38.114425 ], [ -78.663435, 38.116289 ], [ -78.661473, 38.117963 ], [ -78.663781, 38.118904 ], [ -78.66383, 38.122372 ], [ -78.66118, 38.127094 ], [ -78.65989, 38.127267 ], [ -78.6587, 38.12784 ], [ -78.657772, 38.127508 ], [ -78.654605, 38.125858 ], [ -78.653347, 38.1241 ], [ -78.651211, 38.123432 ], [ -78.648357, 38.125146 ], [ -78.646414, 38.124887 ], [ -78.643016, 38.123421 ], [ -78.641898, 38.122608 ], [ -78.64062, 38.12286 ], [ -78.637949, 38.122079 ], [ -78.637319, 38.120791 ], [ -78.635509, 38.120133 ], [ -78.634337, 38.121707 ], [ -78.633803, 38.124534 ], [ -78.631095, 38.126812 ], [ -78.629843, 38.126561 ], [ -78.629145, 38.125952 ], [ -78.627745, 38.125933 ], [ -78.62508, 38.124772 ], [ -78.618891, 38.123901 ], [ -78.617367, 38.124009 ], [ -78.616002, 38.123051 ], [ -78.612441, 38.122429 ], [ -78.611744, 38.12491 ], [ -78.610546, 38.126001 ], [ -78.610364, 38.127489 ], [ -78.609621, 38.128187 ], [ -78.60941, 38.129635 ], [ -78.609757, 38.13149 ], [ -78.608126, 38.135447 ], [ -78.606722, 38.136498 ], [ -78.603362, 38.137436 ], [ -78.602064, 38.139168 ], [ -78.601413, 38.139386 ], [ -78.601047, 38.14025 ], [ -78.599497, 38.140505 ], [ -78.598497, 38.141376 ], [ -78.599781, 38.143013 ], [ -78.599884, 38.147067 ], [ -78.599793, 38.148338 ], [ -78.59814, 38.153253 ], [ -78.598414, 38.156339 ], [ -78.597757, 38.158022 ], [ -78.59686, 38.15884 ], [ -78.595067, 38.161686 ], [ -78.592222, 38.163888 ], [ -78.593076, 38.166053 ], [ -78.596461, 38.169463 ], [ -78.597797, 38.176968 ], [ -78.596322, 38.177724 ], [ -78.58792, 38.175768 ], [ -78.584529, 38.173524 ], [ -78.583035, 38.173285 ], [ -78.581253, 38.17391 ], [ -78.578728, 38.175959 ], [ -78.577965, 38.178295 ], [ -78.575108, 38.17911 ], [ -78.574508, 38.180328 ], [ -78.573779, 38.180522 ], [ -78.572916, 38.181533 ], [ -78.572304, 38.181445 ], [ -78.572422, 38.18072 ], [ -78.572088, 38.179968 ], [ -78.567796, 38.179073 ], [ -78.566655, 38.177135 ], [ -78.565188, 38.176443 ], [ -78.564555, 38.173791 ], [ -78.564492, 38.169008 ], [ -78.564088, 38.168058 ], [ -78.562204, 38.167701 ], [ -78.559901, 38.166361 ], [ -78.558858, 38.165488 ], [ -78.558156, 38.164181 ], [ -78.557405, 38.164115 ], [ -78.555102, 38.165779 ], [ -78.553899, 38.165208 ], [ -78.551744, 38.162764 ], [ -78.551104, 38.162731 ], [ -78.550909, 38.162429 ], [ -78.548524, 38.162648 ], [ -78.548134, 38.162088 ], [ -78.548273, 38.16149 ], [ -78.547439, 38.160694 ], [ -78.545471, 38.160616 ], [ -78.54367, 38.158864 ], [ -78.540972, 38.157996 ], [ -78.539366, 38.155954 ], [ -78.538686, 38.153752 ], [ -78.539312, 38.15329 ], [ -78.540382, 38.15351 ], [ -78.54121, 38.153274 ], [ -78.542392, 38.152616 ], [ -78.542643, 38.151325 ], [ -78.543387, 38.151161 ], [ -78.543457, 38.14998 ], [ -78.540662, 38.149282 ], [ -78.538875, 38.14932 ], [ -78.53786, 38.147415 ], [ -78.537791, 38.146888 ], [ -78.53816, 38.146454 ], [ -78.54163, 38.145488 ], [ -78.540969, 38.144802 ], [ -78.539419, 38.144774 ], [ -78.536867, 38.143939 ], [ -78.537076, 38.143555 ], [ -78.538265, 38.143308 ], [ -78.539649, 38.142045 ], [ -78.538996, 38.141584 ], [ -78.539441, 38.141134 ], [ -78.538641, 38.140024 ], [ -78.538878, 38.138833 ], [ -78.538489, 38.138339 ], [ -78.538691, 38.13791 ], [ -78.538147, 38.137643 ], [ -78.539206, 38.135182 ], [ -78.541121, 38.134622 ], [ -78.542409, 38.134917 ], [ -78.543402, 38.135858 ], [ -78.543366, 38.137377 ], [ -78.542155, 38.138909 ], [ -78.541573, 38.140749 ], [ -78.542272, 38.141939 ], [ -78.545388, 38.143404 ], [ -78.547577, 38.142484 ], [ -78.549689, 38.14032 ], [ -78.550075, 38.138125 ], [ -78.551397, 38.137789 ], [ -78.551708, 38.136981 ], [ -78.549684, 38.135455 ], [ -78.547104, 38.134685 ], [ -78.545347, 38.133416 ], [ -78.545266, 38.132969 ], [ -78.546391, 38.132187 ], [ -78.546484, 38.130821 ], [ -78.548143, 38.131132 ], [ -78.549758, 38.129477 ], [ -78.552861, 38.128653 ], [ -78.55401, 38.128746 ], [ -78.555848, 38.129482 ], [ -78.557285, 38.128962 ], [ -78.557679, 38.128293 ], [ -78.555709, 38.127719 ], [ -78.555496, 38.127435 ], [ -78.555873, 38.126836 ], [ -78.557872, 38.125925 ], [ -78.561196, 38.122443 ], [ -78.564096, 38.12246 ], [ -78.564876, 38.122137 ], [ -78.564751, 38.121683 ], [ -78.561595, 38.119995 ], [ -78.561279, 38.119551 ], [ -78.561517, 38.118169 ], [ -78.565861, 38.117633 ], [ -78.567322, 38.117988 ], [ -78.568445, 38.117605 ], [ -78.571214, 38.117386 ], [ -78.572772, 38.118118 ], [ -78.57402, 38.118188 ], [ -78.577589, 38.116196 ], [ -78.579549, 38.116224 ], [ -78.580321, 38.115936 ], [ -78.58008, 38.113614 ], [ -78.582887, 38.111477 ], [ -78.583769, 38.109353 ], [ -78.586638, 38.108132 ], [ -78.587832, 38.106761 ], [ -78.589469, 38.103929 ], [ -78.592433, 38.103483 ], [ -78.593326, 38.102775 ], [ -78.592964, 38.102275 ], [ -78.592094, 38.097888 ], [ -78.592295, 38.097503 ], [ -78.593914, 38.096894 ], [ -78.594351, 38.095169 ], [ -78.598633, 38.096441 ], [ -78.600362, 38.098524 ], [ -78.602442, 38.098641 ], [ -78.606027, 38.096179 ], [ -78.608523, 38.09543 ], [ -78.609647, 38.092198 ], [ -78.611658, 38.091897 ], [ -78.612963, 38.090397 ], [ -78.615375, 38.090803 ], [ -78.617195, 38.090582 ], [ -78.617264, 38.090148 ], [ -78.616666, 38.089358 ], [ -78.617103, 38.088342 ], [ -78.619111, 38.087841 ], [ -78.620715, 38.086621 ], [ -78.621256, 38.085809 ], [ -78.622208, 38.08555 ], [ -78.622666, 38.084863 ], [ -78.623381, 38.084808 ], [ -78.623596, 38.084193 ], [ -78.62556, 38.083086 ], [ -78.625825, 38.082641 ], [ -78.625513, 38.0814 ], [ -78.625847, 38.081021 ], [ -78.626695, 38.080846 ], [ -78.628987, 38.081171 ], [ -78.631933, 38.080607 ], [ -78.631635, 38.079866 ], [ -78.630642, 38.079343 ], [ -78.630198, 38.078739 ], [ -78.630143, 38.077295 ], [ -78.630401, 38.076872 ], [ -78.633249, 38.077522 ], [ -78.635354, 38.077221 ], [ -78.636876, 38.076513 ], [ -78.636938, 38.076118 ], [ -78.636141, 38.074711 ], [ -78.636287, 38.073273 ], [ -78.636628, 38.073048 ], [ -78.638198, 38.073137 ], [ -78.638678, 38.072423 ], [ -78.638185, 38.071577 ], [ -78.637421, 38.071077 ], [ -78.637082, 38.069869 ], [ -78.638937, 38.069007 ], [ -78.639861, 38.068986 ], [ -78.640007, 38.068739 ], [ -78.63941, 38.068508 ], [ -78.639403, 38.068063 ], [ -78.643562, 38.065324 ], [ -78.644224, 38.064512 ], [ -78.643925, 38.063997 ], [ -78.64664, 38.063406 ], [ -78.647781, 38.062644 ], [ -78.647875, 38.061987 ], [ -78.648482, 38.062016 ], [ -78.647693, 38.063331 ], [ -78.647831, 38.063783 ], [ -78.649094, 38.06462 ], [ -78.65123, 38.06486 ], [ -78.650349, 38.067076 ], [ -78.651885, 38.069525 ], [ -78.651257, 38.071728 ], [ -78.651469, 38.072939 ], [ -78.65126, 38.073966 ], [ -78.649268, 38.076684 ], [ -78.650056, 38.077706 ], [ -78.651933, 38.078454 ], [ -78.654001, 38.080332 ], [ -78.654547, 38.081777 ], [ -78.656906, 38.083982 ], [ -78.658559, 38.089544 ], [ -78.663731, 38.089676 ], [ -78.66618, 38.089203 ], [ -78.667586, 38.089818 ], [ -78.671602, 38.08827 ], [ -78.672736, 38.088289 ], [ -78.674747, 38.087 ], [ -78.682339, 38.095083 ], [ -78.691077, 38.094947 ], [ -78.692145, 38.095681 ] ] ] } },
{ "type": "Feature", "properties": { "GEOID": "510030113012", "locality": "albemarle", "factor": 0.669, "factor_lo": 0.661, "factor_hi": 0.678, "n_sales": 83.0, "median_price": 340000.0, "median_ppsf": 207.0, "median_sqft": 1774.0, "est_price": 351000.0, "mo_pay": 1770.0, "mo_delta": -880.0, "dist_mi": 10.9, "drive_mo": 340.0, "allin_mo": 2110.0, "in_zone": "False", "pooled": "False", "unit": "510030113012", "acs_rent": null, "rent_factor": null, "pred_rent": 1378.0, "renters": 116 }, "geometry": { "type": "Polygon", "coordinates": [ [ [ -78.627243, 37.917519 ], [ -78.625373, 37.919938 ], [ -78.625092, 37.921487 ], [ -78.624066, 37.922392 ], [ -78.621175, 37.92312 ], [ -78.617794, 37.92209 ], [ -78.615045, 37.924747 ], [ -78.610409, 37.926136 ], [ -78.606785, 37.927615 ], [ -78.601905, 37.931346 ], [ -78.595721, 37.936952 ], [ -78.589358, 37.938605 ], [ -78.587121, 37.940394 ], [ -78.585221, 37.942831 ], [ -78.583367, 37.940586 ], [ -78.579461, 37.938766 ], [ -78.577613, 37.936594 ], [ -78.576231, 37.936217 ], [ -78.574849, 37.935315 ], [ -78.570413, 37.934223 ], [ -78.568749, 37.932343 ], [ -78.566416, 37.930913 ], [ -78.564567, 37.930505 ], [ -78.564159, 37.929615 ], [ -78.564233, 37.927333 ], [ -78.562079, 37.924638 ], [ -78.558687, 37.921786 ], [ -78.555501, 37.921404 ], [ -78.549974, 37.918223 ], [ -78.550381, 37.917074 ], [ -78.550135, 37.916166 ], [ -78.54811, 37.913822 ], [ -78.54655, 37.912868 ], [ -78.544232, 37.910743 ], [ -78.54305, 37.908547 ], [ -78.542278, 37.909604 ], [ -78.537622, 37.908466 ], [ -78.535795, 37.907589 ], [ -78.535097, 37.906725 ], [ -78.536025, 37.905566 ], [ -78.536058, 37.904462 ], [ -78.534955, 37.90231 ], [ -78.534448, 37.90197 ], [ -78.533458, 37.901962 ], [ -78.531873, 37.902839 ], [ -78.530752, 37.903081 ], [ -78.529581, 37.90235 ], [ -78.525575, 37.90189 ], [ -78.521635, 37.898894 ], [ -78.519485, 37.898487 ], [ -78.516457, 37.898878 ], [ -78.514414, 37.898776 ], [ -78.51124, 37.899501 ], [ -78.509308, 37.900485 ], [ -78.507443, 37.901961 ], [ -78.506083, 37.902022 ], [ -78.504494, 37.90121 ], [ -78.502632, 37.9014 ], [ -78.501026, 37.900937 ], [ -78.499587, 37.901228 ], [ -78.49229, 37.904839 ], [ -78.491015, 37.905084 ], [ -78.484276, 37.903322 ], [ -78.481498, 37.901513 ], [ -78.473414, 37.897876 ], [ -78.469386, 37.897998 ], [ -78.464834, 37.895993 ], [ -78.459927, 37.897407 ], [ -78.456025, 37.899425 ], [ -78.453517, 37.89918 ], [ -78.447231, 37.899801 ], [ -78.438393, 37.899169 ], [ -78.436711, 37.898536 ], [ -78.436156, 37.897958 ], [ -78.43293, 37.896803 ], [ -78.43079, 37.893662 ], [ -78.428209, 37.891447 ], [ -78.421472, 37.888319 ], [ -78.418708, 37.881886 ], [ -78.418526, 37.88065 ], [ -78.4205, 37.87707 ], [ -78.467764, 37.823414 ], [ -78.468748, 37.823737 ], [ -78.469094, 37.824559 ], [ -78.468625, 37.827375 ], [ -78.468654, 37.829945 ], [ -78.469681, 37.830814 ], [ -78.470424, 37.832572 ], [ -78.470492, 37.833793 ], [ -78.471792, 37.836635 ], [ -78.473831, 37.83889 ], [ -78.474167, 37.839689 ], [ -78.476871, 37.839844 ], [ -78.478444, 37.839579 ], [ -78.479951, 37.838849 ], [ -78.481508, 37.837487 ], [ -78.485, 37.836517 ], [ -78.485975, 37.834679 ], [ -78.486736, 37.832051 ], [ -78.487244, 37.831677 ], [ -78.490775, 37.831208 ], [ -78.49447, 37.832392 ], [ -78.504372, 37.838942 ], [ -78.507619, 37.841849 ], [ -78.509416, 37.84439 ], [ -78.512987, 37.847797 ], [ -78.516156, 37.849484 ], [ -78.52502, 37.856671 ], [ -78.530272, 37.85652 ], [ -78.530913, 37.855941 ], [ -78.531898, 37.856164 ], [ -78.534044, 37.857649 ], [ -78.53836, 37.859503 ], [ -78.547558, 37.86161 ], [ -78.553195, 37.864771 ], [ -78.554612, 37.865071 ], [ -78.555546, 37.864829 ], [ -78.558399, 37.865859 ], [ -78.569088, 37.87549 ], [ -78.574152, 37.878151 ], [ -78.576154, 37.879652 ], [ -78.581347, 37.881849 ], [ -78.584537, 37.884213 ], [ -78.586028, 37.88598 ], [ -78.591624, 37.887616 ], [ -78.600611, 37.891977 ], [ -78.602388, 37.891551 ], [ -78.603179, 37.892152 ], [ -78.605194, 37.892578 ], [ -78.609483, 37.895663 ], [ -78.612073, 37.898961 ], [ -78.612316, 37.904242 ], [ -78.614183, 37.90679 ], [ -78.615631, 37.907604 ], [ -78.619916, 37.908783 ], [ -78.621877, 37.909839 ], [ -78.622453, 37.910632 ], [ -78.622361, 37.911953 ], [ -78.6236, 37.91556 ], [ -78.625811, 37.91708 ], [ -78.627243, 37.917519 ] ] ] } },
{ "type": "Feature", "properties": { "GEOID": "510030102011", "locality": "albemarle", "factor": 0.834, "factor_lo": 0.824, "factor_hi": 0.845, "n_sales": 215.0, "median_price": 437000.0, "median_ppsf": 219.0, "median_sqft": 2017.0, "est_price": 437000.0, "mo_pay": 2210.0, "mo_delta": -440.0, "dist_mi": 9.1, "drive_mo": 280.0, "allin_mo": 2490.0, "in_zone": "False", "pooled": "False", "unit": "510030102011", "acs_rent": 1750.0, "rent_factor": null, "pred_rent": 1688.0, "renters": 40 }, "geometry": { "type": "Polygon", "coordinates": [ [ [ -78.49412, 38.174518 ], [ -78.492759, 38.176744 ], [ -78.49276, 38.178167 ], [ -78.493583, 38.180668 ], [ -78.49318, 38.181875 ], [ -78.492118, 38.1828 ], [ -78.490664, 38.182567 ], [ -78.488248, 38.182715 ], [ -78.487099, 38.183688 ], [ -78.487019, 38.184619 ], [ -78.485929, 38.186247 ], [ -78.484121, 38.191103 ], [ -78.482802, 38.192949 ], [ -78.482338, 38.195386 ], [ -78.481142, 38.196492 ], [ -78.479965, 38.198656 ], [ -78.478049, 38.199566 ], [ -78.476801, 38.201004 ], [ -78.474408, 38.201351 ], [ -78.47128, 38.203393 ], [ -78.468993, 38.209269 ], [ -78.465694, 38.213302 ], [ -78.465449, 38.214047 ], [ -78.442376, 38.207283 ], [ -78.438379, 38.205844 ], [ -78.439593, 38.198463 ], [ -78.437305, 38.193974 ], [ -78.436824, 38.190137 ], [ -78.437437, 38.189551 ], [ -78.438571, 38.189729 ], [ -78.43826, 38.18729 ], [ -78.439074, 38.18546 ], [ -78.438607, 38.184465 ], [ -78.439135, 38.183405 ], [ -78.439858, 38.183514 ], [ -78.44155, 38.181168 ], [ -78.443056, 38.18037 ], [ -78.443101, 38.179795 ], [ -78.442346, 38.177871 ], [ -78.440332, 38.176309 ], [ -78.439128, 38.176243 ], [ -78.438756, 38.175064 ], [ -78.437844, 38.17515 ], [ -78.437564, 38.174833 ], [ -78.437818, 38.174093 ], [ -78.43722, 38.173462 ], [ -78.437587, 38.170974 ], [ -78.436241, 38.169363 ], [ -78.433054, 38.166832 ], [ -78.431907, 38.16692 ], [ -78.428098, 38.166187 ], [ -78.426694, 38.165403 ], [ -78.426161, 38.164309 ], [ -78.424672, 38.163353 ], [ -78.426681, 38.161835 ], [ -78.430277, 38.161878 ], [ -78.430968, 38.161626 ], [ -78.43225, 38.159843 ], [ -78.432938, 38.159369 ], [ -78.432811, 38.157948 ], [ -78.433245, 38.15672 ], [ -78.435179, 38.154956 ], [ -78.435919, 38.153617 ], [ -78.438892, 38.151163 ], [ -78.440976, 38.151279 ], [ -78.442476, 38.150552 ], [ -78.444109, 38.147441 ], [ -78.446491, 38.146112 ], [ -78.447612, 38.14468 ], [ -78.447546, 38.143753 ], [ -78.446326, 38.142249 ], [ -78.446033, 38.14132 ], [ -78.446378, 38.138995 ], [ -78.447104, 38.137501 ], [ -78.449741, 38.135444 ], [ -78.452891, 38.130407 ], [ -78.455419, 38.128325 ], [ -78.457254, 38.127606 ], [ -78.459718, 38.127651 ], [ -78.46009, 38.128069 ], [ -78.459734, 38.129975 ], [ -78.458281, 38.133916 ], [ -78.458664, 38.135111 ], [ -78.466117, 38.142998 ], [ -78.472845, 38.146937 ], [ -78.47522, 38.149149 ], [ -78.479444, 38.151516 ], [ -78.480778, 38.153806 ], [ -78.482416, 38.155645 ], [ -78.483006, 38.158206 ], [ -78.487044, 38.160845 ], [ -78.48916, 38.163189 ], [ -78.490795, 38.16632 ], [ -78.493158, 38.169617 ], [ -78.493592, 38.170824 ], [ -78.493505, 38.172892 ], [ -78.49412, 38.174518 ] ] ] } },
{ "type": "Feature", "properties": { "GEOID": "510030101002", "locality": "albemarle", "factor": 0.873, "factor_lo": 0.861, "factor_hi": 0.886, "n_sales": 70.0, "median_price": 481500.0, "median_ppsf": 253.0, "median_sqft": 1620.0, "est_price": 458000.0, "mo_pay": 2310.0, "mo_delta": -340.0, "dist_mi": 12.2, "drive_mo": 380.0, "allin_mo": 2690.0, "in_zone": "False", "pooled": "False", "unit": "510030101002", "acs_rent": null, "rent_factor": null, "pred_rent": 1322.0, "renters": 77 }, "geometry": { "type": "Polygon", "coordinates": [ [ [ -78.788036, 38.126787 ], [ -78.78594, 38.129031 ], [ -78.783489, 38.129318 ], [ -78.782192, 38.129917 ], [ -78.779496, 38.132092 ], [ -78.779232, 38.134344 ], [ -78.77946, 38.137125 ], [ -78.779075, 38.139889 ], [ -78.777964, 38.140406 ], [ -78.776533, 38.140458 ], [ -78.775432, 38.141008 ], [ -78.77411, 38.145517 ], [ -78.774145, 38.14984 ], [ -78.773503, 38.151598 ], [ -78.771874, 38.15365 ], [ -78.771478, 38.155163 ], [ -78.771943, 38.155843 ], [ -78.771915, 38.156527 ], [ -78.770754, 38.160602 ], [ -78.77039, 38.161022 ], [ -78.770463, 38.162855 ], [ -78.771671, 38.165228 ], [ -78.771769, 38.166101 ], [ -78.769158, 38.168962 ], [ -78.76817, 38.17106 ], [ -78.768637, 38.171582 ], [ -78.768348, 38.173465 ], [ -78.767415, 38.174542 ], [ -78.767333, 38.175237 ], [ -78.766994, 38.175664 ], [ -78.76603, 38.175957 ], [ -78.765153, 38.176922 ], [ -78.764901, 38.177887 ], [ -78.763426, 38.178091 ], [ -78.761957, 38.180268 ], [ -78.76188, 38.182554 ], [ -78.76106, 38.183407 ], [ -78.760197, 38.183794 ], [ -78.758995, 38.18554 ], [ -78.756822, 38.187197 ], [ -78.756453, 38.188348 ], [ -78.756694, 38.189443 ], [ -78.756494, 38.190433 ], [ -78.754943, 38.192709 ], [ -78.753185, 38.193622 ], [ -78.752611, 38.194238 ], [ -78.752345, 38.195896 ], [ -78.75279, 38.197072 ], [ -78.7511, 38.198359 ], [ -78.750933, 38.198948 ], [ -78.751953, 38.200095 ], [ -78.75229, 38.201284 ], [ -78.751859, 38.202583 ], [ -78.746471, 38.211565 ], [ -78.745174, 38.214431 ], [ -78.742136, 38.21772 ], [ -78.740543, 38.218945 ], [ -78.738658, 38.219483 ], [ -78.73764, 38.219294 ], [ -78.736386, 38.220098 ], [ -78.73414, 38.222714 ], [ -78.730498, 38.225835 ], [ -78.72986, 38.227004 ], [ -78.728334, 38.228292 ], [ -78.726905, 38.228839 ], [ -78.726315, 38.229619 ], [ -78.726812, 38.230981 ], [ -78.726272, 38.231955 ], [ -78.724745, 38.232775 ], [ -78.722426, 38.233013 ], [ -78.721097, 38.234339 ], [ -78.715574, 38.235867 ], [ -78.711239, 38.238639 ], [ -78.710556, 38.239722 ], [ -78.7107, 38.241289 ], [ -78.710006, 38.242445 ], [ -78.706735, 38.24465 ], [ -78.706566, 38.246438 ], [ -78.704336, 38.246991 ], [ -78.702277, 38.246198 ], [ -78.697744, 38.245738 ], [ -78.695236, 38.246457 ], [ -78.689787, 38.248838 ], [ -78.689397, 38.249855 ], [ -78.688249, 38.250144 ], [ -78.687271, 38.251073 ], [ -78.686347, 38.251406 ], [ -78.685286, 38.252822 ], [ -78.682488, 38.254616 ], [ -78.681032, 38.254905 ], [ -78.678847, 38.254409 ], [ -78.676213, 38.253154 ], [ -78.675448, 38.251696 ], [ -78.673848, 38.249844 ], [ -78.671603, 38.247925 ], [ -78.669806, 38.247327 ], [ -78.669727, 38.248464 ], [ -78.668725, 38.250675 ], [ -78.665093, 38.251962 ], [ -78.662188, 38.253476 ], [ -78.660079, 38.255375 ], [ -78.658975, 38.258043 ], [ -78.656532, 38.259058 ], [ -78.655149, 38.260632 ], [ -78.657236, 38.260566 ], [ -78.658082, 38.260899 ], [ -78.659777, 38.262522 ], [ -78.662158, 38.263643 ], [ -78.6625, 38.264783 ], [ -78.664857, 38.265249 ], [ -78.666398, 38.266053 ], [ -78.66374, 38.267203 ], [ -78.661373, 38.268822 ], [ -78.660646, 38.270257 ], [ -78.660758, 38.270949 ], [ -78.662049, 38.271812 ], [ -78.663373, 38.274968 ], [ -78.663898, 38.276676 ], [ -78.663145, 38.277933 ], [ -78.620785, 38.263271 ], [ -78.620974, 38.261973 ], [ -78.621731, 38.260938 ], [ -78.623191, 38.260786 ], [ -78.623792, 38.259787 ], [ -78.623262, 38.258242 ], [ -78.623439, 38.257461 ], [ -78.622654, 38.256719 ], [ -78.622417, 38.255981 ], [ -78.623395, 38.253795 ], [ -78.621563, 38.251212 ], [ -78.621091, 38.249951 ], [ -78.62026, 38.245923 ], [ -78.620584, 38.243287 ], [ -78.619888, 38.241498 ], [ -78.617686, 38.240468 ], [ -78.615139, 38.240352 ], [ -78.613588, 38.239638 ], [ -78.608276, 38.238781 ], [ -78.60553, 38.238404 ], [ -78.603874, 38.238997 ], [ -78.602862, 38.238964 ], [ -78.599591, 38.236379 ], [ -78.598032, 38.23624 ], [ -78.597674, 38.235229 ], [ -78.597042, 38.234674 ], [ -78.595387, 38.234285 ], [ -78.594238, 38.233409 ], [ -78.592124, 38.231485 ], [ -78.591888, 38.230696 ], [ -78.590717, 38.22939 ], [ -78.590408, 38.228232 ], [ -78.588368, 38.227711 ], [ -78.586397, 38.226372 ], [ -78.584196, 38.2261 ], [ -78.583491, 38.225431 ], [ -78.582816, 38.223734 ], [ -78.582556, 38.22054 ], [ -78.581688, 38.218663 ], [ -78.582637, 38.216503 ], [ -78.582822, 38.214963 ], [ -78.582422, 38.214322 ], [ -78.580218, 38.212844 ], [ -78.579082, 38.211685 ], [ -78.578316, 38.209106 ], [ -78.57975, 38.206513 ], [ -78.578561, 38.200702 ], [ -78.578576, 38.198991 ], [ -78.577972, 38.197543 ], [ -78.573783, 38.191131 ], [ -78.571998, 38.18973 ], [ -78.572104, 38.189191 ], [ -78.572966, 38.188332 ], [ -78.574279, 38.18757 ], [ -78.574794, 38.186484 ], [ -78.574863, 38.18493 ], [ -78.573939, 38.183367 ], [ -78.574494, 38.181781 ], [ -78.574645, 38.179617 ], [ -78.575301, 38.179025 ], [ -78.577965, 38.178295 ], [ -78.578728, 38.175959 ], [ -78.581253, 38.17391 ], [ -78.583035, 38.173285 ], [ -78.584359, 38.17344 ], [ -78.587831, 38.175732 ], [ -78.589343, 38.176128 ], [ -78.596322, 38.177724 ], [ -78.597797, 38.176968 ], [ -78.596419, 38.169348 ], [ -78.593076, 38.166053 ], [ -78.592222, 38.163888 ], [ -78.595067, 38.161686 ], [ -78.59686, 38.15884 ], [ -78.597757, 38.158022 ], [ -78.598414, 38.156339 ], [ -78.59814, 38.153253 ], [ -78.599793, 38.148338 ], [ -78.599884, 38.147067 ], [ -78.599781, 38.143013 ], [ -78.598514, 38.141319 ], [ -78.599497, 38.140505 ], [ -78.601047, 38.14025 ], [ -78.601413, 38.139386 ], [ -78.602064, 38.139168 ], [ -78.603362, 38.137436 ], [ -78.606722, 38.136498 ], [ -78.608126, 38.135447 ], [ -78.609757, 38.13149 ], [ -78.60941, 38.129635 ], [ -78.609621, 38.128187 ], [ -78.610364, 38.127489 ], [ -78.610546, 38.126001 ], [ -78.611744, 38.12491 ], [ -78.612441, 38.122429 ], [ -78.616002, 38.123051 ], [ -78.617367, 38.124009 ], [ -78.618891, 38.123901 ], [ -78.62508, 38.124772 ], [ -78.627745, 38.125933 ], [ -78.629145, 38.125952 ], [ -78.629843, 38.126561 ], [ -78.631095, 38.126812 ], [ -78.633803, 38.124534 ], [ -78.634337, 38.121707 ], [ -78.635509, 38.120133 ], [ -78.637319, 38.120791 ], [ -78.637949, 38.122079 ], [ -78.64062, 38.12286 ], [ -78.641898, 38.122608 ], [ -78.643016, 38.123421 ], [ -78.646414, 38.124887 ], [ -78.648357, 38.125146 ], [ -78.651211, 38.123432 ], [ -78.653347, 38.1241 ], [ -78.654605, 38.125858 ], [ -78.657772, 38.127508 ], [ -78.6587, 38.12784 ], [ -78.65989, 38.127267 ], [ -78.66118, 38.127094 ], [ -78.66383, 38.122372 ], [ -78.663781, 38.118904 ], [ -78.661473, 38.117963 ], [ -78.663435, 38.116289 ], [ -78.664767, 38.114425 ], [ -78.665872, 38.113954 ], [ -78.668405, 38.113973 ], [ -78.670353, 38.113298 ], [ -78.671225, 38.111762 ], [ -78.675335, 38.108766 ], [ -78.67737, 38.104951 ], [ -78.678829, 38.103431 ], [ -78.682286, 38.102606 ], [ -78.685603, 38.10112 ], [ -78.690643, 38.096519 ], [ -78.69267, 38.095427 ], [ -78.692151, 38.098257 ], [ -78.694571, 38.100407 ], [ -78.694474, 38.102351 ], [ -78.69585, 38.104246 ], [ -78.695211, 38.105618 ], [ -78.695948, 38.106459 ], [ -78.702884, 38.108539 ], [ -78.704858, 38.108479 ], [ -78.712314, 38.109368 ], [ -78.713082, 38.110162 ], [ -78.714634, 38.110583 ], [ -78.732649, 38.108316 ], [ -78.742547, 38.106441 ], [ -78.743727, 38.106118 ], [ -78.744094, 38.105144 ], [ -78.745248, 38.104759 ], [ -78.750928, 38.100805 ], [ -78.754118, 38.100848 ], [ -78.75947, 38.099202 ], [ -78.763391, 38.099235 ], [ -78.769792, 38.095679 ], [ -78.770819, 38.095387 ], [ -78.772626, 38.095474 ], [ -78.773706, 38.094961 ], [ -78.775282, 38.094768 ], [ -78.780301, 38.096343 ], [ -78.781133, 38.097248 ], [ -78.780703, 38.098949 ], [ -78.782744, 38.099231 ], [ -78.783749, 38.099851 ], [ -78.783819, 38.100812 ], [ -78.78295, 38.101528 ], [ -78.78256, 38.102673 ], [ -78.781657, 38.102922 ], [ -78.780155, 38.104242 ], [ -78.779041, 38.106491 ], [ -78.779211, 38.106875 ], [ -78.780972, 38.107639 ], [ -78.781049, 38.108112 ], [ -78.779988, 38.109563 ], [ -78.780553, 38.111077 ], [ -78.780407, 38.112072 ], [ -78.780654, 38.112784 ], [ -78.782742, 38.113284 ], [ -78.783798, 38.114321 ], [ -78.78579, 38.114494 ], [ -78.785853, 38.116112 ], [ -78.786231, 38.116779 ], [ -78.787544, 38.117288 ], [ -78.786896, 38.118559 ], [ -78.785676, 38.118933 ], [ -78.785294, 38.119701 ], [ -78.785356, 38.120743 ], [ -78.787124, 38.12146 ], [ -78.787288, 38.125134 ], [ -78.788036, 38.126787 ] ] ] } },
{ "type": "Feature", "properties": { "GEOID": "510030102021", "locality": "albemarle", "factor": 0.959, "factor_lo": 0.944, "factor_hi": 0.974, "n_sales": 141.0, "median_price": 795000.0, "median_ppsf": 270.0, "median_sqft": 3133.0, "est_price": 502000.0, "mo_pay": 2540.0, "mo_delta": -110.0, "dist_mi": 5.1, "drive_mo": 160.0, "allin_mo": 2700.0, "in_zone": "False", "pooled": "False", "unit": "510030102021", "acs_rent": null, "rent_factor": null, "pred_rent": 1709.0, "renters": 104 }, "geometry": { "type": "Polygon", "coordinates": [ [ [ -78.593326, 38.102775 ], [ -78.592433, 38.103483 ], [ -78.589469, 38.103929 ], [ -78.587832, 38.106761 ], [ -78.586638, 38.108132 ], [ -78.583769, 38.109353 ], [ -78.582887, 38.111477 ], [ -78.58008, 38.113614 ], [ -78.580422, 38.115514 ], [ -78.579991, 38.116142 ], [ -78.577589, 38.116196 ], [ -78.57402, 38.118188 ], [ -78.572772, 38.118118 ], [ -78.571214, 38.117386 ], [ -78.568445, 38.117605 ], [ -78.567322, 38.117988 ], [ -78.565861, 38.117633 ], [ -78.561991, 38.117947 ], [ -78.561263, 38.118641 ], [ -78.561279, 38.119551 ], [ -78.562207, 38.120374 ], [ -78.564751, 38.121683 ], [ -78.564876, 38.122137 ], [ -78.564096, 38.12246 ], [ -78.561196, 38.122443 ], [ -78.557872, 38.125925 ], [ -78.555873, 38.126836 ], [ -78.555496, 38.127435 ], [ -78.555709, 38.127719 ], [ -78.557679, 38.128293 ], [ -78.557285, 38.128962 ], [ -78.555848, 38.129482 ], [ -78.55401, 38.128746 ], [ -78.552861, 38.128653 ], [ -78.549758, 38.129477 ], [ -78.548143, 38.131132 ], [ -78.546484, 38.130821 ], [ -78.546391, 38.132187 ], [ -78.545266, 38.132969 ], [ -78.545347, 38.133416 ], [ -78.547104, 38.134685 ], [ -78.549684, 38.135455 ], [ -78.551708, 38.136981 ], [ -78.551397, 38.137789 ], [ -78.550075, 38.138125 ], [ -78.549689, 38.14032 ], [ -78.548255, 38.142001 ], [ -78.545388, 38.143404 ], [ -78.542272, 38.141939 ], [ -78.541608, 38.14119 ], [ -78.54198, 38.139247 ], [ -78.543579, 38.136682 ], [ -78.543402, 38.135858 ], [ -78.542409, 38.134917 ], [ -78.540849, 38.134583 ], [ -78.539206, 38.135182 ], [ -78.538147, 38.137643 ], [ -78.537279, 38.138135 ], [ -78.534951, 38.138852 ], [ -78.532967, 38.13853 ], [ -78.532576, 38.136841 ], [ -78.533258, 38.133999 ], [ -78.532161, 38.131735 ], [ -78.532259, 38.129709 ], [ -78.531628, 38.128921 ], [ -78.530211, 38.128197 ], [ -78.528303, 38.128738 ], [ -78.526127, 38.128286 ], [ -78.525742, 38.127807 ], [ -78.525664, 38.123197 ], [ -78.523389, 38.121409 ], [ -78.522552, 38.121269 ], [ -78.520808, 38.122431 ], [ -78.519024, 38.122683 ], [ -78.516039, 38.124858 ], [ -78.514136, 38.127607 ], [ -78.512139, 38.128064 ], [ -78.510506, 38.127937 ], [ -78.50814, 38.126683 ], [ -78.504079, 38.125733 ], [ -78.500812, 38.123766 ], [ -78.50046, 38.12234 ], [ -78.501545, 38.114895 ], [ -78.501146, 38.114082 ], [ -78.499846, 38.112606 ], [ -78.498028, 38.111733 ], [ -78.494797, 38.108489 ], [ -78.491859, 38.107815 ], [ -78.49021, 38.10703 ], [ -78.488114, 38.105276 ], [ -78.486207, 38.102398 ], [ -78.485321, 38.09865 ], [ -78.486312, 38.096606 ], [ -78.488187, 38.093928 ], [ -78.489639, 38.095866 ], [ -78.491796, 38.096159 ], [ -78.49295, 38.0976 ], [ -78.495073, 38.098569 ], [ -78.494825, 38.099282 ], [ -78.495054, 38.099636 ], [ -78.496449, 38.099481 ], [ -78.496879, 38.098248 ], [ -78.496564, 38.097379 ], [ -78.495435, 38.096454 ], [ -78.495435, 38.09605 ], [ -78.497403, 38.096354 ], [ -78.501479, 38.098408 ], [ -78.502234, 38.098295 ], [ -78.502774, 38.097003 ], [ -78.504703, 38.095886 ], [ -78.504614, 38.094393 ], [ -78.505573, 38.093092 ], [ -78.507478, 38.09166 ], [ -78.508223, 38.090084 ], [ -78.511212, 38.088235 ], [ -78.511075, 38.086165 ], [ -78.512119, 38.083728 ], [ -78.512426, 38.081932 ], [ -78.513009, 38.081746 ], [ -78.514496, 38.082032 ], [ -78.516349, 38.083603 ], [ -78.517301, 38.083999 ], [ -78.517454, 38.083571 ], [ -78.516934, 38.082626 ], [ -78.517198, 38.081934 ], [ -78.517942, 38.08188 ], [ -78.519393, 38.082995 ], [ -78.51983, 38.083012 ], [ -78.519998, 38.081837 ], [ -78.520832, 38.081425 ], [ -78.521006, 38.080047 ], [ -78.522201, 38.079734 ], [ -78.522209, 38.079273 ], [ -78.520827, 38.078652 ], [ -78.520841, 38.078098 ], [ -78.525176, 38.077946 ], [ -78.528273, 38.079039 ], [ -78.52919, 38.078946 ], [ -78.529468, 38.078523 ], [ -78.529149, 38.077886 ], [ -78.529219, 38.076871 ], [ -78.527462, 38.076167 ], [ -78.527275, 38.075821 ], [ -78.528053, 38.074701 ], [ -78.528804, 38.074306 ], [ -78.529581, 38.075125 ], [ -78.530408, 38.074625 ], [ -78.531575, 38.074706 ], [ -78.535909, 38.078389 ], [ -78.537387, 38.079007 ], [ -78.539722, 38.080831 ], [ -78.542578, 38.082142 ], [ -78.543549, 38.082929 ], [ -78.54371, 38.085639 ], [ -78.543163, 38.087463 ], [ -78.543184, 38.088969 ], [ -78.542547, 38.09081 ], [ -78.543079, 38.092253 ], [ -78.542936, 38.095145 ], [ -78.545218, 38.099011 ], [ -78.547645, 38.100851 ], [ -78.560297, 38.104193 ], [ -78.574999, 38.101459 ], [ -78.577813, 38.102554 ], [ -78.579143, 38.103898 ], [ -78.581207, 38.104528 ], [ -78.583026, 38.104213 ], [ -78.585088, 38.104297 ], [ -78.589691, 38.10266 ], [ -78.593326, 38.102775 ] ] ] } },
{ "type": "Feature", "properties": { "GEOID": "510030113013", "locality": "albemarle", "factor": 0.739, "factor_lo": 0.73, "factor_hi": 0.748, "n_sales": 127.0, "median_price": 330000.0, "median_ppsf": 224.0, "median_sqft": 1440.0, "est_price": 387000.0, "mo_pay": 1960.0, "mo_delta": -690.0, "dist_mi": 7.5, "drive_mo": 230.0, "allin_mo": 2190.0, "in_zone": "False", "pooled": "False", "unit": "510030113013", "acs_rent": 1063.0, "rent_factor": null, "pred_rent": 1305.0, "renters": 41 }, "geometry": { "type": "Polygon", "coordinates": [ [ [ -78.502372, 37.928194 ], [ -78.500376, 37.931733 ], [ -78.500879, 37.933203 ], [ -78.500783, 37.9346 ], [ -78.499968, 37.936433 ], [ -78.498364, 37.937919 ], [ -78.497906, 37.940467 ], [ -78.49236, 37.945293 ], [ -78.491634, 37.945343 ], [ -78.488317, 37.943984 ], [ -78.48678, 37.945114 ], [ -78.481757, 37.947521 ], [ -78.478691, 37.950094 ], [ -78.470067, 37.956189 ], [ -78.461051, 37.96549 ], [ -78.460221, 37.967233 ], [ -78.460157, 37.968495 ], [ -78.458819, 37.969171 ], [ -78.455402, 37.971846 ], [ -78.453377, 37.975305 ], [ -78.451981, 37.976546 ], [ -78.451019, 37.977963 ], [ -78.449349, 37.981088 ], [ -78.445388, 37.985082 ], [ -78.444359, 37.987948 ], [ -78.442989, 37.989449 ], [ -78.434582, 37.985945 ], [ -78.432495, 37.983234 ], [ -78.431569, 37.982544 ], [ -78.425468, 37.980703 ], [ -78.417565, 37.977629 ], [ -78.416662, 37.976638 ], [ -78.415739, 37.974082 ], [ -78.410803, 37.970011 ], [ -78.409474, 37.969853 ], [ -78.401666, 37.971147 ], [ -78.398346, 37.971362 ], [ -78.394593, 37.970886 ], [ -78.389714, 37.971225 ], [ -78.388039, 37.970667 ], [ -78.386933, 37.969586 ], [ -78.386657, 37.96802 ], [ -78.385969, 37.966893 ], [ -78.382987, 37.963652 ], [ -78.381006, 37.959952 ], [ -78.380661, 37.957833 ], [ -78.381362, 37.95498 ], [ -78.38101, 37.953822 ], [ -78.376772, 37.949152 ], [ -78.374581, 37.948142 ], [ -78.370624, 37.947874 ], [ -78.369211, 37.94484 ], [ -78.3694, 37.942231 ], [ -78.366568, 37.938288 ], [ -78.4205, 37.87707 ], [ -78.42004, 37.878298 ], [ -78.418732, 37.880089 ], [ -78.418506, 37.881055 ], [ -78.421232, 37.888065 ], [ -78.422053, 37.888722 ], [ -78.428209, 37.891447 ], [ -78.43079, 37.893662 ], [ -78.43293, 37.896803 ], [ -78.436156, 37.897958 ], [ -78.437656, 37.898963 ], [ -78.447231, 37.899801 ], [ -78.453517, 37.89918 ], [ -78.456025, 37.899425 ], [ -78.459927, 37.897407 ], [ -78.464834, 37.895993 ], [ -78.469386, 37.897998 ], [ -78.471972, 37.897753 ], [ -78.473618, 37.897948 ], [ -78.481498, 37.901513 ], [ -78.484276, 37.903322 ], [ -78.488401, 37.904388 ], [ -78.488876, 37.905866 ], [ -78.489824, 37.907121 ], [ -78.490509, 37.908861 ], [ -78.495152, 37.911242 ], [ -78.497021, 37.912893 ], [ -78.49706, 37.916552 ], [ -78.495894, 37.919547 ], [ -78.496016, 37.920705 ], [ -78.497738, 37.924293 ], [ -78.500185, 37.92579 ], [ -78.500587, 37.926515 ], [ -78.502208, 37.927671 ], [ -78.502372, 37.928194 ] ] ] } },
{ "type": "Feature", "properties": { "GEOID": "510030110001", "locality": "albemarle", "factor": 1.407, "factor_lo": 1.345, "factor_hi": 1.471, "n_sales": 108.0, "median_price": 1576798.0, "median_ppsf": 450.0, "median_sqft": 3967.0, "est_price": 737000.0, "mo_pay": 3730.0, "mo_delta": 1080.0, "dist_mi": 3.7, "drive_mo": 120.0, "allin_mo": 3840.0, "in_zone": "False", "pooled": "False", "unit": "510030110001", "acs_rent": null, "rent_factor": null, "pred_rent": null, "renters": 91 }, "geometry": { "type": "Polygon", "coordinates": [ [ [ -78.58691, 38.084475 ], [ -78.583733, 38.090432 ], [ -78.580721, 38.092015 ], [ -78.580567, 38.092759 ], [ -78.580931, 38.095212 ], [ -78.576263, 38.098426 ], [ -78.575509, 38.099582 ], [ -78.575145, 38.101455 ], [ -78.560297, 38.104193 ], [ -78.556795, 38.103451 ], [ -78.547224, 38.10064 ], [ -78.545218, 38.099011 ], [ -78.542936, 38.095145 ], [ -78.543079, 38.092253 ], [ -78.542547, 38.09081 ], [ -78.543184, 38.088969 ], [ -78.543163, 38.087463 ], [ -78.54371, 38.085639 ], [ -78.543549, 38.082929 ], [ -78.542578, 38.082142 ], [ -78.539722, 38.080831 ], [ -78.537387, 38.079007 ], [ -78.535909, 38.078389 ], [ -78.531297, 38.074469 ], [ -78.531921, 38.073215 ], [ -78.531086, 38.070718 ], [ -78.531182, 38.069769 ], [ -78.533475, 38.068123 ], [ -78.532928, 38.066525 ], [ -78.533406, 38.064255 ], [ -78.533149, 38.063545 ], [ -78.533317, 38.062812 ], [ -78.532357, 38.061806 ], [ -78.532795, 38.060525 ], [ -78.533687, 38.059265 ], [ -78.533367, 38.058693 ], [ -78.530678, 38.056499 ], [ -78.530408, 38.054157 ], [ -78.526182, 38.050196 ], [ -78.530552, 38.05338 ], [ -78.533616, 38.054564 ], [ -78.534927, 38.054729 ], [ -78.536641, 38.054408 ], [ -78.5417, 38.051978 ], [ -78.544865, 38.051368 ], [ -78.546999, 38.051626 ], [ -78.550937, 38.052846 ], [ -78.555307, 38.052792 ], [ -78.560702, 38.051742 ], [ -78.562494, 38.051929 ], [ -78.564276, 38.052685 ], [ -78.566765, 38.054713 ], [ -78.565876, 38.05567 ], [ -78.565849, 38.056203 ], [ -78.566911, 38.057636 ], [ -78.567403, 38.059618 ], [ -78.568246, 38.060131 ], [ -78.568679, 38.061209 ], [ -78.567993, 38.063227 ], [ -78.567988, 38.065079 ], [ -78.566065, 38.067488 ], [ -78.565658, 38.068494 ], [ -78.566078, 38.070667 ], [ -78.568422, 38.074064 ], [ -78.569081, 38.074859 ], [ -78.573392, 38.077254 ], [ -78.575989, 38.077967 ], [ -78.579634, 38.078295 ], [ -78.582063, 38.08025 ], [ -78.582586, 38.081875 ], [ -78.58691, 38.084475 ] ] ] } },
{ "type": "Feature", "properties": { "GEOID": "515400005022", "locality": "cville", "factor": 1.045, "factor_lo": 0.804, "factor_hi": 1.359, "n_sales": 129.0, "median_price": 315000.0, "median_ppsf": 299.0, "median_sqft": 1066.0, "est_price": 548000.0, "mo_pay": 2770.0, "mo_delta": 120.0, "dist_mi": 0.8, "drive_mo": 30.0, "allin_mo": 2790.0, "in_zone": "True", "pooled": "False", "unit": "515400005022", "acs_rent": 1502.0, "rent_factor": 0.917, "pred_rent": 1638.0, "renters": 312 }, "geometry": { "type": "Polygon", "coordinates": [ [ [ -78.514833, 38.02061 ], [ -78.514983, 38.025162 ], [ -78.505517, 38.028309 ], [ -78.504564, 38.026655 ], [ -78.503581, 38.02571 ], [ -78.503214, 38.024251 ], [ -78.505728, 38.024097 ], [ -78.506692, 38.023693 ], [ -78.509888, 38.021326 ], [ -78.510682, 38.019723 ], [ -78.514833, 38.02061 ] ] ] } },
{ "type": "Feature", "properties": { "GEOID": "515400005023", "locality": "cville", "factor": 0.962, "factor_lo": 0.739, "factor_hi": 1.254, "n_sales": 176.0, "median_price": 463000.0, "median_ppsf": 274.0, "median_sqft": 1720.0, "est_price": 504000.0, "mo_pay": 2550.0, "mo_delta": -100.0, "dist_mi": 1.4, "drive_mo": 40.0, "allin_mo": 2590.0, "in_zone": "True", "pooled": "False", "unit": "515400005023", "acs_rent": 1517.0, "rent_factor": 1.017, "pred_rent": 1492.0, "renters": 217 }, "geometry": { "type": "Polygon", "coordinates": [ [ [ -78.52368, 38.022327 ], [ -78.514983, 38.025162 ], [ -78.514725, 38.019997 ], [ -78.513221, 38.018556 ], [ -78.516221, 38.013889 ], [ -78.516508, 38.012906 ], [ -78.518337, 38.012017 ], [ -78.51861, 38.010678 ], [ -78.519338, 38.010716 ], [ -78.519344, 38.011398 ], [ -78.518748, 38.011722 ], [ -78.518735, 38.013453 ], [ -78.519378, 38.017204 ], [ -78.519897, 38.017469 ], [ -78.520794, 38.018909 ], [ -78.521236, 38.018937 ], [ -78.522566, 38.018129 ], [ -78.523542, 38.02004 ], [ -78.52368, 38.022327 ] ] ] } },
{ "type": "Feature", "properties": { "GEOID": "515400005024", "locality": "cville", "factor": 1.09, "factor_lo": 0.838, "factor_hi": 1.419, "n_sales": 118.0, "median_price": 391500.0, "median_ppsf": 311.0, "median_sqft": 1161.0, "est_price": 571000.0, "mo_pay": 2890.0, "mo_delta": 240.0, "dist_mi": 1.5, "drive_mo": 40.0, "allin_mo": 2930.0, "in_zone": "True", "pooled": "False", "unit": "515400005024", "acs_rent": 1350.0, "rent_factor": 0.92, "pred_rent": 1467.0, "renters": 201 }, "geometry": { "type": "Polygon", "coordinates": [ [ [ -78.518601, 38.010693 ], [ -78.518337, 38.012017 ], [ -78.516508, 38.012906 ], [ -78.516221, 38.013889 ], [ -78.513221, 38.018556 ], [ -78.514589, 38.019609 ], [ -78.514833, 38.02061 ], [ -78.510682, 38.019723 ], [ -78.509851, 38.018144 ], [ -78.509106, 38.018291 ], [ -78.506025, 38.017153 ], [ -78.506231, 38.016158 ], [ -78.510527, 38.015119 ], [ -78.510865, 38.015178 ], [ -78.511396, 38.01601 ], [ -78.511828, 38.015794 ], [ -78.513396, 38.009737 ], [ -78.515357, 38.010198 ], [ -78.51612, 38.009816 ], [ -78.518601, 38.010693 ] ] ] } },
{ "type": "Feature", "properties": { "GEOID": "515400005025", "locality": "cville", "factor": 0.999, "factor_lo": 0.765, "factor_hi": 1.304, "n_sales": 153.0, "median_price": 360000.0, "median_ppsf": 275.0, "median_sqft": 1410.0, "est_price": 523000.0, "mo_pay": 2650.0, "mo_delta": 0.0, "dist_mi": 1.5, "drive_mo": 50.0, "allin_mo": 2690.0, "in_zone": "True", "pooled": "False", "unit": "515400005025", "acs_rent": 1563.0, "rent_factor": 1.028, "pred_rent": 1521.0, "renters": 52 }, "geometry": { "type": "Polygon", "coordinates": [ [ [ -78.513396, 38.009737 ], [ -78.511899, 38.015689 ], [ -78.511396, 38.01601 ], [ -78.510615, 38.015104 ], [ -78.506231, 38.016158 ], [ -78.503803, 38.015124 ], [ -78.50005, 38.014345 ], [ -78.503353, 38.011468 ], [ -78.505442, 38.010324 ], [ -78.508473, 38.011378 ], [ -78.509115, 38.011145 ], [ -78.510222, 38.009744 ], [ -78.513396, 38.009737 ] ] ] } },
{ "type": "Feature", "properties": { "GEOID": "515400006001", "locality": "cville", "factor": 1.016, "factor_lo": 0.782, "factor_hi": 1.32, "n_sales": 70.0, "median_price": 320500.0, "median_ppsf": 263.0, "median_sqft": 1270.0, "est_price": 532000.0, "mo_pay": 2690.0, "mo_delta": 40.0, "dist_mi": 1.0, "drive_mo": 30.0, "allin_mo": 2720.0, "in_zone": "True", "pooled": "False", "unit": "515400006001", "acs_rent": 1396.0, "rent_factor": 0.909, "pred_rent": 1537.0, "renters": 342 }, "geometry": { "type": "Polygon", "coordinates": [ [ [ -78.52368, 38.022327 ], [ -78.523038, 38.026337 ], [ -78.520051, 38.026053 ], [ -78.520255, 38.028462 ], [ -78.519777, 38.028454 ], [ -78.520179, 38.029781 ], [ -78.51826, 38.029827 ], [ -78.518294, 38.028558 ], [ -78.514818, 38.028609 ], [ -78.513109, 38.029506 ], [ -78.510448, 38.026633 ], [ -78.52368, 38.022327 ] ] ] } },
{ "type": "Feature", "properties": { "GEOID": "515400002022", "locality": "cville", "factor": 1.009, "factor_lo": 0.776, "factor_hi": 1.312, "n_sales": 48.0, "median_price": 262500.0, "median_ppsf": 253.0, "median_sqft": 905.0, "est_price": 528000.0, "mo_pay": 2670.0, "mo_delta": 20.0, "dist_mi": 0.4, "drive_mo": 10.0, "allin_mo": 2680.0, "in_zone": "True", "pooled": "False", "unit": "515400002022", "acs_rent": 1527.0, "rent_factor": 0.968, "pred_rent": 1578.0, "renters": 741 }, "geometry": { "type": "Polygon", "coordinates": [ [ [ -78.499627, 38.034038 ], [ -78.496233, 38.040144 ], [ -78.493429, 38.0391 ], [ -78.494994, 38.035847 ], [ -78.493405, 38.035159 ], [ -78.494027, 38.033982 ], [ -78.496297, 38.034343 ], [ -78.496738, 38.033023 ], [ -78.498409, 38.033398 ], [ -78.499627, 38.034038 ] ] ] } },
{ "type": "Feature", "properties": { "GEOID": "515400010003", "locality": "cville", "factor": 1.34, "factor_lo": 1.031, "factor_hi": 1.742, "n_sales": 80.0, "median_price": 710000.0, "median_ppsf": 405.0, "median_sqft": 1753.0, "est_price": 702000.0, "mo_pay": 3550.0, "mo_delta": 900.0, "dist_mi": 0.6, "drive_mo": 20.0, "allin_mo": 3570.0, "in_zone": "True", "pooled": "False", "unit": "515400010003", "acs_rent": 2007.0, "rent_factor": 1.412, "pred_rent": 1422.0, "renters": 430 }, "geometry": { "type": "Polygon", "coordinates": [ [ [ -78.476943, 38.03193 ], [ -78.474332, 38.038441 ], [ -78.471936, 38.040493 ], [ -78.469701, 38.039205 ], [ -78.467066, 38.038946 ], [ -78.465847, 38.038348 ], [ -78.468204, 38.036182 ], [ -78.471427, 38.031642 ], [ -78.473549, 38.031474 ], [ -78.474113, 38.031085 ], [ -78.476943, 38.03193 ] ] ] } },
{ "type": "Feature", "properties": { "GEOID": "515400010002", "locality": "cville", "factor": 1.225, "factor_lo": 0.945, "factor_hi": 1.589, "n_sales": 127.0, "median_price": 390000.0, "median_ppsf": 335.0, "median_sqft": 1284.0, "est_price": 642000.0, "mo_pay": 3250.0, "mo_delta": 600.0, "dist_mi": 0.5, "drive_mo": 20.0, "allin_mo": 3260.0, "in_zone": "True", "pooled": "False", "unit": "515400010002", "acs_rent": 1619.0, "rent_factor": 1.211, "pred_rent": 1337.0, "renters": 344 }, "geometry": { "type": "Polygon", "coordinates": [ [ [ -78.486421, 38.035452 ], [ -78.482998, 38.038976 ], [ -78.478427, 38.045266 ], [ -78.471936, 38.040493 ], [ -78.474098, 38.038729 ], [ -78.474629, 38.037937 ], [ -78.476943, 38.03193 ], [ -78.482129, 38.033514 ], [ -78.48352, 38.03315 ], [ -78.486421, 38.035452 ] ] ] } },
{ "type": "Feature", "properties": { "GEOID": "515400004024", "locality": "cville", "factor": 0.939, "factor_lo": 0.722, "factor_hi": 1.221, "n_sales": 275.0, "median_price": 365000.0, "median_ppsf": 264.0, "median_sqft": 1434.0, "est_price": 492000.0, "mo_pay": 2490.0, "mo_delta": -160.0, "dist_mi": 0.9, "drive_mo": 30.0, "allin_mo": 2510.0, "in_zone": "True", "pooled": "False", "unit": "515400004024", "acs_rent": 1213.0, "rent_factor": 0.714, "pred_rent": 1699.0, "renters": 148 }, "geometry": { "type": "Polygon", "coordinates": [ [ [ -78.485344, 38.015949 ], [ -78.481962, 38.020481 ], [ -78.473428, 38.016557 ], [ -78.473268, 38.015544 ], [ -78.474962, 38.015984 ], [ -78.474609, 38.014942 ], [ -78.474959, 38.013758 ], [ -78.475661, 38.014511 ], [ -78.47715, 38.014478 ], [ -78.479124, 38.013336 ], [ -78.480153, 38.013415 ], [ -78.481303, 38.011961 ], [ -78.482009, 38.011776 ], [ -78.483015, 38.011922 ], [ -78.483278, 38.014899 ], [ -78.485344, 38.015949 ] ] ] } },
{ "type": "Feature", "properties": { "GEOID": "515400002013", "locality": "cville", "factor": 1.248, "factor_lo": 0.962, "factor_hi": 1.619, "n_sales": 46.0, "median_price": 308750.0, "median_ppsf": 358.0, "median_sqft": 1008.0, "est_price": 654000.0, "mo_pay": 3310.0, "mo_delta": 660.0, "dist_mi": 0.6, "drive_mo": 20.0, "allin_mo": 3330.0, "in_zone": "True", "pooled": "True", "unit": "Lcville", "acs_rent": 1842.0, "rent_factor": 1.163, "pred_rent": 1584.0, "renters": 554 }, "geometry": { "type": "Polygon", "coordinates": [ [ [ -78.500443, 38.041735 ], [ -78.498994, 38.043133 ], [ -78.493097, 38.045725 ], [ -78.492991, 38.043863 ], [ -78.492187, 38.041761 ], [ -78.494253, 38.041777 ], [ -78.495616, 38.041018 ], [ -78.496233, 38.040144 ], [ -78.500443, 38.041735 ] ] ] } },
{ "type": "Feature", "properties": { "GEOID": "515400002011", "locality": "cville", "factor": 1.073, "factor_lo": 0.824, "factor_hi": 1.397, "n_sales": 98.0, "median_price": 497000.0, "median_ppsf": 311.0, "median_sqft": 1582.0, "est_price": 562000.0, "mo_pay": 2840.0, "mo_delta": 190.0, "dist_mi": 1.1, "drive_mo": 30.0, "allin_mo": 2880.0, "in_zone": "True", "pooled": "False", "unit": "515400002011", "acs_rent": 1798.0, "rent_factor": 0.998, "pred_rent": 1802.0, "renters": 70 }, "geometry": { "type": "Polygon", "coordinates": [ [ [ -78.493136, 38.046377 ], [ -78.480233, 38.044857 ], [ -78.479332, 38.044947 ], [ -78.478677, 38.045564 ], [ -78.478427, 38.045266 ], [ -78.483626, 38.038253 ], [ -78.484768, 38.039016 ], [ -78.483365, 38.040421 ], [ -78.484072, 38.041407 ], [ -78.490116, 38.042029 ], [ -78.490855, 38.041637 ], [ -78.492174, 38.041686 ], [ -78.492991, 38.043863 ], [ -78.493136, 38.046377 ] ] ] } },
{ "type": "Feature", "properties": { "GEOID": "515400010001", "locality": "cville", "factor": 1.285, "factor_lo": 0.989, "factor_hi": 1.67, "n_sales": 142.0, "median_price": 525000.0, "median_ppsf": 457.0, "median_sqft": 1150.0, "est_price": 673000.0, "mo_pay": 3400.0, "mo_delta": 760.0, "dist_mi": 0.3, "drive_mo": 10.0, "allin_mo": 3410.0, "in_zone": "True", "pooled": "False", "unit": "515400010001", "acs_rent": 1403.0, "rent_factor": 1.064, "pred_rent": 1319.0, "renters": 553 }, "geometry": { "type": "Polygon", "coordinates": [ [ [ -78.491913, 38.03196 ], [ -78.486421, 38.035452 ], [ -78.48352, 38.03315 ], [ -78.482129, 38.033514 ], [ -78.474113, 38.031085 ], [ -78.475087, 38.02972 ], [ -78.476515, 38.028603 ], [ -78.47762, 38.026732 ], [ -78.481736, 38.02844 ], [ -78.482378, 38.027 ], [ -78.483252, 38.027697 ], [ -78.486049, 38.02869 ], [ -78.485528, 38.029616 ], [ -78.489881, 38.030977 ], [ -78.493334, 38.031439 ], [ -78.491913, 38.03196 ] ] ] } },
{ "type": "Feature", "properties": { "GEOID": "515400009001", "locality": "cville", "factor": 1.001, "factor_lo": 0.767, "factor_hi": 1.306, "n_sales": 278.0, "median_price": 472500.0, "median_ppsf": 296.0, "median_sqft": 1668.0, "est_price": 524000.0, "mo_pay": 2650.0, "mo_delta": 0.0, "dist_mi": 1.4, "drive_mo": 40.0, "allin_mo": 2690.0, "in_zone": "True", "pooled": "False", "unit": "515400009001", "acs_rent": 1541.0, "rent_factor": 1.012, "pred_rent": 1523.0, "renters": 219 }, "geometry": { "type": "Polygon", "coordinates": [ [ [ -78.468212, 38.039156 ], [ -78.46783, 38.039382 ], [ -78.467081, 38.039112 ], [ -78.464553, 38.041294 ], [ -78.465237, 38.041884 ], [ -78.464347, 38.042626 ], [ -78.46516, 38.042844 ], [ -78.465019, 38.043055 ], [ -78.464226, 38.043862 ], [ -78.461907, 38.045204 ], [ -78.460886, 38.046385 ], [ -78.4608, 38.047187 ], [ -78.461703, 38.048852 ], [ -78.462892, 38.0491 ], [ -78.462943, 38.049521 ], [ -78.457296, 38.049412 ], [ -78.457379, 38.050336 ], [ -78.458939, 38.051005 ], [ -78.45688, 38.055613 ], [ -78.456018, 38.055318 ], [ -78.454896, 38.054217 ], [ -78.454308, 38.054603 ], [ -78.454807, 38.055108 ], [ -78.449214, 38.058929 ], [ -78.448079, 38.057599 ], [ -78.447547, 38.056313 ], [ -78.44757, 38.05357 ], [ -78.447147, 38.050916 ], [ -78.446309, 38.049544 ], [ -78.446495, 38.048409 ], [ -78.447599, 38.045743 ], [ -78.449215, 38.045306 ], [ -78.453688, 38.045768 ], [ -78.454732, 38.045278 ], [ -78.455048, 38.044041 ], [ -78.454141, 38.041787 ], [ -78.453978, 38.040141 ], [ -78.454401, 38.038356 ], [ -78.455495, 38.036862 ], [ -78.457239, 38.035206 ], [ -78.458535, 38.034559 ], [ -78.463745, 38.036877 ], [ -78.466488, 38.038756 ], [ -78.468212, 38.039156 ] ] ] } },
{ "type": "Feature", "properties": { "GEOID": "515400002012", "locality": "cville", "factor": 0.839, "factor_lo": 0.646, "factor_hi": 1.092, "n_sales": 34.0, "median_price": 265950.0, "median_ppsf": 247.0, "median_sqft": 1200.0, "est_price": 440000.0, "mo_pay": 2220.0, "mo_delta": -430.0, "dist_mi": 0.9, "drive_mo": 30.0, "allin_mo": 2250.0, "in_zone": "True", "pooled": "False", "unit": "515400002012", "acs_rent": 1468.0, "rent_factor": 0.93, "pred_rent": 1579.0, "renters": 264 }, "geometry": { "type": "Polygon", "coordinates": [ [ [ -78.495899, 38.040689 ], [ -78.494135, 38.041814 ], [ -78.490855, 38.041637 ], [ -78.490116, 38.042029 ], [ -78.484072, 38.041407 ], [ -78.483365, 38.040421 ], [ -78.484768, 38.039016 ], [ -78.483626, 38.038253 ], [ -78.486421, 38.035452 ], [ -78.490071, 38.037983 ], [ -78.496233, 38.040144 ], [ -78.495899, 38.040689 ] ] ] } },
{ "type": "Feature", "properties": { "GEOID": "515400007004", "locality": "cville", "factor": 1.32, "factor_lo": 1.014, "factor_hi": 1.717, "n_sales": 61.0, "median_price": 840000.0, "median_ppsf": 421.0, "median_sqft": 2217.0, "est_price": 691000.0, "mo_pay": 3500.0, "mo_delta": 850.0, "dist_mi": 0.6, "drive_mo": 20.0, "allin_mo": 3510.0, "in_zone": "True", "pooled": "False", "unit": "515400007004", "acs_rent": 1732.0, "rent_factor": 1.11, "pred_rent": 1561.0, "renters": 129 }, "geometry": { "type": "Polygon", "coordinates": [ [ [ -78.517369, 38.041186 ], [ -78.516072, 38.043486 ], [ -78.513962, 38.044182 ], [ -78.514634, 38.044838 ], [ -78.511909, 38.044049 ], [ -78.505383, 38.041104 ], [ -78.506256, 38.039625 ], [ -78.506766, 38.039522 ], [ -78.508096, 38.035831 ], [ -78.51333, 38.037137 ], [ -78.515527, 38.036644 ], [ -78.516892, 38.039879 ], [ -78.516272, 38.040381 ], [ -78.517369, 38.041186 ] ] ] } },
{ "type": "Feature", "properties": { "GEOID": "515400007003", "locality": "cville", "factor": 1.248, "factor_lo": 0.962, "factor_hi": 1.619, "n_sales": 46.0, "median_price": 308750.0, "median_ppsf": 358.0, "median_sqft": 1008.0, "est_price": 654000.0, "mo_pay": 3310.0, "mo_delta": 660.0, "dist_mi": 1.0, "drive_mo": 30.0, "allin_mo": 3340.0, "in_zone": "True", "pooled": "True", "unit": "Lcville", "acs_rent": 1267.0, "rent_factor": null, "pred_rent": 1498.0, "renters": 474 }, "geometry": { "type": "Polygon", "coordinates": [ [ [ -78.511389, 38.043795 ], [ -78.506783, 38.044961 ], [ -78.505934, 38.045523 ], [ -78.504839, 38.047275 ], [ -78.510297, 38.051308 ], [ -78.507738, 38.056243 ], [ -78.503748, 38.057069 ], [ -78.500882, 38.054819 ], [ -78.498973, 38.052775 ], [ -78.503636, 38.048117 ], [ -78.506094, 38.04142 ], [ -78.511389, 38.043795 ] ] ] } },
{ "type": "Feature", "properties": { "GEOID": "515400002023", "locality": "cville", "factor": 1.248, "factor_lo": 0.962, "factor_hi": 1.619, "n_sales": 46.0, "median_price": 308750.0, "median_ppsf": 358.0, "median_sqft": 1008.0, "est_price": 654000.0, "mo_pay": 3310.0, "mo_delta": 660.0, "dist_mi": 0.3, "drive_mo": 10.0, "allin_mo": 3320.0, "in_zone": "True", "pooled": "True", "unit": "Lcville", "acs_rent": null, "rent_factor": null, "pred_rent": 1550.0, "renters": 292 }, "geometry": { "type": "Polygon", "coordinates": [ [ [ -78.503416, 38.036814 ], [ -78.500443, 38.041735 ], [ -78.496233, 38.040144 ], [ -78.499627, 38.034038 ], [ -78.501584, 38.036092 ], [ -78.503416, 38.036814 ] ] ] } },
{ "type": "Feature", "properties": { "GEOID": "515400009002", "locality": "cville", "factor": 0.996, "factor_lo": 0.765, "factor_hi": 1.298, "n_sales": 163.0, "median_price": 375000.0, "median_ppsf": 289.0, "median_sqft": 1302.0, "est_price": 522000.0, "mo_pay": 2640.0, "mo_delta": -10.0, "dist_mi": 1.2, "drive_mo": 40.0, "allin_mo": 2680.0, "in_zone": "True", "pooled": "False", "unit": "515400009002", "acs_rent": 2029.0, "rent_factor": null, "pred_rent": 1608.0, "renters": 96 }, "geometry": { "type": "Polygon", "coordinates": [ [ [ -78.478427, 38.045266 ], [ -78.472213, 38.052543 ], [ -78.471392, 38.050797 ], [ -78.472328, 38.050048 ], [ -78.472645, 38.049209 ], [ -78.472258, 38.04878 ], [ -78.47072, 38.04873 ], [ -78.470018, 38.046759 ], [ -78.468407, 38.046595 ], [ -78.46613, 38.0457 ], [ -78.465025, 38.048312 ], [ -78.464438, 38.048659 ], [ -78.46403, 38.049554 ], [ -78.462943, 38.049521 ], [ -78.462892, 38.0491 ], [ -78.461828, 38.048984 ], [ -78.460766, 38.047037 ], [ -78.460886, 38.046385 ], [ -78.461776, 38.045314 ], [ -78.464226, 38.043862 ], [ -78.46516, 38.042844 ], [ -78.464347, 38.042626 ], [ -78.465237, 38.041884 ], [ -78.464553, 38.041294 ], [ -78.467081, 38.039112 ], [ -78.46783, 38.039382 ], [ -78.468253, 38.038994 ], [ -78.469865, 38.03927 ], [ -78.47281, 38.041022 ], [ -78.475335, 38.04324 ], [ -78.478427, 38.045266 ] ] ] } },
{ "type": "Feature", "properties": { "GEOID": "515400005011", "locality": "cville", "factor": 1.001, "factor_lo": 0.77, "factor_hi": 1.302, "n_sales": 216.0, "median_price": 295000.0, "median_ppsf": 291.0, "median_sqft": 1119.0, "est_price": 525000.0, "mo_pay": 2650.0, "mo_delta": 0.0, "dist_mi": 0.8, "drive_mo": 20.0, "allin_mo": 2680.0, "in_zone": "True", "pooled": "False", "unit": "515400005011", "acs_rent": 1054.0, "rent_factor": 0.665, "pred_rent": 1585.0, "renters": 579 }, "geometry": { "type": "Polygon", "coordinates": [ [ [ -78.496844, 38.021366 ], [ -78.494671, 38.024361 ], [ -78.49537, 38.025717 ], [ -78.495257, 38.028832 ], [ -78.49565, 38.030842 ], [ -78.493334, 38.031439 ], [ -78.489881, 38.030977 ], [ -78.488002, 38.030325 ], [ -78.490287, 38.026812 ], [ -78.488873, 38.025803 ], [ -78.491689, 38.024067 ], [ -78.494559, 38.02054 ], [ -78.496844, 38.021366 ] ] ] } },
{ "type": "Feature", "properties": { "GEOID": "515400003021", "locality": "cville", "factor": 1.132, "factor_lo": 0.87, "factor_hi": 1.472, "n_sales": 177.0, "median_price": 420000.0, "median_ppsf": 336.0, "median_sqft": 1209.0, "est_price": 593000.0, "mo_pay": 3000.0, "mo_delta": 350.0, "dist_mi": 0.4, "drive_mo": 10.0, "allin_mo": 3010.0, "in_zone": "True", "pooled": "False", "unit": "515400003021", "acs_rent": 1826.0, "rent_factor": 1.094, "pred_rent": 1669.0, "renters": 740 }, "geometry": { "type": "Polygon", "coordinates": [ [ [ -78.476515, 38.028603 ], [ -78.475087, 38.02972 ], [ -78.473867, 38.031366 ], [ -78.471427, 38.031642 ], [ -78.468204, 38.036182 ], [ -78.465847, 38.038348 ], [ -78.463745, 38.036877 ], [ -78.45943, 38.035036 ], [ -78.460956, 38.03369 ], [ -78.463474, 38.032441 ], [ -78.467521, 38.026168 ], [ -78.467842, 38.024801 ], [ -78.468781, 38.023965 ], [ -78.473217, 38.027558 ], [ -78.476515, 38.028603 ] ] ] } },
{ "type": "Feature", "properties": { "GEOID": "515400008001", "locality": "cville", "factor": 1.019, "factor_lo": 0.781, "factor_hi": 1.329, "n_sales": 128.0, "median_price": 429950.0, "median_ppsf": 292.0, "median_sqft": 1396.0, "est_price": 534000.0, "mo_pay": 2700.0, "mo_delta": 50.0, "dist_mi": 2.5, "drive_mo": 80.0, "allin_mo": 2780.0, "in_zone": "True", "pooled": "False", "unit": "515400008001", "acs_rent": null, "rent_factor": null, "pred_rent": null, "renters": 23 }, "geometry": { "type": "Polygon", "coordinates": [ [ [ -78.477378, 38.06493 ], [ -78.476495, 38.066142 ], [ -78.476172, 38.066176 ], [ -78.476088, 38.066711 ], [ -78.474522, 38.067588 ], [ -78.474871, 38.068728 ], [ -78.472985, 38.070127 ], [ -78.471754, 38.070509 ], [ -78.471013, 38.069739 ], [ -78.472602, 38.067476 ], [ -78.468207, 38.068133 ], [ -78.46799, 38.067689 ], [ -78.466889, 38.06783 ], [ -78.464405, 38.064699 ], [ -78.467479, 38.059071 ], [ -78.469615, 38.05926 ], [ -78.470444, 38.059663 ], [ -78.473014, 38.062238 ], [ -78.475813, 38.063781 ], [ -78.477378, 38.06493 ] ] ] } },
{ "type": "Feature", "properties": { "GEOID": "515400008002", "locality": "cville", "factor": 1.066, "factor_lo": 0.818, "factor_hi": 1.389, "n_sales": 91.0, "median_price": 520000.0, "median_ppsf": 320.0, "median_sqft": 1713.0, "est_price": 558000.0, "mo_pay": 2820.0, "mo_delta": 170.0, "dist_mi": 1.9, "drive_mo": 60.0, "allin_mo": 2880.0, "in_zone": "True", "pooled": "False", "unit": "515400008002", "acs_rent": null, "rent_factor": null, "pred_rent": null, "renters": 21 }, "geometry": { "type": "Polygon", "coordinates": [ [ [ -78.483513, 38.055269 ], [ -78.48295, 38.055747 ], [ -78.479484, 38.054226 ], [ -78.478523, 38.054131 ], [ -78.478401, 38.05478 ], [ -78.476743, 38.056305 ], [ -78.478023, 38.057174 ], [ -78.476424, 38.058724 ], [ -78.475295, 38.061719 ], [ -78.475503, 38.062346 ], [ -78.476021, 38.062711 ], [ -78.477745, 38.062568 ], [ -78.478355, 38.062838 ], [ -78.478553, 38.063312 ], [ -78.478245, 38.064459 ], [ -78.477143, 38.063707 ], [ -78.476038, 38.063958 ], [ -78.473237, 38.06239 ], [ -78.471725, 38.060707 ], [ -78.469894, 38.059352 ], [ -78.467479, 38.059071 ], [ -78.470025, 38.055004 ], [ -78.478427, 38.045266 ], [ -78.479173, 38.046363 ], [ -78.481818, 38.053265 ], [ -78.483513, 38.055269 ] ] ] } },
{ "type": "Feature", "properties": { "GEOID": "515400008003", "locality": "cville", "factor": 1.017, "factor_lo": 0.781, "factor_hi": 1.324, "n_sales": 103.0, "median_price": 599000.0, "median_ppsf": 284.0, "median_sqft": 1936.0, "est_price": 533000.0, "mo_pay": 2690.0, "mo_delta": 50.0, "dist_mi": 2.0, "drive_mo": 60.0, "allin_mo": 2760.0, "in_zone": "True", "pooled": "False", "unit": "515400008003", "acs_rent": null, "rent_factor": null, "pred_rent": null, "renters": 22 }, "geometry": { "type": "Polygon", "coordinates": [ [ [ -78.48906, 38.056767 ], [ -78.488488, 38.058178 ], [ -78.487429, 38.058692 ], [ -78.485826, 38.060159 ], [ -78.48423, 38.063558 ], [ -78.481815, 38.065342 ], [ -78.480332, 38.065819 ], [ -78.478884, 38.065664 ], [ -78.476038, 38.063958 ], [ -78.477143, 38.063707 ], [ -78.478245, 38.064459 ], [ -78.478508, 38.063544 ], [ -78.478484, 38.063023 ], [ -78.477985, 38.062612 ], [ -78.475791, 38.062612 ], [ -78.475284, 38.061587 ], [ -78.476424, 38.058724 ], [ -78.478023, 38.057174 ], [ -78.476743, 38.056305 ], [ -78.478401, 38.05478 ], [ -78.478523, 38.054131 ], [ -78.479484, 38.054226 ], [ -78.48295, 38.055747 ], [ -78.483513, 38.055269 ], [ -78.485801, 38.056352 ], [ -78.48906, 38.056767 ] ] ] } },
{ "type": "Feature", "properties": { "GEOID": "515400003022", "locality": "cville", "factor": 1.033, "factor_lo": 0.794, "factor_hi": 1.345, "n_sales": 143.0, "median_price": 338000.0, "median_ppsf": 300.0, "median_sqft": 1147.0, "est_price": 541000.0, "mo_pay": 2740.0, "mo_delta": 90.0, "dist_mi": 0.9, "drive_mo": 30.0, "allin_mo": 2760.0, "in_zone": "True", "pooled": "False", "unit": "515400003022", "acs_rent": 1156.0, "rent_factor": 0.775, "pred_rent": 1492.0, "renters": 182 }, "geometry": { "type": "Polygon", "coordinates": [ [ [ -78.468686, 38.024025 ], [ -78.467842, 38.024801 ], [ -78.467521, 38.026168 ], [ -78.463474, 38.032441 ], [ -78.460956, 38.03369 ], [ -78.45943, 38.035036 ], [ -78.458535, 38.034559 ], [ -78.459733, 38.03344 ], [ -78.460238, 38.032273 ], [ -78.460982, 38.028739 ], [ -78.460601, 38.027782 ], [ -78.460025, 38.027368 ], [ -78.458775, 38.027506 ], [ -78.457452, 38.028937 ], [ -78.45522, 38.029747 ], [ -78.454123, 38.029577 ], [ -78.452262, 38.027969 ], [ -78.452829, 38.025312 ], [ -78.454668, 38.021604 ], [ -78.456791, 38.021214 ], [ -78.458823, 38.022251 ], [ -78.460228, 38.022588 ], [ -78.46573, 38.022103 ], [ -78.467438, 38.022758 ], [ -78.468686, 38.024025 ] ] ] } },
{ "type": "Feature", "properties": { "GEOID": "515400004012", "locality": "cville", "factor": 0.909, "factor_lo": 0.697, "factor_hi": 1.185, "n_sales": 245.0, "median_price": 378500.0, "median_ppsf": 244.0, "median_sqft": 1488.0, "est_price": 476000.0, "mo_pay": 2410.0, "mo_delta": -240.0, "dist_mi": 1.0, "drive_mo": 30.0, "allin_mo": 2440.0, "in_zone": "True", "pooled": "False", "unit": "515400004012", "acs_rent": 1349.0, "rent_factor": null, "pred_rent": 1342.0, "renters": 313 }, "geometry": { "type": "Polygon", "coordinates": [ [ [ -78.505357, 38.010365 ], [ -78.503126, 38.011645 ], [ -78.498386, 38.01584 ], [ -78.491837, 38.023926 ], [ -78.486792, 38.021361 ], [ -78.485706, 38.023324 ], [ -78.481404, 38.021255 ], [ -78.485365, 38.015923 ], [ -78.487988, 38.016612 ], [ -78.489124, 38.017543 ], [ -78.491355, 38.017503 ], [ -78.493665, 38.015276 ], [ -78.498837, 38.012904 ], [ -78.500327, 38.012748 ], [ -78.501615, 38.011158 ], [ -78.503404, 38.010152 ], [ -78.504269, 38.010024 ], [ -78.505357, 38.010365 ] ] ] } },
{ "type": "Feature", "properties": { "GEOID": "515400004021", "locality": "cville", "factor": 1.342, "factor_lo": 1.034, "factor_hi": 1.743, "n_sales": 74.0, "median_price": 453500.0, "median_ppsf": 388.0, "median_sqft": 1259.0, "est_price": 703000.0, "mo_pay": 3560.0, "mo_delta": 910.0, "dist_mi": 0.3, "drive_mo": 10.0, "allin_mo": 3570.0, "in_zone": "True", "pooled": "False", "unit": "515400004021", "acs_rent": 1096.0, "rent_factor": 0.796, "pred_rent": 1377.0, "renters": 91 }, "geometry": { "type": "Polygon", "coordinates": [ [ [ -78.478052, 38.025897 ], [ -78.476596, 38.028484 ], [ -78.474676, 38.028172 ], [ -78.47269, 38.027188 ], [ -78.468781, 38.023965 ], [ -78.469814, 38.023152 ], [ -78.470928, 38.020905 ], [ -78.471803, 38.020384 ], [ -78.473044, 38.020411 ], [ -78.472923, 38.021778 ], [ -78.473645, 38.023668 ], [ -78.478052, 38.025897 ] ] ] } },
{ "type": "Feature", "properties": { "GEOID": "515400004022", "locality": "cville", "factor": 1.096, "factor_lo": 0.843, "factor_hi": 1.424, "n_sales": 152.0, "median_price": 418950.0, "median_ppsf": 312.0, "median_sqft": 1326.0, "est_price": 574000.0, "mo_pay": 2900.0, "mo_delta": 250.0, "dist_mi": 0.6, "drive_mo": 20.0, "allin_mo": 2920.0, "in_zone": "True", "pooled": "False", "unit": "515400004022", "acs_rent": 1398.0, "rent_factor": 1.004, "pred_rent": 1393.0, "renters": 261 }, "geometry": { "type": "Polygon", "coordinates": [ [ [ -78.481962, 38.020481 ], [ -78.478052, 38.025897 ], [ -78.475357, 38.024673 ], [ -78.473645, 38.023668 ], [ -78.472938, 38.021859 ], [ -78.472823, 38.01917 ], [ -78.473428, 38.016557 ], [ -78.481962, 38.020481 ] ] ] } },
{ "type": "Feature", "properties": { "GEOID": "515400004023", "locality": "cville", "factor": 0.894, "factor_lo": 0.686, "factor_hi": 1.166, "n_sales": 254.0, "median_price": 280000.0, "median_ppsf": 221.0, "median_sqft": 1200.0, "est_price": 468000.0, "mo_pay": 2370.0, "mo_delta": -280.0, "dist_mi": 0.8, "drive_mo": 30.0, "allin_mo": 2390.0, "in_zone": "True", "pooled": "False", "unit": "515400004023", "acs_rent": 1063.0, "rent_factor": 0.686, "pred_rent": 1550.0, "renters": 333 }, "geometry": { "type": "Polygon", "coordinates": [ [ [ -78.474962, 38.015984 ], [ -78.473268, 38.015544 ], [ -78.473395, 38.017064 ], [ -78.472823, 38.01917 ], [ -78.473044, 38.020411 ], [ -78.471803, 38.020384 ], [ -78.470928, 38.020905 ], [ -78.469814, 38.023152 ], [ -78.468781, 38.023965 ], [ -78.46716, 38.022587 ], [ -78.46573, 38.022103 ], [ -78.464459, 38.022059 ], [ -78.462105, 38.022588 ], [ -78.463466, 38.020609 ], [ -78.467685, 38.017892 ], [ -78.469202, 38.014555 ], [ -78.468612, 38.014146 ], [ -78.469504, 38.011745 ], [ -78.474145, 38.012874 ], [ -78.474959, 38.013758 ], [ -78.474609, 38.014942 ], [ -78.474962, 38.015984 ] ] ] } },
{ "type": "Feature", "properties": { "GEOID": "515400005012", "locality": "cville", "factor": 1.035, "factor_lo": 0.795, "factor_hi": 1.346, "n_sales": 82.0, "median_price": 332450.0, "median_ppsf": 277.0, "median_sqft": 1112.0, "est_price": 542000.0, "mo_pay": 2740.0, "mo_delta": 90.0, "dist_mi": 0.6, "drive_mo": 20.0, "allin_mo": 2760.0, "in_zone": "True", "pooled": "False", "unit": "515400005012", "acs_rent": 1189.0, "rent_factor": 0.8, "pred_rent": 1486.0, "renters": 120 }, "geometry": { "type": "Polygon", "coordinates": [ [ [ -78.505517, 38.028309 ], [ -78.49565, 38.030842 ], [ -78.495257, 38.028832 ], [ -78.49534, 38.025644 ], [ -78.495669, 38.025301 ], [ -78.501484, 38.025469 ], [ -78.503214, 38.024251 ], [ -78.503581, 38.02571 ], [ -78.504564, 38.026655 ], [ -78.505517, 38.028309 ] ] ] } },
{ "type": "Feature", "properties": { "GEOID": "515400005013", "locality": "cville", "factor": 0.845, "factor_lo": 0.646, "factor_hi": 1.104, "n_sales": 145.0, "median_price": 230000.0, "median_ppsf": 188.0, "median_sqft": 1200.0, "est_price": 443000.0, "mo_pay": 2240.0, "mo_delta": -410.0, "dist_mi": 1.0, "drive_mo": 30.0, "allin_mo": 2270.0, "in_zone": "True", "pooled": "False", "unit": "515400005013", "acs_rent": 1228.0, "rent_factor": 0.742, "pred_rent": 1656.0, "renters": 261 }, "geometry": { "type": "Polygon", "coordinates": [ [ [ -78.503031, 38.024298 ], [ -78.501484, 38.025469 ], [ -78.495669, 38.025301 ], [ -78.49534, 38.025644 ], [ -78.494695, 38.024265 ], [ -78.496844, 38.021366 ], [ -78.494559, 38.02054 ], [ -78.496802, 38.017727 ], [ -78.497592, 38.01895 ], [ -78.498752, 38.01996 ], [ -78.5003, 38.022334 ], [ -78.502645, 38.02368 ], [ -78.503031, 38.024298 ] ] ] } },
{ "type": "Feature", "properties": { "GEOID": "515400005021", "locality": "cville", "factor": 0.96, "factor_lo": 0.735, "factor_hi": 1.254, "n_sales": 206.0, "median_price": 373250.0, "median_ppsf": 223.0, "median_sqft": 1450.0, "est_price": 503000.0, "mo_pay": 2540.0, "mo_delta": -110.0, "dist_mi": 1.1, "drive_mo": 30.0, "allin_mo": 2580.0, "in_zone": "True", "pooled": "False", "unit": "515400005021", "acs_rent": 2188.0, "rent_factor": 1.151, "pred_rent": 1900.0, "renters": 456 }, "geometry": { "type": "Polygon", "coordinates": [ [ [ -78.510682, 38.019723 ], [ -78.509888, 38.021326 ], [ -78.506692, 38.023693 ], [ -78.505728, 38.024097 ], [ -78.503031, 38.024298 ], [ -78.502645, 38.02368 ], [ -78.5003, 38.022334 ], [ -78.498752, 38.01996 ], [ -78.497592, 38.01895 ], [ -78.496802, 38.017727 ], [ -78.50005, 38.014345 ], [ -78.503803, 38.015124 ], [ -78.506231, 38.016158 ], [ -78.506125, 38.017268 ], [ -78.509106, 38.018291 ], [ -78.509851, 38.018144 ], [ -78.510682, 38.019723 ] ] ] } },
{ "type": "Feature", "properties": { "GEOID": "515400002021", "locality": "cville", "factor": 0.957, "factor_lo": 0.735, "factor_hi": 1.245, "n_sales": 73.0, "median_price": 385000.0, "median_ppsf": 276.0, "median_sqft": 1510.0, "est_price": 501000.0, "mo_pay": 2530.0, "mo_delta": -110.0, "dist_mi": 0.6, "drive_mo": 20.0, "allin_mo": 2550.0, "in_zone": "True", "pooled": "False", "unit": "515400002021", "acs_rent": 1420.0, "rent_factor": 0.952, "pred_rent": 1491.0, "renters": 636 }, "geometry": { "type": "Polygon", "coordinates": [ [ [ -78.498922, 38.032907 ], [ -78.497791, 38.033255 ], [ -78.496738, 38.033023 ], [ -78.496297, 38.034343 ], [ -78.494027, 38.033982 ], [ -78.493405, 38.035159 ], [ -78.494994, 38.035847 ], [ -78.493429, 38.0391 ], [ -78.490071, 38.037983 ], [ -78.486421, 38.035452 ], [ -78.48926, 38.033498 ], [ -78.493334, 38.031439 ], [ -78.49655, 38.031673 ], [ -78.498047, 38.032209 ], [ -78.498922, 38.032907 ] ] ] } },
{ "type": "Feature", "properties": { "GEOID": "515400007001", "locality": "cville", "factor": 1.206, "factor_lo": 0.928, "factor_hi": 1.568, "n_sales": 169.0, "median_price": 560000.0, "median_ppsf": 354.0, "median_sqft": 1526.0, "est_price": 632000.0, "mo_pay": 3190.0, "mo_delta": 550.0, "dist_mi": 1.3, "drive_mo": 40.0, "allin_mo": 3240.0, "in_zone": "True", "pooled": "False", "unit": "515400007001", "acs_rent": 2152.0, "rent_factor": 1.475, "pred_rent": 1459.0, "renters": 98 }, "geometry": { "type": "Polygon", "coordinates": [ [ [ -78.493136, 38.046377 ], [ -78.492603, 38.048449 ], [ -78.488976, 38.051198 ], [ -78.489058, 38.051956 ], [ -78.488411, 38.053149 ], [ -78.488475, 38.05486 ], [ -78.488989, 38.055102 ], [ -78.490369, 38.05482 ], [ -78.49077, 38.055163 ], [ -78.48906, 38.056767 ], [ -78.485197, 38.056164 ], [ -78.482597, 38.054429 ], [ -78.481416, 38.052384 ], [ -78.478677, 38.045564 ], [ -78.479332, 38.044947 ], [ -78.480233, 38.044857 ], [ -78.493136, 38.046377 ] ] ] } },
{ "type": "Feature", "properties": { "GEOID": "515400007002", "locality": "cville", "factor": 1.405, "factor_lo": 1.073, "factor_hi": 1.839, "n_sales": 142.0, "median_price": 1144500.0, "median_ppsf": 393.0, "median_sqft": 2819.0, "est_price": 736000.0, "mo_pay": 3720.0, "mo_delta": 1070.0, "dist_mi": 0.9, "drive_mo": 30.0, "allin_mo": 3750.0, "in_zone": "True", "pooled": "False", "unit": "515400007002", "acs_rent": 1086.0, "rent_factor": 0.811, "pred_rent": 1339.0, "renters": 159 }, "geometry": { "type": "Polygon", "coordinates": [ [ [ -78.506085, 38.041446 ], [ -78.503443, 38.048421 ], [ -78.498778, 38.052985 ], [ -78.495134, 38.057414 ], [ -78.48906, 38.056767 ], [ -78.49077, 38.055163 ], [ -78.490369, 38.05482 ], [ -78.488989, 38.055102 ], [ -78.488475, 38.05486 ], [ -78.488411, 38.053149 ], [ -78.489058, 38.051956 ], [ -78.488976, 38.051198 ], [ -78.492691, 38.048335 ], [ -78.49309, 38.047655 ], [ -78.493097, 38.045725 ], [ -78.499126, 38.04305 ], [ -78.500165, 38.042198 ], [ -78.501248, 38.040409 ], [ -78.504334, 38.042893 ], [ -78.505312, 38.042143 ], [ -78.505718, 38.041379 ], [ -78.505383, 38.041104 ], [ -78.506085, 38.041446 ] ] ] } },
{ "type": "Feature", "properties": { "GEOID": "515400004011", "locality": "cville", "factor": 1.012, "factor_lo": 0.777, "factor_hi": 1.318, "n_sales": 138.0, "median_price": 448500.0, "median_ppsf": 270.0, "median_sqft": 1760.0, "est_price": 530000.0, "mo_pay": 2680.0, "mo_delta": 30.0, "dist_mi": 0.6, "drive_mo": 20.0, "allin_mo": 2700.0, "in_zone": "True", "pooled": "False", "unit": "515400004011", "acs_rent": 1027.0, "rent_factor": 0.66, "pred_rent": 1556.0, "renters": 432 }, "geometry": { "type": "Polygon", "coordinates": [ [ [ -78.491837, 38.023926 ], [ -78.488873, 38.025803 ], [ -78.490287, 38.026812 ], [ -78.488002, 38.030325 ], [ -78.485528, 38.029616 ], [ -78.486049, 38.02869 ], [ -78.483252, 38.027697 ], [ -78.482378, 38.027 ], [ -78.481736, 38.02844 ], [ -78.47762, 38.026732 ], [ -78.481404, 38.021255 ], [ -78.485706, 38.023324 ], [ -78.486792, 38.021361 ], [ -78.491837, 38.023926 ] ] ] } },
{ "type": "Feature", "properties": { "GEOID": "510030113021", "locality": "albemarle", "factor": 0.739, "factor_lo": 0.687, "factor_hi": 0.796, "n_sales": 162.0, "median_price": 152250.0, "median_ppsf": 168.0, "median_sqft": 1111.0, "est_price": 387000.0, "mo_pay": 1960.0, "mo_delta": -690.0, "dist_mi": 1.6, "drive_mo": 50.0, "allin_mo": 2010.0, "in_zone": "False", "pooled": "False", "unit": "510030113021", "acs_rent": 1448.0, "rent_factor": 0.804, "pred_rent": 1801.0, "renters": 389 }, "geometry": { "type": "Polygon", "coordinates": [ [ [ -78.526384, 38.013353 ], [ -78.525944, 38.014466 ], [ -78.524353, 38.016469 ], [ -78.521669, 38.018437 ], [ -78.520375, 38.018355 ], [ -78.519897, 38.017469 ], [ -78.519378, 38.017204 ], [ -78.519002, 38.015791 ], [ -78.518748, 38.011722 ], [ -78.519344, 38.011398 ], [ -78.519338, 38.010716 ], [ -78.51861, 38.010678 ], [ -78.519033, 38.009794 ], [ -78.520207, 38.010175 ], [ -78.523926, 38.011783 ], [ -78.526384, 38.013353 ] ] ] } },
{ "type": "Feature", "properties": { "GEOID": "510030102022", "locality": "albemarle", "factor": 0.917, "factor_lo": 0.906, "factor_hi": 0.928, "n_sales": 196.0, "median_price": 550000.0, "median_ppsf": 243.0, "median_sqft": 2396.0, "est_price": 480000.0, "mo_pay": 2430.0, "mo_delta": -220.0, "dist_mi": 6.7, "drive_mo": 210.0, "allin_mo": 2630.0, "in_zone": "False", "pooled": "False", "unit": "510030102022", "acs_rent": 1857.0, "rent_factor": 1.205, "pred_rent": 1541.0, "renters": 50 }, "geometry": { "type": "Polygon", "coordinates": [ [ [ -78.528151, 38.142794 ], [ -78.52685, 38.143892 ], [ -78.52531, 38.146186 ], [ -78.524784, 38.148975 ], [ -78.525566, 38.151994 ], [ -78.52455, 38.153279 ], [ -78.524746, 38.155373 ], [ -78.52446, 38.157026 ], [ -78.520668, 38.159725 ], [ -78.518745, 38.16196 ], [ -78.516437, 38.163934 ], [ -78.515254, 38.165605 ], [ -78.512126, 38.168364 ], [ -78.50592, 38.171442 ], [ -78.504505, 38.174677 ], [ -78.50326, 38.175948 ], [ -78.499977, 38.177184 ], [ -78.496526, 38.177311 ], [ -78.495354, 38.177002 ], [ -78.494644, 38.17625 ], [ -78.493519, 38.172943 ], [ -78.493592, 38.170824 ], [ -78.492933, 38.169201 ], [ -78.490892, 38.166472 ], [ -78.488512, 38.162342 ], [ -78.486821, 38.160666 ], [ -78.483006, 38.158206 ], [ -78.482416, 38.155645 ], [ -78.480778, 38.153806 ], [ -78.479578, 38.151668 ], [ -78.478702, 38.150899 ], [ -78.47522, 38.149149 ], [ -78.472845, 38.146937 ], [ -78.465879, 38.14281 ], [ -78.458417, 38.13472 ], [ -78.458313, 38.133777 ], [ -78.459734, 38.129975 ], [ -78.46009, 38.128069 ], [ -78.45988, 38.12779 ], [ -78.460267, 38.12765 ], [ -78.460735, 38.125872 ], [ -78.461779, 38.124587 ], [ -78.460715, 38.123618 ], [ -78.459041, 38.120561 ], [ -78.458757, 38.119426 ], [ -78.459236, 38.115547 ], [ -78.460629, 38.110857 ], [ -78.462417, 38.107645 ], [ -78.465603, 38.105728 ], [ -78.466169, 38.105094 ], [ -78.465829, 38.104666 ], [ -78.46574, 38.103494 ], [ -78.467945, 38.104729 ], [ -78.469091, 38.104757 ], [ -78.470518, 38.104212 ], [ -78.471959, 38.102478 ], [ -78.472692, 38.099874 ], [ -78.47512, 38.096964 ], [ -78.479692, 38.093765 ], [ -78.482343, 38.093279 ], [ -78.483108, 38.092828 ], [ -78.484581, 38.09129 ], [ -78.487732, 38.091219 ], [ -78.488412, 38.091627 ], [ -78.488544, 38.092592 ], [ -78.488187, 38.093928 ], [ -78.486312, 38.096606 ], [ -78.485321, 38.09865 ], [ -78.486207, 38.102398 ], [ -78.488114, 38.105276 ], [ -78.49021, 38.10703 ], [ -78.491859, 38.107815 ], [ -78.494797, 38.108489 ], [ -78.498028, 38.111733 ], [ -78.499846, 38.112606 ], [ -78.501146, 38.114082 ], [ -78.501545, 38.114895 ], [ -78.50046, 38.12234 ], [ -78.500812, 38.123766 ], [ -78.504079, 38.125733 ], [ -78.50814, 38.126683 ], [ -78.511313, 38.128105 ], [ -78.514136, 38.127607 ], [ -78.516039, 38.124858 ], [ -78.51703, 38.124145 ], [ -78.517083, 38.125534 ], [ -78.514861, 38.128694 ], [ -78.5165, 38.129584 ], [ -78.517365, 38.12875 ], [ -78.518935, 38.128382 ], [ -78.524718, 38.132703 ], [ -78.526377, 38.135525 ], [ -78.526746, 38.136669 ], [ -78.527193, 38.14149 ], [ -78.528084, 38.142275 ], [ -78.528151, 38.142794 ] ] ] } },
{ "type": "Feature", "properties": { "GEOID": "510030104021", "locality": "albemarle", "factor": 0.894, "factor_lo": 0.881, "factor_hi": 0.907, "n_sales": 80.0, "median_price": 422500.0, "median_ppsf": 232.0, "median_sqft": 1834.0, "est_price": 468000.0, "mo_pay": 2370.0, "mo_delta": -280.0, "dist_mi": 4.3, "drive_mo": 130.0, "allin_mo": 2500.0, "in_zone": "False", "pooled": "False", "unit": "510030104021", "acs_rent": 1800.0, "rent_factor": 1.199, "pred_rent": 1501.0, "renters": 128 }, "geometry": { "type": "Polygon", "coordinates": [ [ [ -78.481031, 38.003978 ], [ -78.475109, 38.013917 ], [ -78.474145, 38.012874 ], [ -78.469504, 38.011745 ], [ -78.468612, 38.014146 ], [ -78.469202, 38.014555 ], [ -78.467685, 38.017892 ], [ -78.463562, 38.020533 ], [ -78.462089, 38.022528 ], [ -78.461447, 38.022593 ], [ -78.45908, 38.022352 ], [ -78.456791, 38.021214 ], [ -78.454668, 38.021604 ], [ -78.454649, 38.020812 ], [ -78.452366, 38.019716 ], [ -78.451761, 38.01854 ], [ -78.450971, 38.018073 ], [ -78.448937, 38.017902 ], [ -78.447411, 38.015706 ], [ -78.446665, 38.015307 ], [ -78.443364, 38.014829 ], [ -78.441855, 38.014102 ], [ -78.439139, 38.013526 ], [ -78.431041, 38.013731 ], [ -78.428395, 38.013262 ], [ -78.427111, 38.011096 ], [ -78.425945, 38.009837 ], [ -78.421956, 38.00872 ], [ -78.421354, 38.008096 ], [ -78.420298, 38.007716 ], [ -78.416742, 38.008336 ], [ -78.414091, 38.010434 ], [ -78.412437, 38.010878 ], [ -78.407835, 38.010752 ], [ -78.404172, 38.011416 ], [ -78.40237, 38.011055 ], [ -78.401325, 38.010664 ], [ -78.400332, 38.008431 ], [ -78.400256, 38.007183 ], [ -78.399768, 38.006653 ], [ -78.399338, 38.004694 ], [ -78.397978, 38.003393 ], [ -78.397135, 38.002015 ], [ -78.396297, 37.998011 ], [ -78.394458, 37.994585 ], [ -78.393952, 37.993967 ], [ -78.390094, 37.992316 ], [ -78.389229, 37.991246 ], [ -78.389068, 37.989008 ], [ -78.390537, 37.987769 ], [ -78.390972, 37.986743 ], [ -78.389223, 37.98333 ], [ -78.386354, 37.980879 ], [ -78.383504, 37.979701 ], [ -78.382267, 37.978432 ], [ -78.381697, 37.978276 ], [ -78.38029, 37.976547 ], [ -78.378531, 37.97531 ], [ -78.376594, 37.974229 ], [ -78.373258, 37.973009 ], [ -78.371043, 37.970852 ], [ -78.365803, 37.967184 ], [ -78.364374, 37.965741 ], [ -78.364081, 37.963665 ], [ -78.362955, 37.96252 ], [ -78.362769, 37.961549 ], [ -78.364268, 37.960569 ], [ -78.366454, 37.960234 ], [ -78.367787, 37.959557 ], [ -78.371847, 37.956881 ], [ -78.372939, 37.95517 ], [ -78.372697, 37.954136 ], [ -78.372164, 37.953441 ], [ -78.367777, 37.951858 ], [ -78.365188, 37.953477 ], [ -78.357132, 37.957205 ], [ -78.353335, 37.95705 ], [ -78.351164, 37.955804 ], [ -78.366568, 37.938288 ], [ -78.3694, 37.942231 ], [ -78.369211, 37.94484 ], [ -78.370624, 37.947874 ], [ -78.374581, 37.948142 ], [ -78.376772, 37.949152 ], [ -78.38101, 37.953822 ], [ -78.381362, 37.95498 ], [ -78.380661, 37.957833 ], [ -78.381006, 37.959952 ], [ -78.383156, 37.963893 ], [ -78.386479, 37.967657 ], [ -78.387004, 37.969709 ], [ -78.388259, 37.970806 ], [ -78.389714, 37.971225 ], [ -78.394593, 37.970886 ], [ -78.398346, 37.971362 ], [ -78.401666, 37.971147 ], [ -78.409474, 37.969853 ], [ -78.411114, 37.970142 ], [ -78.415739, 37.974082 ], [ -78.416662, 37.976638 ], [ -78.417565, 37.977629 ], [ -78.425468, 37.980703 ], [ -78.431569, 37.982544 ], [ -78.432495, 37.983234 ], [ -78.434582, 37.985945 ], [ -78.442953, 37.989411 ], [ -78.444711, 37.992838 ], [ -78.447114, 37.993188 ], [ -78.449805, 37.994549 ], [ -78.450605, 37.996256 ], [ -78.451386, 37.996979 ], [ -78.451751, 37.998355 ], [ -78.450667, 38.000712 ], [ -78.450748, 38.00118 ], [ -78.45471, 38.002772 ], [ -78.45511, 38.00333 ], [ -78.455142, 38.004333 ], [ -78.456463, 38.005706 ], [ -78.457841, 38.006055 ], [ -78.460628, 38.008588 ], [ -78.462749, 38.008366 ], [ -78.463402, 38.00926 ], [ -78.464172, 38.009399 ], [ -78.470384, 38.006649 ], [ -78.474746, 38.003719 ], [ -78.476127, 38.003172 ], [ -78.478579, 38.003052 ], [ -78.481031, 38.003978 ] ] ] } },
{ "type": "Feature", "properties": { "GEOID": "510030113032", "locality": "albemarle", "factor": 1.022, "factor_lo": 0.99, "factor_hi": 1.055, "n_sales": 306.0, "median_price": 382031.0, "median_ppsf": 223.0, "median_sqft": 1597.0, "est_price": 535000.0, "mo_pay": 2710.0, "mo_delta": 60.0, "dist_mi": 2.3, "drive_mo": 70.0, "allin_mo": 2780.0, "in_zone": "False", "pooled": "False", "unit": "510030113032", "acs_rent": 2090.0, "rent_factor": 1.151, "pred_rent": 1816.0, "renters": 155 }, "geometry": { "type": "Polygon", "coordinates": [ [ [ -78.513187, 37.997703 ], [ -78.512985, 37.998367 ], [ -78.512361, 37.998713 ], [ -78.508206, 38.004377 ], [ -78.503691, 38.009816 ], [ -78.501288, 38.011435 ], [ -78.500507, 38.012633 ], [ -78.498837, 38.012904 ], [ -78.493665, 38.015276 ], [ -78.491355, 38.017503 ], [ -78.489124, 38.017543 ], [ -78.487988, 38.016612 ], [ -78.485365, 38.015923 ], [ -78.499375, 37.998636 ], [ -78.502264, 37.993979 ], [ -78.504149, 37.993587 ], [ -78.505251, 37.993901 ], [ -78.505677, 37.994769 ], [ -78.505067, 37.995896 ], [ -78.50571, 37.996408 ], [ -78.506648, 37.996464 ], [ -78.507119, 37.995687 ], [ -78.507172, 37.996113 ], [ -78.507804, 37.996223 ], [ -78.508018, 37.996783 ], [ -78.508727, 37.996234 ], [ -78.510183, 37.996751 ], [ -78.510502, 37.997174 ], [ -78.512501, 37.997324 ], [ -78.513187, 37.997703 ] ] ] } },
{ "type": "Feature", "properties": { "GEOID": "510030114001", "locality": "albemarle", "factor": 0.705, "factor_lo": 0.698, "factor_hi": 0.712, "n_sales": 88.0, "median_price": 287000.0, "median_ppsf": 195.0, "median_sqft": 1596.0, "est_price": 369000.0, "mo_pay": 1870.0, "mo_delta": -780.0, "dist_mi": 14.0, "drive_mo": 430.0, "allin_mo": 2300.0, "in_zone": "False", "pooled": "False", "unit": "510030114001", "acs_rent": 1093.0, "rent_factor": 0.685, "pred_rent": 1595.0, "renters": 97 }, "geometry": { "type": "Polygon", "coordinates": [ [ [ -78.652627, 37.82587 ], [ -78.649889, 37.829665 ], [ -78.647992, 37.831024 ], [ -78.645367, 37.834152 ], [ -78.640859, 37.840362 ], [ -78.640615, 37.841752 ], [ -78.638956, 37.845317 ], [ -78.635664, 37.849511 ], [ -78.635347, 37.851329 ], [ -78.634691, 37.852434 ], [ -78.632268, 37.853555 ], [ -78.631456, 37.855505 ], [ -78.630232, 37.857321 ], [ -78.626939, 37.859876 ], [ -78.624057, 37.863046 ], [ -78.623128, 37.865041 ], [ -78.620884, 37.866487 ], [ -78.618829, 37.869282 ], [ -78.616998, 37.87072 ], [ -78.616245, 37.872224 ], [ -78.614354, 37.874531 ], [ -78.608021, 37.88066 ], [ -78.605645, 37.88367 ], [ -78.60421, 37.884586 ], [ -78.60283, 37.885984 ], [ -78.60046, 37.888688 ], [ -78.599577, 37.890477 ], [ -78.598791, 37.89121 ], [ -78.591624, 37.887616 ], [ -78.586028, 37.88598 ], [ -78.584537, 37.884213 ], [ -78.581347, 37.881849 ], [ -78.576154, 37.879652 ], [ -78.574152, 37.878151 ], [ -78.569212, 37.875568 ], [ -78.558399, 37.865859 ], [ -78.555546, 37.864829 ], [ -78.554612, 37.865071 ], [ -78.553195, 37.864771 ], [ -78.547558, 37.86161 ], [ -78.53836, 37.859503 ], [ -78.534044, 37.857649 ], [ -78.531898, 37.856164 ], [ -78.530913, 37.855941 ], [ -78.530272, 37.85652 ], [ -78.52502, 37.856671 ], [ -78.516156, 37.849484 ], [ -78.512987, 37.847797 ], [ -78.509416, 37.84439 ], [ -78.507619, 37.841849 ], [ -78.504372, 37.838942 ], [ -78.49447, 37.832392 ], [ -78.490775, 37.831208 ], [ -78.487244, 37.831677 ], [ -78.486736, 37.832051 ], [ -78.485975, 37.834679 ], [ -78.485, 37.836517 ], [ -78.481508, 37.837487 ], [ -78.479951, 37.838849 ], [ -78.478444, 37.839579 ], [ -78.476871, 37.839844 ], [ -78.474167, 37.839689 ], [ -78.473831, 37.83889 ], [ -78.471792, 37.836635 ], [ -78.470492, 37.833793 ], [ -78.470424, 37.832572 ], [ -78.469681, 37.830814 ], [ -78.468654, 37.829945 ], [ -78.468625, 37.827375 ], [ -78.469094, 37.824559 ], [ -78.468748, 37.823737 ], [ -78.467764, 37.823414 ], [ -78.468477, 37.822604 ], [ -78.47211, 37.821547 ], [ -78.474071, 37.820313 ], [ -78.478346, 37.819961 ], [ -78.481992, 37.820645 ], [ -78.484905, 37.819693 ], [ -78.487126, 37.817842 ], [ -78.4895, 37.817723 ], [ -78.49232, 37.814182 ], [ -78.492876, 37.812875 ], [ -78.49532, 37.812744 ], [ -78.499029, 37.811376 ], [ -78.500839, 37.809871 ], [ -78.50175, 37.810021 ], [ -78.502057, 37.809646 ], [ -78.503733, 37.809394 ], [ -78.50464, 37.808484 ], [ -78.505407, 37.809174 ], [ -78.505452, 37.807935 ], [ -78.505736, 37.807936 ], [ -78.527546, 37.808518 ], [ -78.538891, 37.810452 ], [ -78.546228, 37.812618 ], [ -78.564297, 37.815355 ], [ -78.587509, 37.820315 ], [ -78.593649, 37.823437 ], [ -78.604779, 37.826446 ], [ -78.606643, 37.826371 ], [ -78.611538, 37.825061 ], [ -78.618903, 37.823998 ], [ -78.621111, 37.82398 ], [ -78.623542, 37.824441 ], [ -78.63525, 37.828617 ], [ -78.63709, 37.828893 ], [ -78.648763, 37.827397 ], [ -78.6503, 37.826902 ], [ -78.652514, 37.825614 ], [ -78.652627, 37.82587 ] ] ] } },
{ "type": "Feature", "properties": { "GEOID": "510030114004", "locality": "albemarle", "factor": 0.659, "factor_lo": 0.65, "factor_hi": 0.669, "n_sales": 79.0, "median_price": 265000.0, "median_ppsf": 205.0, "median_sqft": 1400.0, "est_price": 345000.0, "mo_pay": 1750.0, "mo_delta": -900.0, "dist_mi": 14.5, "drive_mo": 450.0, "allin_mo": 2190.0, "in_zone": "False", "pooled": "False", "unit": "510030114004", "acs_rent": 1277.0, "rent_factor": 0.786, "pred_rent": 1624.0, "renters": 41 }, "geometry": { "type": "Polygon", "coordinates": [ [ [ -78.760299, 37.914372 ], [ -78.756116, 37.91686 ], [ -78.754023, 37.919532 ], [ -78.753946, 37.920267 ], [ -78.753209, 37.920528 ], [ -78.752923, 37.920452 ], [ -78.753108, 37.919858 ], [ -78.752761, 37.919642 ], [ -78.751273, 37.920521 ], [ -78.750827, 37.920234 ], [ -78.750064, 37.920393 ], [ -78.749933, 37.919899 ], [ -78.750376, 37.919107 ], [ -78.749962, 37.918583 ], [ -78.748733, 37.919329 ], [ -78.748363, 37.920338 ], [ -78.747581, 37.920396 ], [ -78.747213, 37.921309 ], [ -78.746094, 37.920887 ], [ -78.745377, 37.921831 ], [ -78.743171, 37.921545 ], [ -78.742548, 37.920866 ], [ -78.74176, 37.920593 ], [ -78.739035, 37.920466 ], [ -78.737455, 37.920758 ], [ -78.736601, 37.921411 ], [ -78.734261, 37.921669 ], [ -78.733648, 37.92225 ], [ -78.730642, 37.921037 ], [ -78.725543, 37.921296 ], [ -78.724913, 37.921725 ], [ -78.723844, 37.92124 ], [ -78.721759, 37.921364 ], [ -78.721065, 37.920411 ], [ -78.718938, 37.918881 ], [ -78.716994, 37.918343 ], [ -78.715755, 37.917117 ], [ -78.711682, 37.915368 ], [ -78.70645, 37.911403 ], [ -78.705283, 37.909638 ], [ -78.70365, 37.908872 ], [ -78.700325, 37.9049 ], [ -78.694783, 37.900692 ], [ -78.696703, 37.898171 ], [ -78.694216, 37.896568 ], [ -78.692889, 37.897001 ], [ -78.692467, 37.896373 ], [ -78.692474, 37.895282 ], [ -78.691824, 37.894982 ], [ -78.690731, 37.895638 ], [ -78.689462, 37.897662 ], [ -78.686616, 37.898822 ], [ -78.685065, 37.900158 ], [ -78.683297, 37.900432 ], [ -78.681201, 37.901432 ], [ -78.673115, 37.907887 ], [ -78.671629, 37.90837 ], [ -78.669502, 37.907115 ], [ -78.665341, 37.906933 ], [ -78.663727, 37.906995 ], [ -78.661048, 37.907886 ], [ -78.658845, 37.910004 ], [ -78.65836, 37.911065 ], [ -78.657654, 37.911695 ], [ -78.654267, 37.91267 ], [ -78.652101, 37.913839 ], [ -78.648578, 37.916815 ], [ -78.645642, 37.917566 ], [ -78.644261, 37.918398 ], [ -78.642987, 37.919841 ], [ -78.641565, 37.920195 ], [ -78.639112, 37.918575 ], [ -78.634875, 37.918086 ], [ -78.634692, 37.91762 ], [ -78.632543, 37.91684 ], [ -78.631494, 37.916097 ], [ -78.630957, 37.916113 ], [ -78.62849, 37.917663 ], [ -78.626384, 37.917372 ], [ -78.624115, 37.916111 ], [ -78.623442, 37.915233 ], [ -78.622361, 37.911953 ], [ -78.622453, 37.910632 ], [ -78.621977, 37.909935 ], [ -78.619916, 37.908783 ], [ -78.614498, 37.907065 ], [ -78.612439, 37.904478 ], [ -78.612199, 37.899209 ], [ -78.609677, 37.895846 ], [ -78.605054, 37.892509 ], [ -78.603179, 37.892152 ], [ -78.602388, 37.891551 ], [ -78.60072, 37.892001 ], [ -78.598791, 37.89121 ], [ -78.599577, 37.890477 ], [ -78.60046, 37.888688 ], [ -78.60283, 37.885984 ], [ -78.60421, 37.884586 ], [ -78.605645, 37.88367 ], [ -78.608021, 37.88066 ], [ -78.614354, 37.874531 ], [ -78.616245, 37.872224 ], [ -78.616998, 37.87072 ], [ -78.618829, 37.869282 ], [ -78.620884, 37.866487 ], [ -78.623128, 37.865041 ], [ -78.624057, 37.863046 ], [ -78.626939, 37.859876 ], [ -78.630232, 37.857321 ], [ -78.631456, 37.855505 ], [ -78.632268, 37.853555 ], [ -78.634756, 37.852355 ], [ -78.635347, 37.851329 ], [ -78.635664, 37.849511 ], [ -78.638956, 37.845317 ], [ -78.640615, 37.841752 ], [ -78.640859, 37.840362 ], [ -78.643997, 37.835855 ], [ -78.647356, 37.83173 ], [ -78.649943, 37.829601 ], [ -78.652187, 37.826659 ], [ -78.652514, 37.825614 ], [ -78.662606, 37.81938 ], [ -78.666441, 37.816303 ], [ -78.671648, 37.811343 ], [ -78.673367, 37.81086 ], [ -78.676469, 37.811425 ], [ -78.679647, 37.811116 ], [ -78.681492, 37.81196 ], [ -78.683395, 37.812019 ], [ -78.684626, 37.812438 ], [ -78.68549, 37.813282 ], [ -78.686157, 37.815207 ], [ -78.687225, 37.816388 ], [ -78.70085, 37.822186 ], [ -78.704835, 37.825684 ], [ -78.705575, 37.825773 ], [ -78.708046, 37.825101 ], [ -78.71615, 37.838507 ], [ -78.721771, 37.846965 ], [ -78.730265, 37.861262 ], [ -78.73395, 37.868869 ], [ -78.760299, 37.914372 ] ] ] } },
{ "type": "Feature", "properties": { "GEOID": "510030104012", "locality": "albemarle", "factor": 0.907, "factor_lo": 0.899, "factor_hi": 0.915, "n_sales": 74.0, "median_price": 560250.0, "median_ppsf": 272.0, "median_sqft": 1955.0, "est_price": 475000.0, "mo_pay": 2400.0, "mo_delta": -250.0, "dist_mi": 10.9, "drive_mo": 340.0, "allin_mo": 2740.0, "in_zone": "False", "pooled": "False", "unit": "510030104012", "acs_rent": 971.0, "rent_factor": 0.593, "pred_rent": 1637.0, "renters": 137 }, "geometry": { "type": "Polygon", "coordinates": [ [ [ -78.332807, 38.089807 ], [ -78.331909, 38.090823 ], [ -78.330801, 38.091006 ], [ -78.329483, 38.092123 ], [ -78.323827, 38.094313 ], [ -78.322747, 38.093159 ], [ -78.320138, 38.09309 ], [ -78.318856, 38.0937 ], [ -78.317617, 38.094884 ], [ -78.316554, 38.097254 ], [ -78.315851, 38.098155 ], [ -78.314585, 38.098744 ], [ -78.314535, 38.09928 ], [ -78.316128, 38.103856 ], [ -78.316719, 38.104512 ], [ -78.317278, 38.106316 ], [ -78.318053, 38.10735 ], [ -78.31773, 38.108177 ], [ -78.317162, 38.109403 ], [ -78.315512, 38.110768 ], [ -78.313254, 38.114455 ], [ -78.311442, 38.116382 ], [ -78.307674, 38.119007 ], [ -78.305803, 38.122435 ], [ -78.304512, 38.121913 ], [ -78.300943, 38.122677 ], [ -78.296986, 38.122468 ], [ -78.29543, 38.121969 ], [ -78.29478, 38.122463 ], [ -78.292648, 38.122374 ], [ -78.289174, 38.12344 ], [ -78.288616, 38.123917 ], [ -78.288299, 38.125564 ], [ -78.287361, 38.127211 ], [ -78.286768, 38.127659 ], [ -78.285894, 38.127757 ], [ -78.285476, 38.128289 ], [ -78.285701, 38.128666 ], [ -78.285513, 38.129096 ], [ -78.286167, 38.129492 ], [ -78.284272, 38.131762 ], [ -78.27679, 38.13353 ], [ -78.272021, 38.136049 ], [ -78.270551, 38.136468 ], [ -78.26945, 38.1372 ], [ -78.265081, 38.142348 ], [ -78.264208, 38.1425 ], [ -78.261475, 38.142118 ], [ -78.260591, 38.142367 ], [ -78.259056, 38.144133 ], [ -78.257226, 38.144745 ], [ -78.256583, 38.146239 ], [ -78.256818, 38.147905 ], [ -78.209384, 38.131128 ], [ -78.23278, 38.094788 ], [ -78.253989, 38.062813 ], [ -78.274773, 38.042429 ], [ -78.28492, 38.029806 ], [ -78.293178, 38.020989 ], [ -78.292429, 38.02416 ], [ -78.29338, 38.025815 ], [ -78.296632, 38.025644 ], [ -78.299151, 38.026694 ], [ -78.300168, 38.028306 ], [ -78.302252, 38.030524 ], [ -78.302126, 38.031494 ], [ -78.305518, 38.034715 ], [ -78.305844, 38.035495 ], [ -78.30552, 38.036846 ], [ -78.30815, 38.038343 ], [ -78.312895, 38.039967 ], [ -78.315351, 38.041706 ], [ -78.315318, 38.043217 ], [ -78.316034, 38.045048 ], [ -78.315734, 38.046603 ], [ -78.313417, 38.049322 ], [ -78.310292, 38.054494 ], [ -78.324897, 38.066675 ], [ -78.326101, 38.069042 ], [ -78.328267, 38.070507 ], [ -78.329288, 38.071745 ], [ -78.329705, 38.07288 ], [ -78.329295, 38.074487 ], [ -78.330378, 38.076415 ], [ -78.330219, 38.077612 ], [ -78.329428, 38.07854 ], [ -78.330582, 38.079257 ], [ -78.330756, 38.079717 ], [ -78.330424, 38.08069 ], [ -78.331251, 38.081169 ], [ -78.331198, 38.08205 ], [ -78.332623, 38.083869 ], [ -78.332133, 38.084687 ], [ -78.332421, 38.08587 ], [ -78.332067, 38.086301 ], [ -78.332633, 38.087894 ], [ -78.332807, 38.089807 ] ] ] } },
{ "type": "Feature", "properties": { "GEOID": "510030101001", "locality": "albemarle", "factor": 0.822, "factor_lo": 0.822, "factor_hi": 0.822, "n_sales": 153.0, "median_price": 505000.0, "median_ppsf": 239.0, "median_sqft": 2282.0, "est_price": 431000.0, "mo_pay": 2180.0, "mo_delta": -470.0, "dist_mi": 11.0, "drive_mo": 340.0, "allin_mo": 2520.0, "in_zone": "False", "pooled": "False", "unit": "510030101001", "acs_rent": 1631.0, "rent_factor": 0.869, "pred_rent": 1877.0, "renters": 134 }, "geometry": { "type": "Polygon", "coordinates": [ [ [ -78.623792, 38.259787 ], [ -78.623191, 38.260786 ], [ -78.621731, 38.260938 ], [ -78.620974, 38.261973 ], [ -78.620785, 38.263271 ], [ -78.593696, 38.253523 ], [ -78.522545, 38.231133 ], [ -78.465449, 38.214047 ], [ -78.465694, 38.213302 ], [ -78.468993, 38.209269 ], [ -78.47128, 38.203393 ], [ -78.474408, 38.201351 ], [ -78.476801, 38.201004 ], [ -78.478049, 38.199566 ], [ -78.479965, 38.198656 ], [ -78.481142, 38.196492 ], [ -78.482338, 38.195386 ], [ -78.482802, 38.192949 ], [ -78.484121, 38.191103 ], [ -78.485929, 38.186247 ], [ -78.487019, 38.184619 ], [ -78.487099, 38.183688 ], [ -78.488248, 38.182715 ], [ -78.490664, 38.182567 ], [ -78.492118, 38.1828 ], [ -78.49318, 38.181875 ], [ -78.493583, 38.180668 ], [ -78.49276, 38.178167 ], [ -78.492759, 38.176744 ], [ -78.49412, 38.174518 ], [ -78.494783, 38.176496 ], [ -78.496125, 38.177259 ], [ -78.499977, 38.177184 ], [ -78.502817, 38.176218 ], [ -78.504413, 38.17482 ], [ -78.50592, 38.171442 ], [ -78.512126, 38.168364 ], [ -78.515254, 38.165605 ], [ -78.516437, 38.163934 ], [ -78.518745, 38.16196 ], [ -78.520668, 38.159725 ], [ -78.52446, 38.157026 ], [ -78.524746, 38.155373 ], [ -78.52455, 38.153279 ], [ -78.525566, 38.151994 ], [ -78.524784, 38.148975 ], [ -78.52531, 38.146186 ], [ -78.52685, 38.143892 ], [ -78.527913, 38.14318 ], [ -78.528171, 38.142581 ], [ -78.527193, 38.14149 ], [ -78.526746, 38.136669 ], [ -78.526377, 38.135525 ], [ -78.524718, 38.132703 ], [ -78.518935, 38.128382 ], [ -78.517365, 38.12875 ], [ -78.5165, 38.129584 ], [ -78.514861, 38.128694 ], [ -78.517018, 38.125666 ], [ -78.51703, 38.124145 ], [ -78.517727, 38.123576 ], [ -78.519024, 38.122683 ], [ -78.520808, 38.122431 ], [ -78.522552, 38.121269 ], [ -78.523823, 38.121639 ], [ -78.525664, 38.123197 ], [ -78.525742, 38.127807 ], [ -78.526127, 38.128286 ], [ -78.528303, 38.128738 ], [ -78.530211, 38.128197 ], [ -78.531628, 38.128921 ], [ -78.532259, 38.129709 ], [ -78.532161, 38.131735 ], [ -78.533258, 38.133999 ], [ -78.532576, 38.136841 ], [ -78.532967, 38.13853 ], [ -78.534951, 38.138852 ], [ -78.538147, 38.137643 ], [ -78.538649, 38.137822 ], [ -78.538489, 38.138339 ], [ -78.538878, 38.138833 ], [ -78.538641, 38.140024 ], [ -78.539441, 38.141134 ], [ -78.538996, 38.141584 ], [ -78.539649, 38.142045 ], [ -78.538265, 38.143308 ], [ -78.537076, 38.143555 ], [ -78.536867, 38.143939 ], [ -78.539419, 38.144774 ], [ -78.540969, 38.144802 ], [ -78.541637, 38.145395 ], [ -78.538048, 38.146514 ], [ -78.53777, 38.147047 ], [ -78.53793, 38.147629 ], [ -78.538875, 38.14932 ], [ -78.540662, 38.149282 ], [ -78.543457, 38.14998 ], [ -78.543387, 38.151161 ], [ -78.542643, 38.151325 ], [ -78.542392, 38.152616 ], [ -78.54121, 38.153274 ], [ -78.540382, 38.15351 ], [ -78.539312, 38.15329 ], [ -78.538686, 38.153752 ], [ -78.539366, 38.155954 ], [ -78.539777, 38.156173 ], [ -78.540416, 38.157458 ], [ -78.541118, 38.158062 ], [ -78.54367, 38.158864 ], [ -78.545471, 38.160616 ], [ -78.547439, 38.160694 ], [ -78.548273, 38.16149 ], [ -78.548134, 38.162088 ], [ -78.548524, 38.162648 ], [ -78.550909, 38.162429 ], [ -78.551104, 38.162731 ], [ -78.551744, 38.162764 ], [ -78.553795, 38.165114 ], [ -78.55479, 38.165669 ], [ -78.555464, 38.165735 ], [ -78.556751, 38.164494 ], [ -78.557892, 38.164093 ], [ -78.558351, 38.164341 ], [ -78.558858, 38.165488 ], [ -78.559901, 38.166361 ], [ -78.562204, 38.167701 ], [ -78.564088, 38.168058 ], [ -78.564492, 38.169008 ], [ -78.564555, 38.173791 ], [ -78.565188, 38.176443 ], [ -78.566655, 38.177135 ], [ -78.567796, 38.179073 ], [ -78.572088, 38.179968 ], [ -78.572422, 38.18072 ], [ -78.572304, 38.181445 ], [ -78.572916, 38.181533 ], [ -78.573779, 38.180522 ], [ -78.574508, 38.180328 ], [ -78.574494, 38.181781 ], [ -78.573939, 38.183367 ], [ -78.574863, 38.18493 ], [ -78.574746, 38.186665 ], [ -78.574279, 38.18757 ], [ -78.57228, 38.188985 ], [ -78.571998, 38.18973 ], [ -78.573783, 38.191131 ], [ -78.577972, 38.197543 ], [ -78.578576, 38.198991 ], [ -78.578561, 38.200702 ], [ -78.57975, 38.206513 ], [ -78.578316, 38.209106 ], [ -78.579082, 38.211685 ], [ -78.580218, 38.212844 ], [ -78.582422, 38.214322 ], [ -78.582822, 38.214963 ], [ -78.582637, 38.216503 ], [ -78.581688, 38.218663 ], [ -78.582556, 38.22054 ], [ -78.582816, 38.223734 ], [ -78.583643, 38.225687 ], [ -78.584334, 38.226144 ], [ -78.586534, 38.226421 ], [ -78.588368, 38.227711 ], [ -78.590408, 38.228232 ], [ -78.590717, 38.22939 ], [ -78.591888, 38.230696 ], [ -78.592124, 38.231485 ], [ -78.594238, 38.233409 ], [ -78.595387, 38.234285 ], [ -78.597042, 38.234674 ], [ -78.597674, 38.235229 ], [ -78.598032, 38.23624 ], [ -78.599591, 38.236379 ], [ -78.602862, 38.238964 ], [ -78.603874, 38.238997 ], [ -78.60553, 38.238404 ], [ -78.608276, 38.238781 ], [ -78.613588, 38.239638 ], [ -78.615139, 38.240352 ], [ -78.617686, 38.240468 ], [ -78.619837, 38.24145 ], [ -78.620584, 38.243287 ], [ -78.62026, 38.245923 ], [ -78.621091, 38.249951 ], [ -78.621563, 38.251212 ], [ -78.623395, 38.253795 ], [ -78.622417, 38.255981 ], [ -78.622654, 38.256719 ], [ -78.623439, 38.257461 ], [ -78.623262, 38.258242 ], [ -78.623792, 38.259787 ] ] ] } },
{ "type": "Feature", "properties": { "GEOID": "510030108021", "locality": "albemarle", "factor": 1.042, "factor_lo": 1.009, "factor_hi": 1.075, "n_sales": 211.0, "median_price": 447000.0, "median_ppsf": 243.0, "median_sqft": 1902.0, "est_price": 546000.0, "mo_pay": 2760.0, "mo_delta": 110.0, "dist_mi": 3.3, "drive_mo": 100.0, "allin_mo": 2860.0, "in_zone": "False", "pooled": "False", "unit": "510030108021", "acs_rent": 2925.0, "rent_factor": 1.659, "pred_rent": 1764.0, "renters": 268 }, "geometry": { "type": "Polygon", "coordinates": [ [ [ -78.533691, 38.05945 ], [ -78.532795, 38.060525 ], [ -78.532357, 38.061806 ], [ -78.533317, 38.062812 ], [ -78.533149, 38.063545 ], [ -78.533406, 38.064255 ], [ -78.532928, 38.066525 ], [ -78.53346, 38.068206 ], [ -78.531339, 38.069571 ], [ -78.531114, 38.070068 ], [ -78.531921, 38.073215 ], [ -78.531297, 38.074469 ], [ -78.531575, 38.074706 ], [ -78.530408, 38.074625 ], [ -78.529581, 38.075125 ], [ -78.528699, 38.074317 ], [ -78.527296, 38.075646 ], [ -78.527462, 38.076167 ], [ -78.529219, 38.076871 ], [ -78.529406, 38.078803 ], [ -78.52835, 38.079056 ], [ -78.525176, 38.077946 ], [ -78.520841, 38.078098 ], [ -78.520827, 38.078652 ], [ -78.522209, 38.079273 ], [ -78.522201, 38.079734 ], [ -78.521006, 38.080047 ], [ -78.520832, 38.081425 ], [ -78.519998, 38.081837 ], [ -78.51983, 38.083012 ], [ -78.519393, 38.082995 ], [ -78.517942, 38.08188 ], [ -78.517198, 38.081934 ], [ -78.516934, 38.082626 ], [ -78.517454, 38.083571 ], [ -78.517301, 38.083999 ], [ -78.516349, 38.083603 ], [ -78.514496, 38.082032 ], [ -78.513009, 38.081746 ], [ -78.512426, 38.081932 ], [ -78.512119, 38.083728 ], [ -78.511075, 38.086165 ], [ -78.511212, 38.088235 ], [ -78.508223, 38.090084 ], [ -78.507478, 38.09166 ], [ -78.505573, 38.093092 ], [ -78.504614, 38.094393 ], [ -78.504703, 38.095886 ], [ -78.502774, 38.097003 ], [ -78.502234, 38.098295 ], [ -78.501479, 38.098408 ], [ -78.497403, 38.096354 ], [ -78.495435, 38.09605 ], [ -78.495435, 38.096454 ], [ -78.496564, 38.097379 ], [ -78.496879, 38.098248 ], [ -78.496449, 38.099481 ], [ -78.495054, 38.099636 ], [ -78.494825, 38.099282 ], [ -78.495073, 38.098569 ], [ -78.49295, 38.0976 ], [ -78.491796, 38.096159 ], [ -78.489639, 38.095866 ], [ -78.488405, 38.094478 ], [ -78.488126, 38.09363 ], [ -78.488544, 38.092592 ], [ -78.488412, 38.091627 ], [ -78.487732, 38.091219 ], [ -78.486955, 38.091394 ], [ -78.485359, 38.091137 ], [ -78.484581, 38.09129 ], [ -78.482343, 38.093279 ], [ -78.479692, 38.093765 ], [ -78.47512, 38.096964 ], [ -78.472692, 38.099874 ], [ -78.471959, 38.102478 ], [ -78.47105, 38.103844 ], [ -78.469793, 38.104561 ], [ -78.467619, 38.104637 ], [ -78.466529, 38.103717 ], [ -78.461235, 38.101011 ], [ -78.466497, 38.09437 ], [ -78.473788, 38.081788 ], [ -78.474428, 38.082754 ], [ -78.478275, 38.085743 ], [ -78.480754, 38.086979 ], [ -78.483211, 38.086625 ], [ -78.489615, 38.083342 ], [ -78.491968, 38.081828 ], [ -78.495952, 38.078381 ], [ -78.498949, 38.074158 ], [ -78.499323, 38.072698 ], [ -78.499087, 38.071202 ], [ -78.503444, 38.067439 ], [ -78.504125, 38.066092 ], [ -78.51043, 38.06724 ], [ -78.513373, 38.068235 ], [ -78.51416, 38.068837 ], [ -78.515921, 38.066006 ], [ -78.514716, 38.063877 ], [ -78.515994, 38.063346 ], [ -78.517176, 38.062375 ], [ -78.518384, 38.062026 ], [ -78.518853, 38.062082 ], [ -78.518965, 38.062517 ], [ -78.518156, 38.062771 ], [ -78.517787, 38.063479 ], [ -78.518885, 38.063492 ], [ -78.519796, 38.063069 ], [ -78.520988, 38.060652 ], [ -78.521694, 38.059868 ], [ -78.521822, 38.058817 ], [ -78.522441, 38.058334 ], [ -78.522489, 38.056434 ], [ -78.522853, 38.05602 ], [ -78.524312, 38.056502 ], [ -78.526333, 38.054802 ], [ -78.527186, 38.053632 ], [ -78.527589, 38.051634 ], [ -78.530408, 38.054157 ], [ -78.530678, 38.056499 ], [ -78.533367, 38.058693 ], [ -78.533691, 38.05945 ] ] ] } },
{ "type": "Feature", "properties": { "GEOID": "510030112024", "locality": "albemarle", "factor": 0.903, "factor_lo": 0.883, "factor_hi": 0.924, "n_sales": 98.0, "median_price": 1102500.0, "median_ppsf": 331.0, "median_sqft": 3532.0, "est_price": 473000.0, "mo_pay": 2390.0, "mo_delta": -260.0, "dist_mi": 5.4, "drive_mo": 170.0, "allin_mo": 2560.0, "in_zone": "False", "pooled": "False", "unit": "510030112024", "acs_rent": 1260.0, "rent_factor": 0.786, "pred_rent": 1603.0, "renters": 43 }, "geometry": { "type": "Polygon", "coordinates": [ [ [ -78.636637, 38.033191 ], [ -78.62648, 38.034925 ], [ -78.624473, 38.034763 ], [ -78.614537, 38.035852 ], [ -78.608989, 38.035656 ], [ -78.604946, 38.034924 ], [ -78.601072, 38.033705 ], [ -78.58109, 38.024129 ], [ -78.574745, 38.022207 ], [ -78.568465, 38.021634 ], [ -78.545504, 38.022555 ], [ -78.542314, 38.022325 ], [ -78.539173, 38.021647 ], [ -78.536609, 38.020729 ], [ -78.546269, 38.015559 ], [ -78.550236, 38.013017 ], [ -78.552186, 38.012316 ], [ -78.552431, 38.010009 ], [ -78.552071, 38.007981 ], [ -78.55154, 38.006562 ], [ -78.5504, 38.006001 ], [ -78.549773, 38.006772 ], [ -78.547729, 38.007684 ], [ -78.533109, 38.003777 ], [ -78.542443, 37.991236 ], [ -78.551799, 37.979881 ], [ -78.556754, 37.979417 ], [ -78.559184, 37.978464 ], [ -78.562321, 37.978595 ], [ -78.564439, 37.977682 ], [ -78.56777, 37.97393 ], [ -78.570574, 37.972018 ], [ -78.572805, 37.969882 ], [ -78.577705, 37.963323 ], [ -78.582081, 37.959081 ], [ -78.583249, 37.955177 ], [ -78.584664, 37.954538 ], [ -78.586935, 37.954095 ], [ -78.589154, 37.952643 ], [ -78.591239, 37.952575 ], [ -78.591844, 37.951544 ], [ -78.592994, 37.951534 ], [ -78.595572, 37.953777 ], [ -78.5957, 37.954382 ], [ -78.5951, 37.955696 ], [ -78.595541, 37.956341 ], [ -78.606256, 37.959566 ], [ -78.610754, 37.963034 ], [ -78.614369, 37.964102 ], [ -78.615341, 37.964737 ], [ -78.615912, 37.965774 ], [ -78.615971, 37.967308 ], [ -78.617081, 37.969225 ], [ -78.617727, 37.971095 ], [ -78.619768, 37.97209 ], [ -78.620532, 37.973912 ], [ -78.621819, 37.975304 ], [ -78.624904, 37.986715 ], [ -78.631964, 37.990197 ], [ -78.629287, 37.996098 ], [ -78.628356, 37.99749 ], [ -78.628147, 37.998784 ], [ -78.626965, 38.000238 ], [ -78.627281, 38.005686 ], [ -78.626961, 38.007691 ], [ -78.627428, 38.009592 ], [ -78.625891, 38.013173 ], [ -78.625854, 38.014511 ], [ -78.62611, 38.015295 ], [ -78.629321, 38.019684 ], [ -78.629739, 38.021568 ], [ -78.636092, 38.031167 ], [ -78.636637, 38.033191 ] ] ] } },
{ "type": "Feature", "properties": { "GEOID": "510030113015", "locality": "albemarle", "factor": 0.835, "factor_lo": 0.822, "factor_hi": 0.848, "n_sales": 36.0, "median_price": 356000.0, "median_ppsf": 232.0, "median_sqft": 1461.0, "est_price": 437000.0, "mo_pay": 2210.0, "mo_delta": -440.0, "dist_mi": 5.8, "drive_mo": 180.0, "allin_mo": 2390.0, "in_zone": "False", "pooled": "False", "unit": "510030113015", "acs_rent": 1380.0, "rent_factor": 0.837, "pred_rent": 1650.0, "renters": 176 }, "geometry": { "type": "Polygon", "coordinates": [ [ [ -78.550381, 37.917074 ], [ -78.548144, 37.921298 ], [ -78.548563, 37.923839 ], [ -78.547813, 37.927354 ], [ -78.546464, 37.929842 ], [ -78.543185, 37.933592 ], [ -78.541827, 37.936116 ], [ -78.538342, 37.939945 ], [ -78.537843, 37.941772 ], [ -78.535318, 37.945258 ], [ -78.534952, 37.947239 ], [ -78.533559, 37.950179 ], [ -78.535932, 37.95078 ], [ -78.538006, 37.952448 ], [ -78.538329, 37.952112 ], [ -78.538064, 37.952495 ], [ -78.53915, 37.953711 ], [ -78.540584, 37.95365 ], [ -78.541999, 37.954304 ], [ -78.541305, 37.956007 ], [ -78.541443, 37.958736 ], [ -78.540881, 37.959812 ], [ -78.54095, 37.960768 ], [ -78.539458, 37.963151 ], [ -78.5385, 37.963689 ], [ -78.538541, 37.964776 ], [ -78.537951, 37.966407 ], [ -78.535973, 37.969437 ], [ -78.533836, 37.970337 ], [ -78.533171, 37.970101 ], [ -78.532388, 37.968124 ], [ -78.532049, 37.965384 ], [ -78.529691, 37.963679 ], [ -78.52123, 37.97034 ], [ -78.523356, 37.971248 ], [ -78.517303, 37.978513 ], [ -78.514298, 37.977018 ], [ -78.512064, 37.977577 ], [ -78.510985, 37.97726 ], [ -78.508639, 37.979201 ], [ -78.505354, 37.982691 ], [ -78.499916, 37.989153 ], [ -78.497006, 37.991096 ], [ -78.490304, 37.992778 ], [ -78.48686, 37.994726 ], [ -78.484927, 37.998431 ], [ -78.482989, 37.999895 ], [ -78.481101, 38.00383 ], [ -78.478579, 38.003052 ], [ -78.475967, 38.003215 ], [ -78.474746, 38.003719 ], [ -78.470061, 38.006815 ], [ -78.4638, 38.00943 ], [ -78.462749, 38.008366 ], [ -78.461191, 38.008678 ], [ -78.460086, 38.008322 ], [ -78.457841, 38.006055 ], [ -78.456696, 38.005895 ], [ -78.45519, 38.004402 ], [ -78.45511, 38.00333 ], [ -78.45471, 38.002772 ], [ -78.450748, 38.00118 ], [ -78.450667, 38.000712 ], [ -78.451751, 37.998355 ], [ -78.451386, 37.996979 ], [ -78.450605, 37.996256 ], [ -78.449954, 37.994704 ], [ -78.447114, 37.993188 ], [ -78.444711, 37.992838 ], [ -78.443115, 37.989905 ], [ -78.442989, 37.989449 ], [ -78.444359, 37.987948 ], [ -78.445503, 37.984928 ], [ -78.446783, 37.98394 ], [ -78.449349, 37.981088 ], [ -78.451019, 37.977963 ], [ -78.451981, 37.976546 ], [ -78.453377, 37.975305 ], [ -78.455402, 37.971846 ], [ -78.458819, 37.969171 ], [ -78.460157, 37.968495 ], [ -78.460221, 37.967233 ], [ -78.461051, 37.96549 ], [ -78.470067, 37.956189 ], [ -78.478691, 37.950094 ], [ -78.481635, 37.947599 ], [ -78.48678, 37.945114 ], [ -78.488079, 37.94407 ], [ -78.488832, 37.944009 ], [ -78.49174, 37.94537 ], [ -78.492707, 37.945096 ], [ -78.497906, 37.940467 ], [ -78.498364, 37.937919 ], [ -78.499968, 37.936433 ], [ -78.500783, 37.9346 ], [ -78.500879, 37.933203 ], [ -78.500376, 37.931733 ], [ -78.502359, 37.92798 ], [ -78.500587, 37.926515 ], [ -78.500079, 37.925703 ], [ -78.497738, 37.924293 ], [ -78.496016, 37.920705 ], [ -78.495894, 37.919547 ], [ -78.49706, 37.916552 ], [ -78.497072, 37.913 ], [ -78.495152, 37.911242 ], [ -78.490509, 37.908861 ], [ -78.489824, 37.907121 ], [ -78.488876, 37.905866 ], [ -78.488401, 37.904388 ], [ -78.490385, 37.905021 ], [ -78.491687, 37.905021 ], [ -78.49852, 37.901601 ], [ -78.500185, 37.90109 ], [ -78.501321, 37.900955 ], [ -78.502813, 37.901412 ], [ -78.504661, 37.90123 ], [ -78.505933, 37.901976 ], [ -78.506718, 37.902068 ], [ -78.507873, 37.901801 ], [ -78.509308, 37.900485 ], [ -78.511543, 37.899401 ], [ -78.514414, 37.898776 ], [ -78.520228, 37.898568 ], [ -78.521982, 37.899042 ], [ -78.525864, 37.901983 ], [ -78.529581, 37.90235 ], [ -78.530884, 37.903096 ], [ -78.533458, 37.901962 ], [ -78.534736, 37.902109 ], [ -78.536089, 37.904692 ], [ -78.536025, 37.905566 ], [ -78.535131, 37.90659 ], [ -78.535221, 37.907067 ], [ -78.537304, 37.908352 ], [ -78.542278, 37.909604 ], [ -78.54305, 37.908547 ], [ -78.544232, 37.910743 ], [ -78.54655, 37.912868 ], [ -78.54811, 37.913822 ], [ -78.550135, 37.916166 ], [ -78.550381, 37.917074 ] ] ] } },
{ "type": "Feature", "properties": { "GEOID": "510030111011", "locality": "albemarle", "factor": 0.976, "factor_lo": 0.945, "factor_hi": 1.007, "n_sales": 326.0, "median_price": 377650.0, "median_ppsf": 213.0, "median_sqft": 1825.0, "est_price": 511000.0, "mo_pay": 2580.0, "mo_delta": -60.0, "dist_mi": 9.4, "drive_mo": 290.0, "allin_mo": 2870.0, "in_zone": "False", "pooled": "False", "unit": "510030111011", "acs_rent": 2212.0, "rent_factor": 1.259, "pred_rent": 1757.0, "renters": 304 }, "geometry": { "type": "Polygon", "coordinates": [ [ [ -78.70104, 38.082604 ], [ -78.699344, 38.084322 ], [ -78.695719, 38.090354 ], [ -78.693799, 38.092193 ], [ -78.6937, 38.094498 ], [ -78.69318, 38.095151 ], [ -78.692145, 38.095681 ], [ -78.691077, 38.094947 ], [ -78.682339, 38.095083 ], [ -78.674747, 38.087 ], [ -78.672736, 38.088289 ], [ -78.671602, 38.08827 ], [ -78.667586, 38.089818 ], [ -78.66618, 38.089203 ], [ -78.663731, 38.089676 ], [ -78.658559, 38.089544 ], [ -78.656906, 38.083982 ], [ -78.654547, 38.081777 ], [ -78.654001, 38.080332 ], [ -78.651933, 38.078454 ], [ -78.650056, 38.077706 ], [ -78.649268, 38.076684 ], [ -78.65126, 38.073966 ], [ -78.651469, 38.072939 ], [ -78.651257, 38.071728 ], [ -78.651885, 38.069525 ], [ -78.650349, 38.067076 ], [ -78.65123, 38.06486 ], [ -78.649094, 38.06462 ], [ -78.647831, 38.063783 ], [ -78.647693, 38.063331 ], [ -78.648482, 38.062016 ], [ -78.647875, 38.061987 ], [ -78.647991, 38.061554 ], [ -78.651636, 38.061992 ], [ -78.657286, 38.061339 ], [ -78.664866, 38.06264 ], [ -78.67037, 38.064943 ], [ -78.674946, 38.067876 ], [ -78.678227, 38.068758 ], [ -78.696703, 38.068837 ], [ -78.69974, 38.069366 ], [ -78.700606, 38.069733 ], [ -78.698171, 38.072999 ], [ -78.699025, 38.076733 ], [ -78.698586, 38.07852 ], [ -78.699679, 38.081124 ], [ -78.70104, 38.082604 ] ] ] } },
{ "type": "Feature", "properties": { "GEOID": "510030113014", "locality": "albemarle", "factor": 0.814, "factor_lo": 0.806, "factor_hi": 0.821, "n_sales": 44.0, "median_price": 365000.0, "median_ppsf": 217.0, "median_sqft": 1842.0, "est_price": 426000.0, "mo_pay": 2150.0, "mo_delta": -490.0, "dist_mi": 6.2, "drive_mo": 190.0, "allin_mo": 2340.0, "in_zone": "False", "pooled": "False", "unit": "510030113014", "acs_rent": null, "rent_factor": null, "pred_rent": null, "renters": 8 }, "geometry": { "type": "Polygon", "coordinates": [ [ [ -78.592994, 37.951534 ], [ -78.591844, 37.951544 ], [ -78.591239, 37.952575 ], [ -78.589154, 37.952643 ], [ -78.586935, 37.954095 ], [ -78.584664, 37.954538 ], [ -78.583249, 37.955177 ], [ -78.582081, 37.959081 ], [ -78.577705, 37.963323 ], [ -78.572805, 37.969882 ], [ -78.570574, 37.972018 ], [ -78.56777, 37.97393 ], [ -78.564439, 37.977682 ], [ -78.562321, 37.978595 ], [ -78.559184, 37.978464 ], [ -78.556754, 37.979417 ], [ -78.550054, 37.980201 ], [ -78.548041, 37.981135 ], [ -78.547031, 37.981051 ], [ -78.546196, 37.980182 ], [ -78.545181, 37.980121 ], [ -78.54426, 37.981673 ], [ -78.542174, 37.982479 ], [ -78.540171, 37.98393 ], [ -78.537509, 37.986946 ], [ -78.535095, 37.990552 ], [ -78.532226, 37.992316 ], [ -78.530506, 37.993957 ], [ -78.529891, 37.99428 ], [ -78.528379, 37.993322 ], [ -78.527297, 37.993585 ], [ -78.525249, 37.994803 ], [ -78.522911, 37.994187 ], [ -78.523717, 37.992315 ], [ -78.524337, 37.987829 ], [ -78.524907, 37.986665 ], [ -78.524117, 37.984243 ], [ -78.525436, 37.983217 ], [ -78.525507, 37.981097 ], [ -78.52702, 37.97995 ], [ -78.529123, 37.977694 ], [ -78.529948, 37.978776 ], [ -78.5318, 37.978832 ], [ -78.531954, 37.977702 ], [ -78.533351, 37.975065 ], [ -78.534933, 37.974114 ], [ -78.535318, 37.974609 ], [ -78.537748, 37.973521 ], [ -78.535037, 37.971361 ], [ -78.534263, 37.971253 ], [ -78.533566, 37.970387 ], [ -78.535161, 37.969937 ], [ -78.53623, 37.969146 ], [ -78.537951, 37.966407 ], [ -78.538541, 37.964776 ], [ -78.5385, 37.963689 ], [ -78.539458, 37.963151 ], [ -78.54095, 37.960768 ], [ -78.540881, 37.959812 ], [ -78.541443, 37.958736 ], [ -78.541305, 37.956007 ], [ -78.541999, 37.954304 ], [ -78.540584, 37.95365 ], [ -78.53915, 37.953711 ], [ -78.538064, 37.952495 ], [ -78.538329, 37.952112 ], [ -78.538006, 37.952448 ], [ -78.535932, 37.95078 ], [ -78.533559, 37.950179 ], [ -78.534952, 37.947239 ], [ -78.535318, 37.945258 ], [ -78.537843, 37.941772 ], [ -78.538342, 37.939945 ], [ -78.541827, 37.936116 ], [ -78.543185, 37.933592 ], [ -78.546464, 37.929842 ], [ -78.547813, 37.927354 ], [ -78.548563, 37.923839 ], [ -78.548144, 37.921298 ], [ -78.549974, 37.918223 ], [ -78.554611, 37.921016 ], [ -78.556076, 37.921561 ], [ -78.558554, 37.921723 ], [ -78.560334, 37.923077 ], [ -78.562194, 37.924757 ], [ -78.562907, 37.925993 ], [ -78.564191, 37.92725 ], [ -78.564159, 37.929615 ], [ -78.564644, 37.930561 ], [ -78.566416, 37.930913 ], [ -78.568749, 37.932343 ], [ -78.570413, 37.934223 ], [ -78.574849, 37.935315 ], [ -78.576231, 37.936217 ], [ -78.577613, 37.936594 ], [ -78.579461, 37.938766 ], [ -78.58298, 37.940301 ], [ -78.585147, 37.942787 ], [ -78.587104, 37.943422 ], [ -78.587001, 37.944007 ], [ -78.586055, 37.944298 ], [ -78.584535, 37.945687 ], [ -78.584948, 37.946763 ], [ -78.584869, 37.947595 ], [ -78.587243, 37.948573 ], [ -78.590044, 37.950383 ], [ -78.592994, 37.951534 ] ] ] } },
{ "type": "Feature", "properties": { "GEOID": "510030106043", "locality": "albemarle", "factor": 1.002, "factor_lo": 0.973, "factor_hi": 1.032, "n_sales": 286.0, "median_price": 475000.0, "median_ppsf": 230.0, "median_sqft": 2123.0, "est_price": 525000.0, "mo_pay": 2650.0, "mo_delta": 0.0, "dist_mi": 3.9, "drive_mo": 120.0, "allin_mo": 2770.0, "in_zone": "False", "pooled": "False", "unit": "510030106043", "acs_rent": null, "rent_factor": null, "pred_rent": 2053.0, "renters": 58 }, "geometry": { "type": "Polygon", "coordinates": [ [ [ -78.46837, 38.070796 ], [ -78.467964, 38.073224 ], [ -78.468097, 38.074677 ], [ -78.466283, 38.075617 ], [ -78.46741, 38.076662 ], [ -78.467159, 38.077602 ], [ -78.467323, 38.078897 ], [ -78.46613, 38.079855 ], [ -78.465304, 38.081546 ], [ -78.465123, 38.082348 ], [ -78.465393, 38.082546 ], [ -78.464485, 38.0831 ], [ -78.464394, 38.083589 ], [ -78.462206, 38.084693 ], [ -78.457041, 38.090718 ], [ -78.455969, 38.09125 ], [ -78.454154, 38.091198 ], [ -78.451773, 38.091936 ], [ -78.448633, 38.0922 ], [ -78.445485, 38.091124 ], [ -78.444797, 38.089812 ], [ -78.443063, 38.08813 ], [ -78.444728, 38.085765 ], [ -78.451885, 38.081109 ], [ -78.455725, 38.077808 ], [ -78.461216, 38.074098 ], [ -78.463145, 38.072404 ], [ -78.46456, 38.069552 ], [ -78.464163, 38.066155 ], [ -78.464405, 38.064699 ], [ -78.46547, 38.065777 ], [ -78.467946, 38.069429 ], [ -78.46837, 38.070796 ] ] ] } },
{ "type": "Feature", "properties": { "GEOID": "510030105021", "locality": "albemarle", "factor": 1.02, "factor_lo": 0.949, "factor_hi": 1.097, "n_sales": 181.0, "median_price": 218000.0, "median_ppsf": 195.0, "median_sqft": 1113.0, "est_price": 534000.0, "mo_pay": 2700.0, "mo_delta": 50.0, "dist_mi": 1.3, "drive_mo": 40.0, "allin_mo": 2740.0, "in_zone": "False", "pooled": "False", "unit": "510030105021", "acs_rent": 1823.0, "rent_factor": 1.084, "pred_rent": 1682.0, "renters": 327 }, "geometry": { "type": "Polygon", "coordinates": [ [ [ -78.460982, 38.028739 ], [ -78.45991, 38.03318 ], [ -78.458673, 38.034443 ], [ -78.456548, 38.033735 ], [ -78.450772, 38.033708 ], [ -78.44918, 38.033379 ], [ -78.441728, 38.029296 ], [ -78.438491, 38.026215 ], [ -78.431722, 38.021842 ], [ -78.428162, 38.017428 ], [ -78.426601, 38.016594 ], [ -78.424744, 38.016272 ], [ -78.424735, 38.015813 ], [ -78.425033, 38.015461 ], [ -78.425894, 38.015319 ], [ -78.428767, 38.015165 ], [ -78.429538, 38.014682 ], [ -78.429757, 38.013632 ], [ -78.433437, 38.013498 ], [ -78.436517, 38.013727 ], [ -78.439139, 38.013526 ], [ -78.441855, 38.014102 ], [ -78.443364, 38.014829 ], [ -78.447145, 38.01545 ], [ -78.448937, 38.017902 ], [ -78.450971, 38.018073 ], [ -78.451761, 38.01854 ], [ -78.452366, 38.019716 ], [ -78.454752, 38.021054 ], [ -78.452596, 38.025981 ], [ -78.452213, 38.027733 ], [ -78.452619, 38.02841 ], [ -78.454123, 38.029577 ], [ -78.455644, 38.02969 ], [ -78.457452, 38.028937 ], [ -78.458775, 38.027506 ], [ -78.459712, 38.027326 ], [ -78.460601, 38.027782 ], [ -78.460982, 38.028739 ] ] ] } },
{ "type": "Feature", "properties": { "GEOID": "510030105022", "locality": "albemarle", "factor": 1.066, "factor_lo": 1.025, "factor_hi": 1.11, "n_sales": 214.0, "median_price": 346500.0, "median_ppsf": 213.0, "median_sqft": 1636.0, "est_price": 559000.0, "mo_pay": 2820.0, "mo_delta": 180.0, "dist_mi": 2.0, "drive_mo": 60.0, "allin_mo": 2890.0, "in_zone": "False", "pooled": "False", "unit": "510030105022", "acs_rent": 2865.0, "rent_factor": null, "pred_rent": 1631.0, "renters": 309 }, "geometry": { "type": "Polygon", "coordinates": [ [ [ -78.449838, 38.033701 ], [ -78.449551, 38.03486 ], [ -78.445566, 38.033948 ], [ -78.442075, 38.034678 ], [ -78.4392, 38.034716 ], [ -78.430491, 38.028127 ], [ -78.431066, 38.027177 ], [ -78.433263, 38.026709 ], [ -78.434025, 38.026096 ], [ -78.434039, 38.024571 ], [ -78.434771, 38.023837 ], [ -78.438782, 38.026435 ], [ -78.441728, 38.029296 ], [ -78.449838, 38.033701 ] ] ] } },
{ "type": "Feature", "properties": { "GEOID": "510030105012", "locality": "albemarle", "factor": 1.121, "factor_lo": 1.083, "factor_hi": 1.159, "n_sales": 545.0, "median_price": 532999.0, "median_ppsf": 245.0, "median_sqft": 2314.0, "est_price": 587000.0, "mo_pay": 2970.0, "mo_delta": 320.0, "dist_mi": 2.1, "drive_mo": 70.0, "allin_mo": 3030.0, "in_zone": "False", "pooled": "False", "unit": "510030105012", "acs_rent": 2168.0, "rent_factor": 1.342, "pred_rent": 1616.0, "renters": 120 }, "geometry": { "type": "Polygon", "coordinates": [ [ [ -78.455048, 38.044041 ], [ -78.454732, 38.045278 ], [ -78.453992, 38.045704 ], [ -78.452096, 38.04579 ], [ -78.449215, 38.045306 ], [ -78.447421, 38.045925 ], [ -78.4463, 38.049483 ], [ -78.447147, 38.050916 ], [ -78.447563, 38.053525 ], [ -78.445282, 38.054819 ], [ -78.443358, 38.053397 ], [ -78.440324, 38.053194 ], [ -78.435879, 38.053886 ], [ -78.433859, 38.054984 ], [ -78.430331, 38.054215 ], [ -78.428539, 38.055039 ], [ -78.424623, 38.053435 ], [ -78.420512, 38.05367 ], [ -78.418367, 38.054367 ], [ -78.415062, 38.053181 ], [ -78.41409, 38.052285 ], [ -78.412846, 38.046676 ], [ -78.410532, 38.041623 ], [ -78.412471, 38.040341 ], [ -78.413387, 38.040098 ], [ -78.416286, 38.040134 ], [ -78.419454, 38.036551 ], [ -78.419497, 38.034788 ], [ -78.420656, 38.033657 ], [ -78.420566, 38.032504 ], [ -78.421588, 38.028095 ], [ -78.421248, 38.026997 ], [ -78.42222, 38.025009 ], [ -78.422492, 38.022363 ], [ -78.423762, 38.020029 ], [ -78.423638, 38.018514 ], [ -78.4247, 38.017355 ], [ -78.424744, 38.016272 ], [ -78.426425, 38.016537 ], [ -78.427945, 38.01726 ], [ -78.431535, 38.021678 ], [ -78.434771, 38.023837 ], [ -78.434039, 38.024571 ], [ -78.434025, 38.026096 ], [ -78.433263, 38.026709 ], [ -78.431066, 38.027177 ], [ -78.430491, 38.028127 ], [ -78.444114, 38.038677 ], [ -78.447452, 38.039435 ], [ -78.452402, 38.036645 ], [ -78.455013, 38.037399 ], [ -78.454401, 38.038356 ], [ -78.453978, 38.040141 ], [ -78.454141, 38.041787 ], [ -78.455048, 38.044041 ] ] ] } },
{ "type": "Feature", "properties": { "GEOID": "510030104023", "locality": "albemarle", "factor": 0.923, "factor_lo": 0.892, "factor_hi": 0.956, "n_sales": 272.0, "median_price": 741250.0, "median_ppsf": 245.0, "median_sqft": 3160.0, "est_price": 484000.0, "mo_pay": 2450.0, "mo_delta": -200.0, "dist_mi": 5.7, "drive_mo": 170.0, "allin_mo": 2620.0, "in_zone": "False", "pooled": "False", "unit": "510030104023", "acs_rent": null, "rent_factor": null, "pred_rent": null, "renters": 14 }, "geometry": { "type": "Polygon", "coordinates": [ [ [ -78.429757, 38.013632 ], [ -78.429406, 38.01483 ], [ -78.428309, 38.015302 ], [ -78.425033, 38.015461 ], [ -78.424744, 38.016272 ], [ -78.41402, 38.01523 ], [ -78.402951, 38.016787 ], [ -78.40123, 38.016431 ], [ -78.397927, 38.014828 ], [ -78.393511, 38.011863 ], [ -78.378537, 38.009067 ], [ -78.379269, 38.006325 ], [ -78.379923, 38.00518 ], [ -78.379911, 38.004318 ], [ -78.382165, 38.002917 ], [ -78.383032, 38.00198 ], [ -78.383242, 38.001107 ], [ -78.380765, 38.001183 ], [ -78.379529, 38.000555 ], [ -78.379119, 37.999357 ], [ -78.379826, 37.998444 ], [ -78.378769, 37.997699 ], [ -78.379195, 37.996981 ], [ -78.377096, 37.994908 ], [ -78.374961, 37.994876 ], [ -78.37484, 37.99393 ], [ -78.374095, 37.993331 ], [ -78.374514, 37.992776 ], [ -78.375044, 37.990647 ], [ -78.375975, 37.989445 ], [ -78.375712, 37.988331 ], [ -78.376304, 37.986464 ], [ -78.377749, 37.984049 ], [ -78.377764, 37.982868 ], [ -78.378229, 37.982138 ], [ -78.377839, 37.976603 ], [ -78.377222, 37.975856 ], [ -78.377403, 37.974896 ], [ -78.378531, 37.97531 ], [ -78.38029, 37.976547 ], [ -78.381697, 37.978276 ], [ -78.382267, 37.978432 ], [ -78.383504, 37.979701 ], [ -78.386354, 37.980879 ], [ -78.389223, 37.98333 ], [ -78.390972, 37.986743 ], [ -78.390537, 37.987769 ], [ -78.389068, 37.989008 ], [ -78.389229, 37.991246 ], [ -78.390094, 37.992316 ], [ -78.393952, 37.993967 ], [ -78.394458, 37.994585 ], [ -78.396297, 37.998011 ], [ -78.397135, 38.002015 ], [ -78.397978, 38.003393 ], [ -78.399338, 38.004694 ], [ -78.399768, 38.006653 ], [ -78.400256, 38.007183 ], [ -78.400332, 38.008431 ], [ -78.401325, 38.010664 ], [ -78.404172, 38.011416 ], [ -78.407835, 38.010752 ], [ -78.412437, 38.010878 ], [ -78.414091, 38.010434 ], [ -78.416742, 38.008336 ], [ -78.420298, 38.007716 ], [ -78.421354, 38.008096 ], [ -78.421956, 38.00872 ], [ -78.425945, 38.009837 ], [ -78.427111, 38.011096 ], [ -78.428395, 38.013262 ], [ -78.429757, 38.013632 ] ] ] } },
{ "type": "Feature", "properties": { "GEOID": "510030111032", "locality": "albemarle", "factor": 0.943, "factor_lo": 0.926, "factor_hi": 0.96, "n_sales": 68.0, "median_price": 587500.0, "median_ppsf": 279.0, "median_sqft": 2209.0, "est_price": 494000.0, "mo_pay": 2500.0, "mo_delta": -150.0, "dist_mi": 11.2, "drive_mo": 340.0, "allin_mo": 2840.0, "in_zone": "False", "pooled": "False", "unit": "510030111032", "acs_rent": null, "rent_factor": null, "pred_rent": 1618.0, "renters": 104 }, "geometry": { "type": "Polygon", "coordinates": [ [ [ -78.749874, 38.062306 ], [ -78.748054, 38.064354 ], [ -78.7465, 38.069802 ], [ -78.746637, 38.070237 ], [ -78.747426, 38.070572 ], [ -78.747511, 38.071765 ], [ -78.748254, 38.072182 ], [ -78.744173, 38.074273 ], [ -78.742897, 38.074685 ], [ -78.74072, 38.074674 ], [ -78.735538, 38.072133 ], [ -78.732728, 38.072056 ], [ -78.72434, 38.075331 ], [ -78.71862, 38.077107 ], [ -78.716958, 38.077354 ], [ -78.716718, 38.07735 ], [ -78.717444, 38.076736 ], [ -78.721616, 38.075559 ], [ -78.722784, 38.074059 ], [ -78.724828, 38.072822 ], [ -78.728093, 38.068007 ], [ -78.727387, 38.06688 ], [ -78.723533, 38.069294 ], [ -78.722473, 38.067048 ], [ -78.721194, 38.065714 ], [ -78.719686, 38.064441 ], [ -78.718498, 38.064825 ], [ -78.719007, 38.063557 ], [ -78.717883, 38.06274 ], [ -78.721245, 38.062565 ], [ -78.720289, 38.060098 ], [ -78.719557, 38.059939 ], [ -78.719935, 38.057346 ], [ -78.718223, 38.056711 ], [ -78.71743, 38.055937 ], [ -78.717494, 38.055418 ], [ -78.718598, 38.054476 ], [ -78.717683, 38.053986 ], [ -78.716691, 38.052767 ], [ -78.716572, 38.052284 ], [ -78.716952, 38.051648 ], [ -78.716711, 38.051434 ], [ -78.715458, 38.051367 ], [ -78.713528, 38.052515 ], [ -78.708514, 38.053856 ], [ -78.706389, 38.054861 ], [ -78.705556, 38.055586 ], [ -78.703785, 38.055592 ], [ -78.702792, 38.056426 ], [ -78.701514, 38.056674 ], [ -78.699743, 38.056564 ], [ -78.699122, 38.057233 ], [ -78.698513, 38.055123 ], [ -78.699221, 38.053567 ], [ -78.698944, 38.051176 ], [ -78.67061, 38.051754 ], [ -78.668572, 38.052377 ], [ -78.654793, 38.059219 ], [ -78.650232, 38.060492 ], [ -78.648659, 38.061663 ], [ -78.647991, 38.061554 ], [ -78.648239, 38.060623 ], [ -78.649184, 38.059996 ], [ -78.649343, 38.059329 ], [ -78.65034, 38.059073 ], [ -78.651661, 38.057847 ], [ -78.651408, 38.057339 ], [ -78.651925, 38.056542 ], [ -78.653385, 38.055916 ], [ -78.656387, 38.056672 ], [ -78.657137, 38.056272 ], [ -78.65803, 38.055274 ], [ -78.657653, 38.054894 ], [ -78.657931, 38.052938 ], [ -78.661307, 38.051534 ], [ -78.661425, 38.049264 ], [ -78.662405, 38.048098 ], [ -78.66225, 38.047568 ], [ -78.661068, 38.046637 ], [ -78.660417, 38.045636 ], [ -78.659587, 38.045191 ], [ -78.659933, 38.043934 ], [ -78.65942, 38.042155 ], [ -78.659644, 38.041606 ], [ -78.660941, 38.041465 ], [ -78.663365, 38.040324 ], [ -78.663924, 38.039352 ], [ -78.664955, 38.038556 ], [ -78.66464, 38.038111 ], [ -78.663678, 38.037829 ], [ -78.663953, 38.03667 ], [ -78.6654, 38.035898 ], [ -78.66692, 38.034228 ], [ -78.670757, 38.032454 ], [ -78.67148, 38.03132 ], [ -78.681133, 38.032008 ], [ -78.684771, 38.032636 ], [ -78.693878, 38.035237 ], [ -78.716583, 38.040978 ], [ -78.720941, 38.042564 ], [ -78.728342, 38.045921 ], [ -78.732293, 38.04697 ], [ -78.741528, 38.053529 ], [ -78.749874, 38.062306 ] ] ] } },
{ "type": "Feature", "properties": { "GEOID": "510030103011", "locality": "albemarle", "factor": 0.983, "factor_lo": 0.946, "factor_hi": 1.022, "n_sales": 324.0, "median_price": 365000.0, "median_ppsf": 199.0, "median_sqft": 1760.0, "est_price": 515000.0, "mo_pay": 2600.0, "mo_delta": -40.0, "dist_mi": 7.2, "drive_mo": 220.0, "allin_mo": 2830.0, "in_zone": "False", "pooled": "False", "unit": "510030103011", "acs_rent": 2545.0, "rent_factor": null, "pred_rent": 1795.0, "renters": 122 }, "geometry": { "type": "Polygon", "coordinates": [ [ [ -78.466207, 38.105013 ], [ -78.465603, 38.105728 ], [ -78.462417, 38.107645 ], [ -78.460071, 38.112195 ], [ -78.459236, 38.115547 ], [ -78.458777, 38.119643 ], [ -78.460715, 38.123618 ], [ -78.461779, 38.124587 ], [ -78.460735, 38.125872 ], [ -78.460267, 38.12765 ], [ -78.457254, 38.127606 ], [ -78.455419, 38.128325 ], [ -78.452891, 38.130407 ], [ -78.449741, 38.135444 ], [ -78.447104, 38.137501 ], [ -78.446378, 38.138995 ], [ -78.446033, 38.14132 ], [ -78.446326, 38.142249 ], [ -78.447546, 38.143753 ], [ -78.447612, 38.14468 ], [ -78.446491, 38.146112 ], [ -78.444109, 38.147441 ], [ -78.442476, 38.150552 ], [ -78.440976, 38.151279 ], [ -78.438892, 38.151163 ], [ -78.435919, 38.153617 ], [ -78.435179, 38.154956 ], [ -78.433245, 38.15672 ], [ -78.432811, 38.157948 ], [ -78.432938, 38.159369 ], [ -78.43225, 38.159843 ], [ -78.430968, 38.161626 ], [ -78.430277, 38.161878 ], [ -78.426681, 38.161835 ], [ -78.424672, 38.163353 ], [ -78.423906, 38.162966 ], [ -78.423906, 38.162385 ], [ -78.424458, 38.161848 ], [ -78.424936, 38.160646 ], [ -78.426676, 38.159265 ], [ -78.427759, 38.156916 ], [ -78.425932, 38.155163 ], [ -78.422761, 38.154123 ], [ -78.422308, 38.153476 ], [ -78.422489, 38.152922 ], [ -78.422064, 38.152532 ], [ -78.433665, 38.134358 ], [ -78.4355, 38.13225 ], [ -78.447639, 38.121196 ], [ -78.457516, 38.106148 ], [ -78.461334, 38.101219 ], [ -78.461235, 38.101011 ], [ -78.46574, 38.103494 ], [ -78.465829, 38.104666 ], [ -78.466207, 38.105013 ] ] ] } },
{ "type": "Feature", "properties": { "GEOID": "510030103032", "locality": "albemarle", "factor": 0.993, "factor_lo": 0.959, "factor_hi": 1.028, "n_sales": 277.0, "median_price": 706318.0, "median_ppsf": 301.0, "median_sqft": 2259.0, "est_price": 520000.0, "mo_pay": 2630.0, "mo_delta": -20.0, "dist_mi": 8.0, "drive_mo": 240.0, "allin_mo": 2880.0, "in_zone": "False", "pooled": "False", "unit": "510030103032", "acs_rent": null, "rent_factor": null, "pred_rent": null, "renters": 13 }, "geometry": { "type": "Polygon", "coordinates": [ [ [ -78.4355, 38.13225 ], [ -78.433301, 38.134885 ], [ -78.422064, 38.152532 ], [ -78.421016, 38.151837 ], [ -78.419405, 38.151712 ], [ -78.416635, 38.155094 ], [ -78.415356, 38.154502 ], [ -78.414919, 38.153204 ], [ -78.415284, 38.151696 ], [ -78.418972, 38.151178 ], [ -78.421151, 38.149533 ], [ -78.420801, 38.146324 ], [ -78.419884, 38.146045 ], [ -78.416476, 38.147149 ], [ -78.413535, 38.147485 ], [ -78.406535, 38.14716 ], [ -78.406031, 38.146724 ], [ -78.406325, 38.145895 ], [ -78.407316, 38.145095 ], [ -78.407846, 38.14416 ], [ -78.405736, 38.141743 ], [ -78.401824, 38.140086 ], [ -78.399234, 38.140139 ], [ -78.39721, 38.138618 ], [ -78.395384, 38.138026 ], [ -78.394691, 38.137018 ], [ -78.395873, 38.134648 ], [ -78.398477, 38.133573 ], [ -78.399374, 38.13374 ], [ -78.400591, 38.134715 ], [ -78.402787, 38.134743 ], [ -78.403515, 38.13445 ], [ -78.402875, 38.132251 ], [ -78.402736, 38.130306 ], [ -78.401777, 38.129042 ], [ -78.42032, 38.111787 ], [ -78.424554, 38.108836 ], [ -78.424753, 38.114251 ], [ -78.423693, 38.115615 ], [ -78.422156, 38.116751 ], [ -78.421523, 38.117835 ], [ -78.423588, 38.118232 ], [ -78.425621, 38.119515 ], [ -78.424329, 38.122694 ], [ -78.423244, 38.123633 ], [ -78.422478, 38.125133 ], [ -78.422826, 38.126138 ], [ -78.42279, 38.126881 ], [ -78.422481, 38.127003 ], [ -78.422579, 38.128132 ], [ -78.4213, 38.129917 ], [ -78.425842, 38.131079 ], [ -78.430717, 38.13123 ], [ -78.4355, 38.13225 ] ] ] } },
{ "type": "Feature", "properties": { "GEOID": "510030102012", "locality": "albemarle", "factor": 0.971, "factor_lo": 0.934, "factor_hi": 1.01, "n_sales": 456.0, "median_price": 305000.0, "median_ppsf": 190.0, "median_sqft": 1720.0, "est_price": 509000.0, "mo_pay": 2570.0, "mo_delta": -80.0, "dist_mi": 9.6, "drive_mo": 290.0, "allin_mo": 2870.0, "in_zone": "False", "pooled": "False", "unit": "510030102012", "acs_rent": 1817.0, "rent_factor": 0.866, "pred_rent": 2098.0, "renters": 143 }, "geometry": { "type": "Polygon", "coordinates": [ [ [ -78.427759, 38.156916 ], [ -78.427176, 38.157776 ], [ -78.426676, 38.159265 ], [ -78.424936, 38.160646 ], [ -78.424458, 38.161848 ], [ -78.423906, 38.162385 ], [ -78.423759, 38.1628 ], [ -78.424672, 38.163353 ], [ -78.423724, 38.16457 ], [ -78.420989, 38.165028 ], [ -78.420424, 38.165515 ], [ -78.419872, 38.167222 ], [ -78.419169, 38.168123 ], [ -78.41664, 38.1692 ], [ -78.414056, 38.169604 ], [ -78.412801, 38.170896 ], [ -78.411975, 38.171279 ], [ -78.410064, 38.170881 ], [ -78.411662, 38.168371 ], [ -78.40375, 38.164336 ], [ -78.40398, 38.159127 ], [ -78.407256, 38.157025 ], [ -78.40919, 38.155164 ], [ -78.409703, 38.155099 ], [ -78.411076, 38.152639 ], [ -78.412258, 38.151618 ], [ -78.413141, 38.151519 ], [ -78.413372, 38.149306 ], [ -78.413163, 38.148955 ], [ -78.412454, 38.149043 ], [ -78.41227, 38.147483 ], [ -78.416476, 38.147149 ], [ -78.419884, 38.146045 ], [ -78.420801, 38.146324 ], [ -78.421151, 38.149533 ], [ -78.418972, 38.151178 ], [ -78.415284, 38.151696 ], [ -78.414919, 38.153204 ], [ -78.415356, 38.154502 ], [ -78.416635, 38.155094 ], [ -78.419136, 38.151855 ], [ -78.421016, 38.151837 ], [ -78.422489, 38.152922 ], [ -78.422308, 38.153476 ], [ -78.422761, 38.154123 ], [ -78.425932, 38.155163 ], [ -78.427759, 38.156916 ] ] ] } },
{ "type": "Feature", "properties": { "GEOID": "510030102013", "locality": "albemarle", "factor": 0.814, "factor_lo": 0.808, "factor_hi": 0.82, "n_sales": 163.0, "median_price": 460000.0, "median_ppsf": 215.0, "median_sqft": 2184.0, "est_price": 426000.0, "mo_pay": 2160.0, "mo_delta": -490.0, "dist_mi": 10.7, "drive_mo": 330.0, "allin_mo": 2490.0, "in_zone": "False", "pooled": "False", "unit": "510030102013", "acs_rent": 1596.0, "rent_factor": 0.883, "pred_rent": 1807.0, "renters": 44 }, "geometry": { "type": "Polygon", "coordinates": [ [ [ -78.443178, 38.18006 ], [ -78.441052, 38.181677 ], [ -78.439858, 38.183514 ], [ -78.439135, 38.183405 ], [ -78.438607, 38.184465 ], [ -78.439074, 38.18546 ], [ -78.43826, 38.18729 ], [ -78.438571, 38.189729 ], [ -78.437437, 38.189551 ], [ -78.436824, 38.190137 ], [ -78.437305, 38.193974 ], [ -78.439593, 38.198463 ], [ -78.43838, 38.205809 ], [ -78.416816, 38.199299 ], [ -78.396801, 38.192088 ], [ -78.389564, 38.190484 ], [ -78.368805, 38.18409 ], [ -78.344677, 38.177897 ], [ -78.332451, 38.173829 ], [ -78.335255, 38.173131 ], [ -78.337255, 38.171765 ], [ -78.348234, 38.157025 ], [ -78.359732, 38.148755 ], [ -78.362373, 38.147872 ], [ -78.369265, 38.147891 ], [ -78.371953, 38.147124 ], [ -78.396238, 38.134006 ], [ -78.401777, 38.129042 ], [ -78.402736, 38.130306 ], [ -78.402875, 38.132251 ], [ -78.403515, 38.13445 ], [ -78.402787, 38.134743 ], [ -78.400591, 38.134715 ], [ -78.399374, 38.13374 ], [ -78.398477, 38.133573 ], [ -78.395873, 38.134648 ], [ -78.39473, 38.137241 ], [ -78.395384, 38.138026 ], [ -78.39721, 38.138618 ], [ -78.399234, 38.140139 ], [ -78.401824, 38.140086 ], [ -78.405736, 38.141743 ], [ -78.407846, 38.14416 ], [ -78.407316, 38.145095 ], [ -78.406325, 38.145895 ], [ -78.406031, 38.146724 ], [ -78.406235, 38.147044 ], [ -78.41227, 38.147483 ], [ -78.412454, 38.149043 ], [ -78.413191, 38.148966 ], [ -78.413392, 38.149471 ], [ -78.413113, 38.151574 ], [ -78.412363, 38.151563 ], [ -78.411076, 38.152639 ], [ -78.409928, 38.154889 ], [ -78.40919, 38.155164 ], [ -78.407256, 38.157025 ], [ -78.403888, 38.159256 ], [ -78.40375, 38.164336 ], [ -78.411662, 38.168371 ], [ -78.410064, 38.170881 ], [ -78.411553, 38.171348 ], [ -78.412801, 38.170896 ], [ -78.414056, 38.169604 ], [ -78.41664, 38.1692 ], [ -78.419169, 38.168123 ], [ -78.4209, 38.165083 ], [ -78.423127, 38.164852 ], [ -78.423793, 38.164507 ], [ -78.424672, 38.163353 ], [ -78.425051, 38.163497 ], [ -78.426345, 38.164517 ], [ -78.426694, 38.165403 ], [ -78.428098, 38.166187 ], [ -78.431907, 38.16692 ], [ -78.433054, 38.166832 ], [ -78.436241, 38.169363 ], [ -78.437587, 38.170974 ], [ -78.43722, 38.173462 ], [ -78.437818, 38.174093 ], [ -78.437564, 38.174833 ], [ -78.437844, 38.17515 ], [ -78.438756, 38.175064 ], [ -78.439128, 38.176243 ], [ -78.440332, 38.176309 ], [ -78.442346, 38.177871 ], [ -78.443178, 38.18006 ] ] ] } },
{ "type": "Feature", "properties": { "GEOID": "510030105011", "locality": "albemarle", "factor": 1.097, "factor_lo": 1.075, "factor_hi": 1.121, "n_sales": 66.0, "median_price": 550000.0, "median_ppsf": 292.0, "median_sqft": 1952.0, "est_price": 575000.0, "mo_pay": 2910.0, "mo_delta": 260.0, "dist_mi": 3.4, "drive_mo": 100.0, "allin_mo": 3010.0, "in_zone": "False", "pooled": "False", "unit": "510030105011", "acs_rent": null, "rent_factor": null, "pred_rent": null, "renters": 24 }, "geometry": { "type": "Polygon", "coordinates": [ [ [ -78.451894, 38.061089 ], [ -78.451449, 38.062193 ], [ -78.448262, 38.065274 ], [ -78.443025, 38.067596 ], [ -78.442852, 38.068283 ], [ -78.443262, 38.06976 ], [ -78.443005, 38.070177 ], [ -78.438407, 38.073005 ], [ -78.434892, 38.07262 ], [ -78.431676, 38.071319 ], [ -78.428946, 38.072631 ], [ -78.426925, 38.074091 ], [ -78.424279, 38.073333 ], [ -78.417874, 38.073661 ], [ -78.415722, 38.072491 ], [ -78.412818, 38.072068 ], [ -78.41154, 38.072375 ], [ -78.410276, 38.071765 ], [ -78.408894, 38.071633 ], [ -78.405957, 38.069507 ], [ -78.404277, 38.069326 ], [ -78.403729, 38.068107 ], [ -78.402749, 38.067716 ], [ -78.401896, 38.066342 ], [ -78.399931, 38.065427 ], [ -78.397368, 38.064824 ], [ -78.395288, 38.063398 ], [ -78.394905, 38.062765 ], [ -78.394789, 38.061139 ], [ -78.394107, 38.061095 ], [ -78.392919, 38.061783 ], [ -78.389912, 38.061161 ], [ -78.388087, 38.059387 ], [ -78.385526, 38.058244 ], [ -78.382903, 38.055113 ], [ -78.380078, 38.053964 ], [ -78.375821, 38.05107 ], [ -78.376621, 38.051206 ], [ -78.379004, 38.050809 ], [ -78.38935, 38.046424 ], [ -78.393613, 38.045189 ], [ -78.396109, 38.045006 ], [ -78.397643, 38.043108 ], [ -78.400781, 38.041928 ], [ -78.403055, 38.041447 ], [ -78.405496, 38.041455 ], [ -78.409067, 38.042157 ], [ -78.410532, 38.041623 ], [ -78.412846, 38.046676 ], [ -78.41409, 38.052285 ], [ -78.415437, 38.053411 ], [ -78.418367, 38.054367 ], [ -78.420512, 38.05367 ], [ -78.424623, 38.053435 ], [ -78.428539, 38.055039 ], [ -78.430331, 38.054215 ], [ -78.433859, 38.054984 ], [ -78.435879, 38.053886 ], [ -78.440324, 38.053194 ], [ -78.443358, 38.053397 ], [ -78.445282, 38.054819 ], [ -78.447563, 38.053525 ], [ -78.447547, 38.056313 ], [ -78.448015, 38.057498 ], [ -78.450574, 38.060201 ], [ -78.451748, 38.060705 ], [ -78.451894, 38.061089 ] ] ] } },
{ "type": "Feature", "properties": { "GEOID": "510030111013", "locality": "albemarle", "factor": 1.091, "factor_lo": 1.058, "factor_hi": 1.126, "n_sales": 65.0, "median_price": 345000.0, "median_ppsf": 243.0, "median_sqft": 1500.0, "est_price": 572000.0, "mo_pay": 2890.0, "mo_delta": 240.0, "dist_mi": 11.3, "drive_mo": 350.0, "allin_mo": 3240.0, "in_zone": "False", "pooled": "False", "unit": "510030111013", "acs_rent": null, "rent_factor": null, "pred_rent": null, "renters": 0 }, "geometry": { "type": "Polygon", "coordinates": [ [ [ -78.725747, 38.090141 ], [ -78.72514, 38.092053 ], [ -78.721733, 38.092783 ], [ -78.719632, 38.09442 ], [ -78.719608, 38.093941 ], [ -78.718619, 38.093211 ], [ -78.717203, 38.092788 ], [ -78.711068, 38.095409 ], [ -78.7094, 38.095398 ], [ -78.708191, 38.094854 ], [ -78.707197, 38.095195 ], [ -78.706287, 38.094827 ], [ -78.704383, 38.094882 ], [ -78.703417, 38.095541 ], [ -78.700651, 38.095388 ], [ -78.698991, 38.096223 ], [ -78.697886, 38.096052 ], [ -78.696524, 38.096475 ], [ -78.695106, 38.096398 ], [ -78.693054, 38.095234 ], [ -78.693837, 38.094197 ], [ -78.693674, 38.0926 ], [ -78.693896, 38.092038 ], [ -78.695719, 38.090354 ], [ -78.699344, 38.084322 ], [ -78.701017, 38.082684 ], [ -78.699679, 38.081124 ], [ -78.699205, 38.079501 ], [ -78.698617, 38.07874 ], [ -78.699025, 38.076733 ], [ -78.698164, 38.073091 ], [ -78.700606, 38.069733 ], [ -78.702303, 38.070688 ], [ -78.708709, 38.075622 ], [ -78.711613, 38.076758 ], [ -78.714339, 38.077266 ], [ -78.717397, 38.079628 ], [ -78.719474, 38.082208 ], [ -78.721272, 38.083406 ], [ -78.723362, 38.084181 ], [ -78.723792, 38.084782 ], [ -78.724091, 38.086533 ], [ -78.724836, 38.087031 ], [ -78.725456, 38.088276 ], [ -78.725747, 38.090141 ] ] ] } },
{ "type": "Feature", "properties": { "GEOID": "510030111012", "locality": "albemarle", "factor": 0.969, "factor_lo": 0.932, "factor_hi": 1.008, "n_sales": 337.0, "median_price": 409990.0, "median_ppsf": 196.0, "median_sqft": 2112.0, "est_price": 508000.0, "mo_pay": 2570.0, "mo_delta": -80.0, "dist_mi": 11.2, "drive_mo": 350.0, "allin_mo": 2910.0, "in_zone": "False", "pooled": "False", "unit": "510030111012", "acs_rent": 1367.0, "rent_factor": null, "pred_rent": 1797.0, "renters": 170 }, "geometry": { "type": "Polygon", "coordinates": [ [ [ -78.714335, 38.077149 ], [ -78.711613, 38.076758 ], [ -78.708709, 38.075622 ], [ -78.702303, 38.070688 ], [ -78.69974, 38.069366 ], [ -78.696703, 38.068837 ], [ -78.692512, 38.068791 ], [ -78.692628, 38.066718 ], [ -78.691951, 38.066723 ], [ -78.691117, 38.065746 ], [ -78.690569, 38.063956 ], [ -78.691227, 38.063466 ], [ -78.691873, 38.064049 ], [ -78.693476, 38.062985 ], [ -78.699978, 38.064693 ], [ -78.699609, 38.066847 ], [ -78.702279, 38.067391 ], [ -78.702054, 38.067766 ], [ -78.702404, 38.067874 ], [ -78.70612, 38.068527 ], [ -78.707303, 38.069896 ], [ -78.70806, 38.072148 ], [ -78.708721, 38.07302 ], [ -78.710173, 38.07352 ], [ -78.712104, 38.075079 ], [ -78.712376, 38.075958 ], [ -78.713966, 38.076424 ], [ -78.714335, 38.077149 ] ] ] } },
{ "type": "Feature", "properties": { "GEOID": "510030107012", "locality": "albemarle", "factor": 0.795, "factor_lo": 0.749, "factor_hi": 0.845, "n_sales": 223.0, "median_price": 181500.0, "median_ppsf": 183.0, "median_sqft": 979.0, "est_price": 417000.0, "mo_pay": 2110.0, "mo_delta": -540.0, "dist_mi": 2.4, "drive_mo": 70.0, "allin_mo": 2180.0, "in_zone": "False", "pooled": "False", "unit": "510030107012", "acs_rent": 1382.0, "rent_factor": 0.914, "pred_rent": 1512.0, "renters": 428 }, "geometry": { "type": "Polygon", "coordinates": [ [ [ -78.499323, 38.072698 ], [ -78.498949, 38.074158 ], [ -78.498103, 38.075427 ], [ -78.496776, 38.075241 ], [ -78.495108, 38.074545 ], [ -78.495179, 38.074074 ], [ -78.493324, 38.073715 ], [ -78.493369, 38.071236 ], [ -78.492219, 38.070175 ], [ -78.49643, 38.066718 ], [ -78.49719, 38.068275 ], [ -78.498726, 38.070027 ], [ -78.499323, 38.072698 ] ] ] } },
{ "type": "Feature", "properties": { "GEOID": "510030107011", "locality": "albemarle", "factor": 1.096, "factor_lo": 1.053, "factor_hi": 1.141, "n_sales": 38.0, "median_price": 365232.0, "median_ppsf": 206.0, "median_sqft": 1765.0, "est_price": 574000.0, "mo_pay": 2900.0, "mo_delta": 260.0, "dist_mi": 2.3, "drive_mo": 70.0, "allin_mo": 2970.0, "in_zone": "False", "pooled": "False", "unit": "510030107011", "acs_rent": 1418.0, "rent_factor": 0.92, "pred_rent": 1541.0, "renters": 775 }, "geometry": { "type": "Polygon", "coordinates": [ [ [ -78.49643, 38.066718 ], [ -78.492219, 38.070175 ], [ -78.493369, 38.071236 ], [ -78.493324, 38.073715 ], [ -78.495179, 38.074074 ], [ -78.495108, 38.074545 ], [ -78.490094, 38.074211 ], [ -78.488372, 38.072474 ], [ -78.484295, 38.070023 ], [ -78.491579, 38.061895 ], [ -78.492636, 38.063635 ], [ -78.495702, 38.065835 ], [ -78.49643, 38.066718 ] ] ] } },
{ "type": "Feature", "properties": { "GEOID": "510030107022", "locality": "albemarle", "factor": 0.898, "factor_lo": 0.86, "factor_hi": 0.937, "n_sales": 71.0, "median_price": 214900.0, "median_ppsf": 182.0, "median_sqft": 1152.0, "est_price": 470000.0, "mo_pay": 2380.0, "mo_delta": -270.0, "dist_mi": 3.2, "drive_mo": 100.0, "allin_mo": 2480.0, "in_zone": "False", "pooled": "False", "unit": "510030107022", "acs_rent": 1663.0, "rent_factor": 1.064, "pred_rent": 1563.0, "renters": 460 }, "geometry": { "type": "Polygon", "coordinates": [ [ [ -78.494335, 38.079955 ], [ -78.491099, 38.082443 ], [ -78.487038, 38.084688 ], [ -78.486688, 38.083854 ], [ -78.487501, 38.082583 ], [ -78.487679, 38.080863 ], [ -78.486017, 38.079013 ], [ -78.484883, 38.078329 ], [ -78.48726, 38.077369 ], [ -78.488942, 38.07742 ], [ -78.493458, 38.07944 ], [ -78.494335, 38.079955 ] ] ] } },
{ "type": "Feature", "properties": { "GEOID": "510030106041", "locality": "albemarle", "factor": 0.967, "factor_lo": 0.941, "factor_hi": 0.993, "n_sales": 115.0, "median_price": 430000.0, "median_ppsf": 244.0, "median_sqft": 1950.0, "est_price": 506000.0, "mo_pay": 2560.0, "mo_delta": -90.0, "dist_mi": 4.2, "drive_mo": 130.0, "allin_mo": 2690.0, "in_zone": "False", "pooled": "False", "unit": "510030106041", "acs_rent": 1875.0, "rent_factor": null, "pred_rent": 1814.0, "renters": 131 }, "geometry": { "type": "Polygon", "coordinates": [ [ [ -78.472264, 38.084319 ], [ -78.466497, 38.09437 ], [ -78.461349, 38.100867 ], [ -78.456158, 38.098261 ], [ -78.452927, 38.09707 ], [ -78.452114, 38.097114 ], [ -78.449835, 38.098064 ], [ -78.45003, 38.09835 ], [ -78.449418, 38.098899 ], [ -78.447549, 38.098877 ], [ -78.445451, 38.09695 ], [ -78.445221, 38.09634 ], [ -78.445367, 38.095099 ], [ -78.443686, 38.092568 ], [ -78.443971, 38.091519 ], [ -78.443616, 38.088873 ], [ -78.444797, 38.089812 ], [ -78.445645, 38.09119 ], [ -78.448633, 38.0922 ], [ -78.451773, 38.091936 ], [ -78.454154, 38.091198 ], [ -78.455969, 38.09125 ], [ -78.457041, 38.090718 ], [ -78.462206, 38.084693 ], [ -78.464394, 38.083589 ], [ -78.46429, 38.083309 ], [ -78.465054, 38.082727 ], [ -78.468743, 38.084247 ], [ -78.472264, 38.084319 ] ] ] } },
{ "type": "Feature", "properties": { "GEOID": "510030107021", "locality": "albemarle", "factor": 0.962, "factor_lo": 0.923, "factor_hi": 1.003, "n_sales": 155.0, "median_price": 284900.0, "median_ppsf": 175.0, "median_sqft": 1428.0, "est_price": 504000.0, "mo_pay": 2550.0, "mo_delta": -100.0, "dist_mi": 3.3, "drive_mo": 100.0, "allin_mo": 2650.0, "in_zone": "False", "pooled": "False", "unit": "510030107021", "acs_rent": null, "rent_factor": null, "pred_rent": 1562.0, "renters": 87 }, "geometry": { "type": "Polygon", "coordinates": [ [ [ -78.487741, 38.081291 ], [ -78.487432, 38.082762 ], [ -78.486706, 38.083757 ], [ -78.487038, 38.084688 ], [ -78.483211, 38.086625 ], [ -78.481267, 38.086988 ], [ -78.480146, 38.086827 ], [ -78.478275, 38.085743 ], [ -78.474428, 38.082754 ], [ -78.473788, 38.081788 ], [ -78.479448, 38.075433 ], [ -78.481992, 38.077604 ], [ -78.482598, 38.077062 ], [ -78.485633, 38.078714 ], [ -78.487406, 38.080399 ], [ -78.487741, 38.081291 ] ] ] } },
{ "type": "Feature", "properties": { "GEOID": "510030106042", "locality": "albemarle", "factor": null, "factor_lo": null, "factor_hi": null, "n_sales": null, "median_price": null, "median_ppsf": null, "median_sqft": null, "est_price": null, "mo_pay": null, "mo_delta": null, "dist_mi": null, "drive_mo": null, "allin_mo": null, "in_zone": null, "pooled": null, "unit": null, "acs_rent": 1755.0, "rent_factor": 1.085, "pred_rent": 1618.0, "renters": 424 }, "geometry": { "type": "Polygon", "coordinates": [ [ [ -78.473788, 38.081788 ], [ -78.472264, 38.084319 ], [ -78.468743, 38.084247 ], [ -78.46515, 38.082717 ], [ -78.465393, 38.082546 ], [ -78.465123, 38.082348 ], [ -78.465304, 38.081546 ], [ -78.46613, 38.079855 ], [ -78.467323, 38.078897 ], [ -78.467159, 38.077602 ], [ -78.46741, 38.076662 ], [ -78.466283, 38.075617 ], [ -78.468097, 38.074677 ], [ -78.468977, 38.07661 ], [ -78.471876, 38.078491 ], [ -78.473788, 38.081788 ] ] ] } },
{ "type": "Feature", "properties": { "GEOID": "510030106032", "locality": "albemarle", "factor": 0.993, "factor_lo": 0.935, "factor_hi": 1.054, "n_sales": 53.0, "median_price": 289900.0, "median_ppsf": 193.0, "median_sqft": 1257.0, "est_price": 520000.0, "mo_pay": 2630.0, "mo_delta": -20.0, "dist_mi": 3.2, "drive_mo": 100.0, "allin_mo": 2730.0, "in_zone": "False", "pooled": "False", "unit": "510030106032", "acs_rent": 1748.0, "rent_factor": 1.211, "pred_rent": 1444.0, "renters": 346 }, "geometry": { "type": "Polygon", "coordinates": [ [ [ -78.485154, 38.069027 ], [ -78.473788, 38.081788 ], [ -78.471767, 38.078365 ], [ -78.469132, 38.07676 ], [ -78.468263, 38.075482 ], [ -78.468005, 38.074057 ], [ -78.469151, 38.074196 ], [ -78.471311, 38.073809 ], [ -78.473861, 38.074516 ], [ -78.474988, 38.074085 ], [ -78.476779, 38.073932 ], [ -78.479399, 38.07225 ], [ -78.480146, 38.069226 ], [ -78.480533, 38.068703 ], [ -78.480624, 38.067031 ], [ -78.480399, 38.066339 ], [ -78.477799, 38.065324 ], [ -78.477412, 38.064884 ], [ -78.478813, 38.065646 ], [ -78.480332, 38.065819 ], [ -78.482462, 38.067578 ], [ -78.485154, 38.069027 ] ] ] } },
{ "type": "Feature", "properties": { "GEOID": "510030107023", "locality": "albemarle", "factor": 0.994, "factor_lo": 0.956, "factor_hi": 1.032, "n_sales": 190.0, "median_price": 258000.0, "median_ppsf": 195.0, "median_sqft": 1299.0, "est_price": 520000.0, "mo_pay": 2630.0, "mo_delta": -20.0, "dist_mi": 3.0, "drive_mo": 90.0, "allin_mo": 2720.0, "in_zone": "False", "pooled": "False", "unit": "510030107023", "acs_rent": 1647.0, "rent_factor": 0.972, "pred_rent": 1694.0, "renters": 79 }, "geometry": { "type": "Polygon", "coordinates": [ [ [ -78.498103, 38.075427 ], [ -78.495952, 38.078381 ], [ -78.494335, 38.079955 ], [ -78.488942, 38.07742 ], [ -78.48726, 38.077369 ], [ -78.484883, 38.078329 ], [ -78.482598, 38.077062 ], [ -78.481992, 38.077604 ], [ -78.479448, 38.075433 ], [ -78.484295, 38.070023 ], [ -78.488372, 38.072474 ], [ -78.490094, 38.074211 ], [ -78.495404, 38.074585 ], [ -78.496776, 38.075241 ], [ -78.498103, 38.075427 ] ] ] } },
{ "type": "Feature", "properties": { "GEOID": "510030103031", "locality": "albemarle", "factor": 0.966, "factor_lo": 0.935, "factor_hi": 0.998, "n_sales": 480.0, "median_price": 410743.0, "median_ppsf": 211.0, "median_sqft": 1874.0, "est_price": 506000.0, "mo_pay": 2560.0, "mo_delta": -90.0, "dist_mi": 7.0, "drive_mo": 220.0, "allin_mo": 2770.0, "in_zone": "False", "pooled": "False", "unit": "510030103031", "acs_rent": 2227.0, "rent_factor": 1.148, "pred_rent": 1940.0, "renters": 127 }, "geometry": { "type": "Polygon", "coordinates": [ [ [ -78.44601, 38.122809 ], [ -78.435553, 38.132202 ], [ -78.430717, 38.13123 ], [ -78.426009, 38.131106 ], [ -78.4213, 38.129917 ], [ -78.422579, 38.128132 ], [ -78.422481, 38.127003 ], [ -78.42279, 38.126881 ], [ -78.422826, 38.126138 ], [ -78.422478, 38.125133 ], [ -78.423244, 38.123633 ], [ -78.424329, 38.122694 ], [ -78.426603, 38.117374 ], [ -78.430558, 38.113723 ], [ -78.431593, 38.114547 ], [ -78.431739, 38.115239 ], [ -78.435504, 38.11658 ], [ -78.436538, 38.117347 ], [ -78.438154, 38.118997 ], [ -78.43857, 38.120301 ], [ -78.439822, 38.120521 ], [ -78.440398, 38.120071 ], [ -78.442748, 38.120532 ], [ -78.443234, 38.121488 ], [ -78.44601, 38.122809 ] ] ] } },
{ "type": "Feature", "properties": { "GEOID": "510030111021", "locality": "albemarle", "factor": 0.981, "factor_lo": 0.951, "factor_hi": 1.011, "n_sales": 323.0, "median_price": 510000.0, "median_ppsf": 226.0, "median_sqft": 2320.0, "est_price": 514000.0, "mo_pay": 2600.0, "mo_delta": -50.0, "dist_mi": 10.2, "drive_mo": 310.0, "allin_mo": 2910.0, "in_zone": "False", "pooled": "False", "unit": "510030111021", "acs_rent": 1766.0, "rent_factor": 0.87, "pred_rent": 2031.0, "renters": 188 }, "geometry": { "type": "Polygon", "coordinates": [ [ [ -78.702917, 38.066256 ], [ -78.702279, 38.067391 ], [ -78.699758, 38.066903 ], [ -78.699894, 38.064656 ], [ -78.693476, 38.062985 ], [ -78.691873, 38.064049 ], [ -78.691227, 38.063466 ], [ -78.690569, 38.063956 ], [ -78.688756, 38.063061 ], [ -78.687047, 38.062934 ], [ -78.686914, 38.060063 ], [ -78.685353, 38.056235 ], [ -78.683478, 38.0568 ], [ -78.682109, 38.056778 ], [ -78.681734, 38.057366 ], [ -78.679665, 38.056965 ], [ -78.677831, 38.05742 ], [ -78.674712, 38.059562 ], [ -78.672128, 38.060682 ], [ -78.669399, 38.059566 ], [ -78.667067, 38.05949 ], [ -78.665576, 38.062854 ], [ -78.657286, 38.061339 ], [ -78.651636, 38.061992 ], [ -78.648659, 38.061663 ], [ -78.650021, 38.060577 ], [ -78.654793, 38.059219 ], [ -78.668572, 38.052377 ], [ -78.670325, 38.051806 ], [ -78.698944, 38.051176 ], [ -78.699234, 38.053405 ], [ -78.69855, 38.054841 ], [ -78.698652, 38.056003 ], [ -78.69909, 38.057183 ], [ -78.700636, 38.05926 ], [ -78.700385, 38.061298 ], [ -78.7009, 38.062396 ], [ -78.702059, 38.063637 ], [ -78.702917, 38.066256 ] ] ] } },
{ "type": "Feature", "properties": { "GEOID": "510030108013", "locality": "albemarle", "factor": 1.099, "factor_lo": 1.063, "factor_hi": 1.137, "n_sales": 67.0, "median_price": 536808.0, "median_ppsf": 261.0, "median_sqft": 2130.0, "est_price": 576000.0, "mo_pay": 2910.0, "mo_delta": 260.0, "dist_mi": 1.6, "drive_mo": 50.0, "allin_mo": 2960.0, "in_zone": "False", "pooled": "False", "unit": "510030108013", "acs_rent": 1440.0, "rent_factor": 0.957, "pred_rent": 1505.0, "renters": 235 }, "geometry": { "type": "Polygon", "coordinates": [ [ [ -78.527492, 38.051761 ], [ -78.527186, 38.053632 ], [ -78.526333, 38.054802 ], [ -78.524312, 38.056502 ], [ -78.522853, 38.05602 ], [ -78.522489, 38.056434 ], [ -78.522482, 38.05823 ], [ -78.521822, 38.058817 ], [ -78.521694, 38.059868 ], [ -78.520988, 38.060652 ], [ -78.519953, 38.06287 ], [ -78.518885, 38.063492 ], [ -78.517702, 38.06335 ], [ -78.518215, 38.062732 ], [ -78.518965, 38.062517 ], [ -78.518676, 38.062016 ], [ -78.517176, 38.062375 ], [ -78.515994, 38.063346 ], [ -78.514716, 38.063877 ], [ -78.511717, 38.061834 ], [ -78.508266, 38.06143 ], [ -78.50629, 38.059013 ], [ -78.503748, 38.057069 ], [ -78.507616, 38.056269 ], [ -78.517025, 38.055163 ], [ -78.519335, 38.054548 ], [ -78.521229, 38.053544 ], [ -78.52256, 38.052388 ], [ -78.523516, 38.051051 ], [ -78.524633, 38.048506 ], [ -78.526401, 38.050115 ], [ -78.526182, 38.050196 ], [ -78.527492, 38.051761 ] ] ] } },
{ "type": "Feature", "properties": { "GEOID": "510030109011", "locality": "albemarle", "factor": 1.179, "factor_lo": 1.099, "factor_hi": 1.264, "n_sales": 126.0, "median_price": 394950.0, "median_ppsf": 275.0, "median_sqft": 1585.0, "est_price": 617000.0, "mo_pay": 3120.0, "mo_delta": 470.0, "dist_mi": 1.3, "drive_mo": 40.0, "allin_mo": 3160.0, "in_zone": "False", "pooled": "False", "unit": "510030109011", "acs_rent": 1590.0, "rent_factor": 1.105, "pred_rent": 1439.0, "renters": 421 }, "geometry": { "type": "Polygon", "coordinates": [ [ [ -78.524725, 38.048299 ], [ -78.522878, 38.052015 ], [ -78.521537, 38.05332 ], [ -78.519857, 38.054326 ], [ -78.517403, 38.055099 ], [ -78.507535, 38.056417 ], [ -78.50997, 38.051941 ], [ -78.511815, 38.051683 ], [ -78.512897, 38.050105 ], [ -78.512138, 38.04903 ], [ -78.512193, 38.048244 ], [ -78.513872, 38.048638 ], [ -78.51484, 38.046454 ], [ -78.515556, 38.045745 ], [ -78.513997, 38.044161 ], [ -78.515701, 38.044907 ], [ -78.521978, 38.046623 ], [ -78.524725, 38.048299 ] ] ] } },
{ "type": "Feature", "properties": { "GEOID": "510030109042", "locality": "albemarle", "factor": 1.244, "factor_lo": 1.193, "factor_hi": 1.297, "n_sales": 24.0, "median_price": 504750.0, "median_ppsf": 256.0, "median_sqft": 1804.0, "est_price": 652000.0, "mo_pay": 3300.0, "mo_delta": 650.0, "dist_mi": 1.1, "drive_mo": 30.0, "allin_mo": 3330.0, "in_zone": "False", "pooled": "False", "unit": "510030109042", "acs_rent": 1255.0, "rent_factor": 0.875, "pred_rent": 1434.0, "renters": 506 }, "geometry": { "type": "Polygon", "coordinates": [ [ [ -78.528742, 38.026785 ], [ -78.527039, 38.035349 ], [ -78.52656, 38.043434 ], [ -78.524725, 38.048299 ], [ -78.521978, 38.046623 ], [ -78.515701, 38.044907 ], [ -78.513997, 38.044161 ], [ -78.516072, 38.043486 ], [ -78.517369, 38.041186 ], [ -78.516272, 38.040381 ], [ -78.516892, 38.039879 ], [ -78.515527, 38.036644 ], [ -78.514545, 38.036765 ], [ -78.514126, 38.035851 ], [ -78.514474, 38.032814 ], [ -78.516434, 38.029239 ], [ -78.516501, 38.028634 ], [ -78.518294, 38.028558 ], [ -78.51826, 38.029827 ], [ -78.520179, 38.029781 ], [ -78.519777, 38.028454 ], [ -78.520255, 38.028462 ], [ -78.520051, 38.026053 ], [ -78.528742, 38.026785 ] ] ] } },
{ "type": "Feature", "properties": { "GEOID": "510030106023", "locality": "albemarle", "factor": 1.006, "factor_lo": 0.965, "factor_hi": 1.048, "n_sales": 182.0, "median_price": 276000.0, "median_ppsf": 200.0, "median_sqft": 1347.0, "est_price": 527000.0, "mo_pay": 2660.0, "mo_delta": 10.0, "dist_mi": 1.7, "drive_mo": 50.0, "allin_mo": 2720.0, "in_zone": "False", "pooled": "False", "unit": "510030106023", "acs_rent": 1543.0, "rent_factor": 0.811, "pred_rent": 1902.0, "renters": 139 }, "geometry": { "type": "Polygon", "coordinates": [ [ [ -78.472576, 38.049533 ], [ -78.471392, 38.050797 ], [ -78.472213, 38.052543 ], [ -78.468975, 38.056432 ], [ -78.464405, 38.064699 ], [ -78.462224, 38.062756 ], [ -78.462255, 38.061951 ], [ -78.46273, 38.061337 ], [ -78.461452, 38.059214 ], [ -78.461123, 38.057471 ], [ -78.460425, 38.056383 ], [ -78.460601, 38.055104 ], [ -78.461415, 38.053166 ], [ -78.462548, 38.051707 ], [ -78.464166, 38.050451 ], [ -78.464147, 38.049168 ], [ -78.465025, 38.048312 ], [ -78.46613, 38.0457 ], [ -78.468407, 38.046595 ], [ -78.470018, 38.046759 ], [ -78.47072, 38.04873 ], [ -78.472258, 38.04878 ], [ -78.472576, 38.049533 ] ] ] } },
{ "type": "Feature", "properties": { "GEOID": "510030105023", "locality": "albemarle", "factor": 0.995, "factor_lo": 0.964, "factor_hi": 1.027, "n_sales": 23.0, "median_price": 470000.0, "median_ppsf": 205.0, "median_sqft": 2282.0, "est_price": 521000.0, "mo_pay": 2640.0, "mo_delta": -10.0, "dist_mi": 1.8, "drive_mo": 60.0, "allin_mo": 2690.0, "in_zone": "False", "pooled": "False", "unit": "510030105023", "acs_rent": 1785.0, "rent_factor": 1.124, "pred_rent": 1588.0, "renters": 461 }, "geometry": { "type": "Polygon", "coordinates": [ [ [ -78.458673, 38.034443 ], [ -78.457239, 38.035206 ], [ -78.455013, 38.037399 ], [ -78.452402, 38.036645 ], [ -78.447452, 38.039435 ], [ -78.444114, 38.038677 ], [ -78.4392, 38.034716 ], [ -78.442075, 38.034678 ], [ -78.445566, 38.033948 ], [ -78.449551, 38.03486 ], [ -78.449863, 38.033583 ], [ -78.456548, 38.033735 ], [ -78.458673, 38.034443 ] ] ] } },
{ "type": "Feature", "properties": { "GEOID": "510030106031", "locality": "albemarle", "factor": 1.005, "factor_lo": 0.963, "factor_hi": 1.048, "n_sales": 181.0, "median_price": 275000.0, "median_ppsf": 213.0, "median_sqft": 1301.0, "est_price": 526000.0, "mo_pay": 2660.0, "mo_delta": 10.0, "dist_mi": 2.7, "drive_mo": 80.0, "allin_mo": 2750.0, "in_zone": "False", "pooled": "False", "unit": "510030106031", "acs_rent": 1702.0, "rent_factor": 1.085, "pred_rent": 1568.0, "renters": 495 }, "geometry": { "type": "Polygon", "coordinates": [ [ [ -78.480636, 38.068013 ], [ -78.479482, 38.072133 ], [ -78.476779, 38.073932 ], [ -78.473559, 38.074544 ], [ -78.471311, 38.073809 ], [ -78.469151, 38.074196 ], [ -78.468005, 38.074057 ], [ -78.468318, 38.07032 ], [ -78.466889, 38.06783 ], [ -78.46799, 38.067689 ], [ -78.468207, 38.068133 ], [ -78.472602, 38.067476 ], [ -78.471013, 38.069739 ], [ -78.471987, 38.070455 ], [ -78.472985, 38.070127 ], [ -78.474871, 38.068728 ], [ -78.474522, 38.067588 ], [ -78.476088, 38.066711 ], [ -78.476172, 38.066176 ], [ -78.476495, 38.066142 ], [ -78.477378, 38.06493 ], [ -78.480399, 38.066339 ], [ -78.480636, 38.068013 ] ] ] } },
{ "type": "Feature", "properties": { "GEOID": "510030103021", "locality": "albemarle", "factor": 1.041, "factor_lo": 0.998, "factor_hi": 1.085, "n_sales": 601.0, "median_price": 470147.0, "median_ppsf": 218.0, "median_sqft": 2266.0, "est_price": 545000.0, "mo_pay": 2760.0, "mo_delta": 110.0, "dist_mi": 5.5, "drive_mo": 170.0, "allin_mo": 2930.0, "in_zone": "False", "pooled": "False", "unit": "510030103021", "acs_rent": 2279.0, "rent_factor": 1.204, "pred_rent": 1894.0, "renters": 128 }, "geometry": { "type": "Polygon", "coordinates": [ [ [ -78.461235, 38.101011 ], [ -78.452886, 38.113236 ], [ -78.450606, 38.111629 ], [ -78.447591, 38.110863 ], [ -78.444406, 38.111133 ], [ -78.443306, 38.110943 ], [ -78.441864, 38.109907 ], [ -78.441514, 38.108688 ], [ -78.44098, 38.108109 ], [ -78.439431, 38.10725 ], [ -78.437615, 38.107005 ], [ -78.435654, 38.106107 ], [ -78.434741, 38.10622 ], [ -78.433478, 38.108392 ], [ -78.432658, 38.108743 ], [ -78.430538, 38.10899 ], [ -78.428425, 38.107265 ], [ -78.427506, 38.107025 ], [ -78.42761, 38.106435 ], [ -78.424554, 38.108836 ], [ -78.42436, 38.107943 ], [ -78.423031, 38.105729 ], [ -78.423358, 38.105019 ], [ -78.423071, 38.104531 ], [ -78.425054, 38.101306 ], [ -78.428294, 38.09828 ], [ -78.429137, 38.095873 ], [ -78.430719, 38.095431 ], [ -78.434104, 38.096798 ], [ -78.440619, 38.091693 ], [ -78.443063, 38.08813 ], [ -78.443616, 38.088873 ], [ -78.443894, 38.090548 ], [ -78.443735, 38.092711 ], [ -78.445367, 38.095099 ], [ -78.445221, 38.09634 ], [ -78.445451, 38.09695 ], [ -78.446952, 38.098509 ], [ -78.447806, 38.098948 ], [ -78.449418, 38.098899 ], [ -78.45003, 38.09835 ], [ -78.449835, 38.098064 ], [ -78.452114, 38.097114 ], [ -78.452927, 38.09707 ], [ -78.456158, 38.098261 ], [ -78.461235, 38.101011 ] ] ] } },
{ "type": "Feature", "properties": { "GEOID": "510030113031", "locality": "albemarle", "factor": 1.08, "factor_lo": 1.04, "factor_hi": 1.121, "n_sales": 439.0, "median_price": 420000.0, "median_ppsf": 217.0, "median_sqft": 2075.0, "est_price": 566000.0, "mo_pay": 2860.0, "mo_delta": 210.0, "dist_mi": 2.8, "drive_mo": 80.0, "allin_mo": 2940.0, "in_zone": "False", "pooled": "False", "unit": "510030113031", "acs_rent": 1814.0, "rent_factor": 1.136, "pred_rent": 1596.0, "renters": 626 }, "geometry": { "type": "Polygon", "coordinates": [ [ [ -78.506531, 37.981969 ], [ -78.50576, 37.98322 ], [ -78.505515, 37.988555 ], [ -78.499848, 37.997918 ], [ -78.485365, 38.015923 ], [ -78.483278, 38.014899 ], [ -78.482917, 38.011831 ], [ -78.481383, 38.011891 ], [ -78.480102, 38.013442 ], [ -78.479124, 38.013336 ], [ -78.47715, 38.014478 ], [ -78.475661, 38.014511 ], [ -78.475109, 38.013917 ], [ -78.480884, 38.004255 ], [ -78.482914, 38.000023 ], [ -78.484927, 37.998431 ], [ -78.486741, 37.994846 ], [ -78.490304, 37.992778 ], [ -78.49739, 37.990897 ], [ -78.500412, 37.988732 ], [ -78.505354, 37.982691 ], [ -78.506333, 37.981678 ], [ -78.506531, 37.981969 ] ] ] } },
{ "type": "Feature", "properties": { "GEOID": "510030111033", "locality": "albemarle", "factor": 0.998, "factor_lo": 0.964, "factor_hi": 1.033, "n_sales": 186.0, "median_price": 420000.0, "median_ppsf": 208.0, "median_sqft": 2143.0, "est_price": 523000.0, "mo_pay": 2640.0, "mo_delta": -10.0, "dist_mi": 11.8, "drive_mo": 360.0, "allin_mo": 3010.0, "in_zone": "False", "pooled": "False", "unit": "510030111033", "acs_rent": null, "rent_factor": null, "pred_rent": null, "renters": 9 }, "geometry": { "type": "Polygon", "coordinates": [ [ [ -78.728088, 38.068099 ], [ -78.726683, 38.069762 ], [ -78.726423, 38.070781 ], [ -78.724828, 38.072822 ], [ -78.722784, 38.074059 ], [ -78.721616, 38.075559 ], [ -78.717621, 38.076671 ], [ -78.716718, 38.07735 ], [ -78.714339, 38.077266 ], [ -78.714133, 38.07655 ], [ -78.712376, 38.075958 ], [ -78.712104, 38.075079 ], [ -78.710173, 38.07352 ], [ -78.708721, 38.07302 ], [ -78.70806, 38.072148 ], [ -78.707303, 38.069896 ], [ -78.70612, 38.068527 ], [ -78.711185, 38.068613 ], [ -78.72003, 38.070561 ], [ -78.72195, 38.070119 ], [ -78.727387, 38.06688 ], [ -78.727922, 38.067386 ], [ -78.728088, 38.068099 ] ] ] } },
{ "type": "Feature", "properties": { "GEOID": "510030111031", "locality": "albemarle", "factor": 1.001, "factor_lo": 0.968, "factor_hi": 1.034, "n_sales": 207.0, "median_price": 550000.0, "median_ppsf": 232.0, "median_sqft": 2442.0, "est_price": 524000.0, "mo_pay": 2650.0, "mo_delta": 0.0, "dist_mi": 11.6, "drive_mo": 360.0, "allin_mo": 3010.0, "in_zone": "False", "pooled": "False", "unit": "510030111031", "acs_rent": null, "rent_factor": null, "pred_rent": null, "renters": 0 }, "geometry": { "type": "Polygon", "coordinates": [ [ [ -78.723533, 38.069294 ], [ -78.72151, 38.070306 ], [ -78.719804, 38.070552 ], [ -78.711185, 38.068613 ], [ -78.705162, 38.068501 ], [ -78.702054, 38.067766 ], [ -78.702903, 38.066079 ], [ -78.702059, 38.063637 ], [ -78.70064, 38.061961 ], [ -78.700407, 38.060354 ], [ -78.701869, 38.061056 ], [ -78.706085, 38.060737 ], [ -78.709565, 38.06257 ], [ -78.71292, 38.063597 ], [ -78.716505, 38.065814 ], [ -78.717103, 38.065825 ], [ -78.718012, 38.065078 ], [ -78.719686, 38.064441 ], [ -78.722473, 38.067048 ], [ -78.723533, 38.069294 ] ] ] } },
{ "type": "Feature", "properties": { "GEOID": "510030111022", "locality": "albemarle", "factor": 1.018, "factor_lo": 0.983, "factor_hi": 1.054, "n_sales": 545.0, "median_price": 565000.0, "median_ppsf": 234.0, "median_sqft": 2326.0, "est_price": 533000.0, "mo_pay": 2700.0, "mo_delta": 50.0, "dist_mi": 10.1, "drive_mo": 310.0, "allin_mo": 3010.0, "in_zone": "False", "pooled": "False", "unit": "510030111022", "acs_rent": null, "rent_factor": null, "pred_rent": null, "renters": 0 }, "geometry": { "type": "Polygon", "coordinates": [ [ [ -78.692628, 38.066718 ], [ -78.692512, 38.068791 ], [ -78.677588, 38.068659 ], [ -78.674946, 38.067876 ], [ -78.67037, 38.064943 ], [ -78.665576, 38.062854 ], [ -78.667067, 38.05949 ], [ -78.669399, 38.059566 ], [ -78.672128, 38.060682 ], [ -78.674712, 38.059562 ], [ -78.677831, 38.05742 ], [ -78.679665, 38.056965 ], [ -78.681734, 38.057366 ], [ -78.682109, 38.056778 ], [ -78.683478, 38.0568 ], [ -78.685353, 38.056235 ], [ -78.686914, 38.060063 ], [ -78.687047, 38.062934 ], [ -78.688679, 38.063039 ], [ -78.690548, 38.063906 ], [ -78.691117, 38.065746 ], [ -78.691951, 38.066723 ], [ -78.692628, 38.066718 ] ] ] } },
{ "type": "Feature", "properties": { "GEOID": "510030111035", "locality": "albemarle", "factor": 1.078, "factor_lo": 1.039, "factor_hi": 1.119, "n_sales": 290.0, "median_price": 505000.0, "median_ppsf": 229.0, "median_sqft": 2253.0, "est_price": 565000.0, "mo_pay": 2860.0, "mo_delta": 210.0, "dist_mi": 11.2, "drive_mo": 350.0, "allin_mo": 3200.0, "in_zone": "False", "pooled": "False", "unit": "510030111035", "acs_rent": 2172.0, "rent_factor": 1.579, "pred_rent": 1375.0, "renters": 158 }, "geometry": { "type": "Polygon", "coordinates": [ [ [ -78.713972, 38.062801 ], [ -78.714081, 38.064248 ], [ -78.712775, 38.063536 ], [ -78.709565, 38.06257 ], [ -78.705981, 38.060704 ], [ -78.701362, 38.060924 ], [ -78.70049, 38.060186 ], [ -78.700636, 38.05926 ], [ -78.699125, 38.057075 ], [ -78.699903, 38.056531 ], [ -78.702709, 38.056459 ], [ -78.703785, 38.055592 ], [ -78.705556, 38.055586 ], [ -78.706389, 38.054861 ], [ -78.708514, 38.053856 ], [ -78.708791, 38.055739 ], [ -78.713972, 38.062801 ] ] ] } },
{ "type": "Feature", "properties": { "GEOID": "510030111034", "locality": "albemarle", "factor": 1.086, "factor_lo": 1.044, "factor_hi": 1.13, "n_sales": 294.0, "median_price": 688820.0, "median_ppsf": 271.0, "median_sqft": 2394.0, "est_price": 569000.0, "mo_pay": 2880.0, "mo_delta": 230.0, "dist_mi": 11.5, "drive_mo": 350.0, "allin_mo": 3230.0, "in_zone": "False", "pooled": "False", "unit": "510030111034", "acs_rent": 2113.0, "rent_factor": 1.199, "pred_rent": 1763.0, "renters": 133 }, "geometry": { "type": "Polygon", "coordinates": [ [ [ -78.721245, 38.062565 ], [ -78.717883, 38.06274 ], [ -78.719007, 38.063557 ], [ -78.718498, 38.064825 ], [ -78.718881, 38.064759 ], [ -78.717103, 38.065825 ], [ -78.715679, 38.065523 ], [ -78.714081, 38.064248 ], [ -78.713972, 38.062801 ], [ -78.708791, 38.055739 ], [ -78.708514, 38.053856 ], [ -78.713528, 38.052515 ], [ -78.715653, 38.051305 ], [ -78.716876, 38.051493 ], [ -78.716691, 38.052767 ], [ -78.717683, 38.053986 ], [ -78.718598, 38.054476 ], [ -78.717494, 38.055418 ], [ -78.71743, 38.055937 ], [ -78.718223, 38.056711 ], [ -78.719935, 38.057346 ], [ -78.719557, 38.059939 ], [ -78.720289, 38.060098 ], [ -78.721245, 38.062565 ] ] ] } },
{ "type": "Feature", "properties": { "GEOID": "510030108022", "locality": "albemarle", "factor": 0.928, "factor_lo": 0.886, "factor_hi": 0.972, "n_sales": 67.0, "median_price": 231750.0, "median_ppsf": 188.0, "median_sqft": 1280.0, "est_price": 486000.0, "mo_pay": 2460.0, "mo_delta": -190.0, "dist_mi": 2.0, "drive_mo": 60.0, "allin_mo": 2520.0, "in_zone": "False", "pooled": "False", "unit": "510030108022", "acs_rent": 1637.0, "rent_factor": 1.079, "pred_rent": 1518.0, "renters": 375 }, "geometry": { "type": "Polygon", "coordinates": [ [ [ -78.515921, 38.066006 ], [ -78.51416, 38.068837 ], [ -78.513373, 38.068235 ], [ -78.51043, 38.06724 ], [ -78.504125, 38.066092 ], [ -78.504512, 38.064924 ], [ -78.508266, 38.06143 ], [ -78.511264, 38.061706 ], [ -78.512346, 38.062137 ], [ -78.514596, 38.063735 ], [ -78.515921, 38.066006 ] ] ] } },
{ "type": "Feature", "properties": { "GEOID": "510030108011", "locality": "albemarle", "factor": 0.905, "factor_lo": 0.862, "factor_hi": 0.95, "n_sales": 92.0, "median_price": 199500.0, "median_ppsf": 192.0, "median_sqft": 880.0, "est_price": 474000.0, "mo_pay": 2400.0, "mo_delta": -250.0, "dist_mi": 2.2, "drive_mo": 70.0, "allin_mo": 2460.0, "in_zone": "False", "pooled": "False", "unit": "510030108011", "acs_rent": 1635.0, "rent_factor": 1.077, "pred_rent": 1518.0, "renters": 598 }, "geometry": { "type": "Polygon", "coordinates": [ [ [ -78.504238, 38.065438 ], [ -78.504002, 38.06658 ], [ -78.503444, 38.067439 ], [ -78.499087, 38.071202 ], [ -78.498726, 38.070027 ], [ -78.49719, 38.068275 ], [ -78.496263, 38.066424 ], [ -78.500657, 38.065517 ], [ -78.501076, 38.064111 ], [ -78.504238, 38.065438 ] ] ] } },
{ "type": "Feature", "properties": { "GEOID": "510030113024", "locality": "albemarle", "factor": 0.984, "factor_lo": 0.938, "factor_hi": 1.033, "n_sales": 253.0, "median_price": 239900.0, "median_ppsf": 183.0, "median_sqft": 1260.0, "est_price": 516000.0, "mo_pay": 2610.0, "mo_delta": -40.0, "dist_mi": 2.3, "drive_mo": 70.0, "allin_mo": 2680.0, "in_zone": "False", "pooled": "False", "unit": "510030113024", "acs_rent": 1707.0, "rent_factor": 0.981, "pred_rent": 1740.0, "renters": 619 }, "geometry": { "type": "Polygon", "coordinates": [ [ [ -78.527912, 38.00591 ], [ -78.527049, 38.008728 ], [ -78.526402, 38.013238 ], [ -78.522841, 38.011249 ], [ -78.519033, 38.009794 ], [ -78.521317, 38.007556 ], [ -78.521208, 38.006792 ], [ -78.519885, 38.005207 ], [ -78.525763, 38.002126 ], [ -78.527912, 38.00591 ] ] ] } },
{ "type": "Feature", "properties": { "GEOID": "510030113023", "locality": "albemarle", "factor": null, "factor_lo": null, "factor_hi": null, "n_sales": null, "median_price": null, "median_ppsf": null, "median_sqft": null, "est_price": null, "mo_pay": null, "mo_delta": null, "dist_mi": null, "drive_mo": null, "allin_mo": null, "in_zone": null, "pooled": null, "unit": null, "acs_rent": 1962.0, "rent_factor": 1.139, "pred_rent": 1723.0, "renters": 432 }, "geometry": { "type": "Polygon", "coordinates": [ [ [ -78.521333, 38.007434 ], [ -78.521007, 38.008105 ], [ -78.519194, 38.009583 ], [ -78.51861, 38.010678 ], [ -78.516025, 38.009801 ], [ -78.515357, 38.010198 ], [ -78.51371, 38.009694 ], [ -78.511528, 38.009593 ], [ -78.51016, 38.009774 ], [ -78.509115, 38.011145 ], [ -78.508473, 38.011378 ], [ -78.505442, 38.010324 ], [ -78.507508, 38.009245 ], [ -78.510838, 38.00656 ], [ -78.511939, 38.006127 ], [ -78.516831, 38.006241 ], [ -78.519885, 38.005207 ], [ -78.521144, 38.006692 ], [ -78.521333, 38.007434 ] ] ] } },
{ "type": "Feature", "properties": { "GEOID": "510030103033", "locality": "albemarle", "factor": 1.003, "factor_lo": 0.972, "factor_hi": 1.035, "n_sales": 218.0, "median_price": 383900.0, "median_ppsf": 221.0, "median_sqft": 1720.0, "est_price": 525000.0, "mo_pay": 2660.0, "mo_delta": 10.0, "dist_mi": 6.2, "drive_mo": 190.0, "allin_mo": 2850.0, "in_zone": "False", "pooled": "False", "unit": "510030103033", "acs_rent": 1618.0, "rent_factor": 0.963, "pred_rent": 1680.0, "renters": 171 }, "geometry": { "type": "Polygon", "coordinates": [ [ [ -78.452811, 38.113365 ], [ -78.447954, 38.120779 ], [ -78.44601, 38.122809 ], [ -78.443234, 38.121488 ], [ -78.442748, 38.120532 ], [ -78.440398, 38.120071 ], [ -78.439822, 38.120521 ], [ -78.43857, 38.120301 ], [ -78.438154, 38.118997 ], [ -78.436538, 38.117347 ], [ -78.435504, 38.11658 ], [ -78.431739, 38.115239 ], [ -78.431593, 38.114547 ], [ -78.430558, 38.113723 ], [ -78.426603, 38.117374 ], [ -78.425621, 38.119515 ], [ -78.423588, 38.118232 ], [ -78.421523, 38.117835 ], [ -78.422156, 38.116751 ], [ -78.423693, 38.115615 ], [ -78.424753, 38.114251 ], [ -78.424554, 38.108836 ], [ -78.42761, 38.106435 ], [ -78.427506, 38.107025 ], [ -78.428425, 38.107265 ], [ -78.430538, 38.10899 ], [ -78.433394, 38.10848 ], [ -78.434741, 38.10622 ], [ -78.435654, 38.106107 ], [ -78.437615, 38.107005 ], [ -78.439431, 38.10725 ], [ -78.44098, 38.108109 ], [ -78.441514, 38.108688 ], [ -78.441864, 38.109907 ], [ -78.443306, 38.110943 ], [ -78.444406, 38.111133 ], [ -78.447263, 38.110811 ], [ -78.450446, 38.111575 ], [ -78.452811, 38.113365 ] ] ] } },
{ "type": "Feature", "properties": { "GEOID": "510030112023", "locality": "albemarle", "factor": 1.032, "factor_lo": 0.999, "factor_hi": 1.066, "n_sales": 202.0, "median_price": 454450.0, "median_ppsf": 227.0, "median_sqft": 1969.0, "est_price": 540000.0, "mo_pay": 2730.0, "mo_delta": 80.0, "dist_mi": 2.3, "drive_mo": 70.0, "allin_mo": 2800.0, "in_zone": "False", "pooled": "False", "unit": "510030112023", "acs_rent": 1900.0, "rent_factor": null, "pred_rent": 1897.0, "renters": 28 }, "geometry": { "type": "Polygon", "coordinates": [ [ [ -78.552432, 38.010107 ], [ -78.552186, 38.012316 ], [ -78.549599, 38.013364 ], [ -78.546611, 38.015362 ], [ -78.536868, 38.020566 ], [ -78.531201, 38.023966 ], [ -78.529676, 38.025287 ], [ -78.528742, 38.026785 ], [ -78.523038, 38.026337 ], [ -78.523708, 38.022283 ], [ -78.523542, 38.02004 ], [ -78.522566, 38.018129 ], [ -78.521188, 38.018952 ], [ -78.520764, 38.018891 ], [ -78.520375, 38.018355 ], [ -78.5219, 38.018318 ], [ -78.524353, 38.016469 ], [ -78.525944, 38.014466 ], [ -78.526384, 38.013353 ], [ -78.527348, 38.00749 ], [ -78.529298, 38.007297 ], [ -78.530289, 38.00763 ], [ -78.533109, 38.003777 ], [ -78.547729, 38.007684 ], [ -78.549773, 38.006772 ], [ -78.5504, 38.006001 ], [ -78.55154, 38.006562 ], [ -78.552432, 38.010107 ] ] ] } },
{ "type": "Feature", "properties": { "GEOID": "510030108012", "locality": "albemarle", "factor": 1.064, "factor_lo": 1.003, "factor_hi": 1.13, "n_sales": 162.0, "median_price": 212200.0, "median_ppsf": 230.0, "median_sqft": 938.0, "est_price": 558000.0, "mo_pay": 2820.0, "mo_delta": 170.0, "dist_mi": 1.8, "drive_mo": 60.0, "allin_mo": 2880.0, "in_zone": "False", "pooled": "False", "unit": "510030108012", "acs_rent": 1306.0, "rent_factor": 0.833, "pred_rent": 1567.0, "renters": 473 }, "geometry": { "type": "Polygon", "coordinates": [ [ [ -78.508182, 38.061513 ], [ -78.504264, 38.065347 ], [ -78.501117, 38.064111 ], [ -78.500706, 38.065484 ], [ -78.498447, 38.065993 ], [ -78.496263, 38.066424 ], [ -78.495034, 38.065337 ], [ -78.502402, 38.060463 ], [ -78.500569, 38.05804 ], [ -78.501454, 38.057566 ], [ -78.503748, 38.057069 ], [ -78.506425, 38.059147 ], [ -78.508182, 38.061513 ] ] ] } },
{ "type": "Feature", "properties": { "GEOID": "510030109043", "locality": "albemarle", "factor": null, "factor_lo": null, "factor_hi": null, "n_sales": null, "median_price": null, "median_ppsf": null, "median_sqft": null, "est_price": null, "mo_pay": null, "mo_delta": null, "dist_mi": null, "drive_mo": null, "allin_mo": null, "in_zone": null, "pooled": null, "unit": null, "acs_rent": null, "rent_factor": null, "pred_rent": null, "renters": 0 }, "geometry": { "type": "Polygon", "coordinates": [ [ [ -78.516501, 38.028634 ], [ -78.514263, 38.033529 ], [ -78.514126, 38.035851 ], [ -78.514564, 38.036815 ], [ -78.51333, 38.037137 ], [ -78.508096, 38.035831 ], [ -78.509134, 38.032839 ], [ -78.510963, 38.030869 ], [ -78.514667, 38.02864 ], [ -78.516501, 38.028634 ] ] ] } },
{ "type": "Feature", "properties": { "GEOID": "510030109041", "locality": "albemarle", "factor": null, "factor_lo": null, "factor_hi": null, "n_sales": null, "median_price": null, "median_ppsf": null, "median_sqft": null, "est_price": null, "mo_pay": null, "mo_delta": null, "dist_mi": null, "drive_mo": null, "allin_mo": null, "in_zone": null, "pooled": null, "unit": null, "acs_rent": null, "rent_factor": null, "pred_rent": null, "renters": 12 }, "geometry": { "type": "Polygon", "coordinates": [ [ [ -78.509613, 38.032161 ], [ -78.509134, 38.032839 ], [ -78.506766, 38.039522 ], [ -78.506256, 38.039625 ], [ -78.505324, 38.041202 ], [ -78.505718, 38.041379 ], [ -78.505312, 38.042143 ], [ -78.504297, 38.042885 ], [ -78.501248, 38.040409 ], [ -78.503456, 38.036746 ], [ -78.501584, 38.036092 ], [ -78.500112, 38.034324 ], [ -78.497791, 38.033255 ], [ -78.501997, 38.032116 ], [ -78.509613, 38.032161 ] ] ] } }
]
}
