{
"type": "FeatureCollection",
"name": "surface",
"crs": { "type": "name", "properties": { "name": "urn:ogc:def:crs:OGC:1.3:CRS84" } },
"features": [
{ "type": "Feature", "properties": { "factor_fine": 0.679 }, "geometry": { "type": "Polygon", "coordinates": [ [ [ -78.5288, 37.7785 ], [ -78.5287, 37.783 ], [ -78.523, 37.7829 ], [ -78.5232, 37.7784 ], [ -78.5288, 37.7785 ] ] ] } },
{ "type": "Feature", "properties": { "factor_fine": 0.694 }, "geometry": { "type": "Polygon", "coordinates": [ [ [ -78.5232, 37.7784 ], [ -78.523, 37.7829 ], [ -78.5173, 37.7828 ], [ -78.5175, 37.7783 ], [ -78.5232, 37.7784 ] ] ] } },
{ "type": "Feature", "properties": { "factor_fine": 0.709 }, "geometry": { "type": "Polygon", "coordinates": [ [ [ -78.5175, 37.7783 ], [ -78.5173, 37.7828 ], [ -78.5117, 37.7827 ], [ -78.5118, 37.7782 ], [ -78.5175, 37.7783 ] ] ] } },
{ "type": "Feature", "properties": { "factor_fine": 0.681 }, "geometry": { "type": "Polygon", "coordinates": [ [ [ -78.5287, 37.783 ], [ -78.5285, 37.7875 ], [ -78.5229, 37.7874 ], [ -78.523, 37.7829 ], [ -78.5287, 37.783 ] ] ] } },
{ "type": "Feature", "properties": { "factor_fine": 0.697 }, "geometry": { "type": "Polygon", "coordinates": [ [ [ -78.523, 37.7829 ], [ -78.5229, 37.7874 ], [ -78.5172, 37.7873 ], [ -78.5173, 37.7828 ], [ -78.523, 37.7829 ] ] ] } },
{ "type": "Feature", "properties": { "factor_fine": 0.713 }, "geometry": { "type": "Polygon", "coordinates": [ [ [ -78.5173, 37.7828 ], [ -78.5172, 37.7873 ], [ -78.5115, 37.7872 ], [ -78.5117, 37.7827 ], [ -78.5173, 37.7828 ] ] ] } },
{ "type": "Feature", "properties": { "factor_fine": 0.725 }, "geometry": { "type": "Polygon", "coordinates": [ [ [ -78.5117, 37.7827 ], [ -78.5115, 37.7872 ], [ -78.5058, 37.787 ], [ -78.506, 37.7825 ], [ -78.5117, 37.7827 ] ] ] } },
{ "type": "Feature", "properties": { "factor_fine": 0.683 }, "geometry": { "type": "Polygon", "coordinates": [ [ [ -78.5285, 37.7875 ], [ -78.5284, 37.792 ], [ -78.5227, 37.7919 ], [ -78.5229, 37.7874 ], [ -78.5285, 37.7875 ] ] ] } },
{ "type": "Feature", "properties": { "factor_fine": 0.703 }, "geometry": { "type": "Polygon", "coordinates": [ [ [ -78.5229, 37.7874 ], [ -78.5227, 37.7919 ], [ -78.517, 37.7918 ], [ -78.5172, 37.7873 ], [ -78.5229, 37.7874 ] ] ] } },
{ "type": "Feature", "properties": { "factor_fine": 0.727 }, "geometry": { "type": "Polygon", "coordinates": [ [ [ -78.5172, 37.7873 ], [ -78.517, 37.7918 ], [ -78.5114, 37.7917 ], [ -78.5115, 37.7872 ], [ -78.5172, 37.7873 ] ] ] } },
{ "type": "Feature", "properties": { "factor_fine": 0.751 }, "geometry": { "type": "Polygon", "coordinates": [ [ [ -78.5115, 37.7872 ], [ -78.5114, 37.7917 ], [ -78.5057, 37.7916 ], [ -78.5058, 37.787 ], [ -78.5115, 37.7872 ] ] ] } },
{ "type": "Feature", "properties": { "factor_fine": 0.773 }, "geometry": { "type": "Polygon", "coordinates": [ [ [ -78.5058, 37.787 ], [ -78.5057, 37.7916 ], [ -78.5, 37.7914 ], [ -78.5002, 37.7869 ], [ -78.5058, 37.787 ] ] ] } },
{ "type": "Feature", "properties": { "factor_fine": 0.637 }, "geometry": { "type": "Polygon", "coordinates": [ [ [ -78.6873, 37.7953 ], [ -78.6871, 37.7998 ], [ -78.6814, 37.7996 ], [ -78.6816, 37.7951 ], [ -78.6873, 37.7953 ] ] ] } },
{ "type": "Feature", "properties": { "factor_fine": 0.751 }, "geometry": { "type": "Polygon", "coordinates": [ [ [ -78.517, 37.7918 ], [ -78.5169, 37.7963 ], [ -78.5112, 37.7962 ], [ -78.5114, 37.7917 ], [ -78.517, 37.7918 ] ] ] } },
{ "type": "Feature", "properties": { "factor_fine": 0.782 }, "geometry": { "type": "Polygon", "coordinates": [ [ [ -78.5114, 37.7917 ], [ -78.5112, 37.7962 ], [ -78.5055, 37.7961 ], [ -78.5057, 37.7916 ], [ -78.5114, 37.7917 ] ] ] } },
{ "type": "Feature", "properties": { "factor_fine": 0.798 }, "geometry": { "type": "Polygon", "coordinates": [ [ [ -78.5057, 37.7916 ], [ -78.5055, 37.7961 ], [ -78.4999, 37.7959 ], [ -78.5, 37.7914 ], [ -78.5057, 37.7916 ] ] ] } },
{ "type": "Feature", "properties": { "factor_fine": 0.805 }, "geometry": { "type": "Polygon", "coordinates": [ [ [ -78.5, 37.7914 ], [ -78.4999, 37.7959 ], [ -78.4942, 37.7958 ], [ -78.4943, 37.7913 ], [ -78.5, 37.7914 ] ] ] } },
{ "type": "Feature", "properties": { "factor_fine": 0.618 }, "geometry": { "type": "Polygon", "coordinates": [ [ [ -78.6928, 37.7999 ], [ -78.6927, 37.8044 ], [ -78.687, 37.8043 ], [ -78.6871, 37.7998 ], [ -78.6928, 37.7999 ] ] ] } },
{ "type": "Feature", "properties": { "factor_fine": 0.621 }, "geometry": { "type": "Polygon", "coordinates": [ [ [ -78.6871, 37.7998 ], [ -78.687, 37.8043 ], [ -78.6813, 37.8042 ], [ -78.6814, 37.7996 ], [ -78.6871, 37.7998 ] ] ] } },
{ "type": "Feature", "properties": { "factor_fine": 0.788 }, "geometry": { "type": "Polygon", "coordinates": [ [ [ -78.5112, 37.7962 ], [ -78.5111, 37.8007 ], [ -78.5054, 37.8006 ], [ -78.5055, 37.7961 ], [ -78.5112, 37.7962 ] ] ] } },
{ "type": "Feature", "properties": { "factor_fine": 0.798 }, "geometry": { "type": "Polygon", "coordinates": [ [ [ -78.5055, 37.7961 ], [ -78.5054, 37.8006 ], [ -78.4997, 37.8004 ], [ -78.4999, 37.7959 ], [ -78.5055, 37.7961 ] ] ] } },
{ "type": "Feature", "properties": { "factor_fine": 0.803 }, "geometry": { "type": "Polygon", "coordinates": [ [ [ -78.4999, 37.7959 ], [ -78.4997, 37.8004 ], [ -78.494, 37.8003 ], [ -78.4942, 37.7958 ], [ -78.4999, 37.7959 ] ] ] } },
{ "type": "Feature", "properties": { "factor_fine": 0.803 }, "geometry": { "type": "Polygon", "coordinates": [ [ [ -78.4942, 37.7958 ], [ -78.494, 37.8003 ], [ -78.4884, 37.8002 ], [ -78.4885, 37.7957 ], [ -78.4942, 37.7958 ] ] ] } },
{ "type": "Feature", "properties": { "factor_fine": 0.608 }, "geometry": { "type": "Polygon", "coordinates": [ [ [ -78.6927, 37.8044 ], [ -78.6925, 37.8089 ], [ -78.6868, 37.8088 ], [ -78.687, 37.8043 ], [ -78.6927, 37.8044 ] ] ] } },
{ "type": "Feature", "properties": { "factor_fine": 0.607 }, "geometry": { "type": "Polygon", "coordinates": [ [ [ -78.687, 37.8043 ], [ -78.6868, 37.8088 ], [ -78.6812, 37.8087 ], [ -78.6813, 37.8042 ], [ -78.687, 37.8043 ] ] ] } },
{ "type": "Feature", "properties": { "factor_fine": 0.771 }, "geometry": { "type": "Polygon", "coordinates": [ [ [ -78.5111, 37.8007 ], [ -78.5109, 37.8052 ], [ -78.5052, 37.8051 ], [ -78.5054, 37.8006 ], [ -78.5111, 37.8007 ] ] ] } },
{ "type": "Feature", "properties": { "factor_fine": 0.784 }, "geometry": { "type": "Polygon", "coordinates": [ [ [ -78.5054, 37.8006 ], [ -78.5052, 37.8051 ], [ -78.4996, 37.8049 ], [ -78.4997, 37.8004 ], [ -78.5054, 37.8006 ] ] ] } },
{ "type": "Feature", "properties": { "factor_fine": 0.791 }, "geometry": { "type": "Polygon", "coordinates": [ [ [ -78.4997, 37.8004 ], [ -78.4996, 37.8049 ], [ -78.4939, 37.8048 ], [ -78.494, 37.8003 ], [ -78.4997, 37.8004 ] ] ] } },
{ "type": "Feature", "properties": { "factor_fine": 0.792 }, "geometry": { "type": "Polygon", "coordinates": [ [ [ -78.494, 37.8003 ], [ -78.4939, 37.8048 ], [ -78.4882, 37.8047 ], [ -78.4884, 37.8002 ], [ -78.494, 37.8003 ] ] ] } },
{ "type": "Feature", "properties": { "factor_fine": 0.751 }, "geometry": { "type": "Polygon", "coordinates": [ [ [ -78.5109, 37.8052 ], [ -78.5108, 37.8097 ], [ -78.5051, 37.8096 ], [ -78.5052, 37.8051 ], [ -78.5109, 37.8052 ] ] ] } },
{ "type": "Feature", "properties": { "factor_fine": 0.764 }, "geometry": { "type": "Polygon", "coordinates": [ [ [ -78.5052, 37.8051 ], [ -78.5051, 37.8096 ], [ -78.4994, 37.8094 ], [ -78.4996, 37.8049 ], [ -78.5052, 37.8051 ] ] ] } },
{ "type": "Feature", "properties": { "factor_fine": 0.773 }, "geometry": { "type": "Polygon", "coordinates": [ [ [ -78.4996, 37.8049 ], [ -78.4994, 37.8094 ], [ -78.4937, 37.8093 ], [ -78.4939, 37.8048 ], [ -78.4996, 37.8049 ] ] ] } },
{ "type": "Feature", "properties": { "factor_fine": 0.774 }, "geometry": { "type": "Polygon", "coordinates": [ [ [ -78.4939, 37.8048 ], [ -78.4937, 37.8093 ], [ -78.4881, 37.8092 ], [ -78.4882, 37.8047 ], [ -78.4939, 37.8048 ] ] ] } },
{ "type": "Feature", "properties": { "factor_fine": 0.768 }, "geometry": { "type": "Polygon", "coordinates": [ [ [ -78.4882, 37.8047 ], [ -78.4881, 37.8092 ], [ -78.4824, 37.8091 ], [ -78.4825, 37.8046 ], [ -78.4882, 37.8047 ] ] ] } },
{ "type": "Feature", "properties": { "factor_fine": 0.738 }, "geometry": { "type": "Polygon", "coordinates": [ [ [ -78.5108, 37.8097 ], [ -78.5106, 37.8142 ], [ -78.5049, 37.8141 ], [ -78.5051, 37.8096 ], [ -78.5108, 37.8097 ] ] ] } },
{ "type": "Feature", "properties": { "factor_fine": 0.745 }, "geometry": { "type": "Polygon", "coordinates": [ [ [ -78.5051, 37.8096 ], [ -78.5049, 37.8141 ], [ -78.4993, 37.8139 ], [ -78.4994, 37.8094 ], [ -78.5051, 37.8096 ] ] ] } },
{ "type": "Feature", "properties": { "factor_fine": 0.753 }, "geometry": { "type": "Polygon", "coordinates": [ [ [ -78.4994, 37.8094 ], [ -78.4993, 37.8139 ], [ -78.4936, 37.8138 ], [ -78.4937, 37.8093 ], [ -78.4994, 37.8094 ] ] ] } },
{ "type": "Feature", "properties": { "factor_fine": 0.752 }, "geometry": { "type": "Polygon", "coordinates": [ [ [ -78.4937, 37.8093 ], [ -78.4936, 37.8138 ], [ -78.4879, 37.8137 ], [ -78.4881, 37.8092 ], [ -78.4937, 37.8093 ] ] ] } },
{ "type": "Feature", "properties": { "factor_fine": 0.742 }, "geometry": { "type": "Polygon", "coordinates": [ [ [ -78.4881, 37.8092 ], [ -78.4879, 37.8137 ], [ -78.4822, 37.8136 ], [ -78.4824, 37.8091 ], [ -78.4881, 37.8092 ] ] ] } },
{ "type": "Feature", "properties": { "factor_fine": 0.726 }, "geometry": { "type": "Polygon", "coordinates": [ [ [ -78.4824, 37.8091 ], [ -78.4822, 37.8136 ], [ -78.4766, 37.8135 ], [ -78.4767, 37.809 ], [ -78.4824, 37.8091 ] ] ] } },
{ "type": "Feature", "properties": { "factor_fine": 0.76 }, "geometry": { "type": "Polygon", "coordinates": [ [ [ -78.5333, 37.8147 ], [ -78.5332, 37.8192 ], [ -78.5275, 37.819 ], [ -78.5276, 37.8145 ], [ -78.5333, 37.8147 ] ] ] } },
{ "type": "Feature", "properties": { "factor_fine": 0.787 }, "geometry": { "type": "Polygon", "coordinates": [ [ [ -78.5276, 37.8145 ], [ -78.5275, 37.819 ], [ -78.5218, 37.8189 ], [ -78.522, 37.8144 ], [ -78.5276, 37.8145 ] ] ] } },
{ "type": "Feature", "properties": { "factor_fine": 0.739 }, "geometry": { "type": "Polygon", "coordinates": [ [ [ -78.5049, 37.8141 ], [ -78.5048, 37.8186 ], [ -78.4991, 37.8184 ], [ -78.4993, 37.8139 ], [ -78.5049, 37.8141 ] ] ] } },
{ "type": "Feature", "properties": { "factor_fine": 0.743 }, "geometry": { "type": "Polygon", "coordinates": [ [ [ -78.4993, 37.8139 ], [ -78.4991, 37.8184 ], [ -78.4934, 37.8183 ], [ -78.4936, 37.8138 ], [ -78.4993, 37.8139 ] ] ] } },
{ "type": "Feature", "properties": { "factor_fine": 0.738 }, "geometry": { "type": "Polygon", "coordinates": [ [ [ -78.4936, 37.8138 ], [ -78.4934, 37.8183 ], [ -78.4878, 37.8182 ], [ -78.4879, 37.8137 ], [ -78.4936, 37.8138 ] ] ] } },
{ "type": "Feature", "properties": { "factor_fine": 0.726 }, "geometry": { "type": "Polygon", "coordinates": [ [ [ -78.4879, 37.8137 ], [ -78.4878, 37.8182 ], [ -78.4821, 37.8181 ], [ -78.4822, 37.8136 ], [ -78.4879, 37.8137 ] ] ] } },
{ "type": "Feature", "properties": { "factor_fine": 0.713 }, "geometry": { "type": "Polygon", "coordinates": [ [ [ -78.4822, 37.8136 ], [ -78.4821, 37.8181 ], [ -78.4764, 37.818 ], [ -78.4766, 37.8135 ], [ -78.4822, 37.8136 ] ] ] } },
{ "type": "Feature", "properties": { "factor_fine": 0.644 }, "geometry": { "type": "Polygon", "coordinates": [ [ [ -78.6751, 37.8221 ], [ -78.6749, 37.8266 ], [ -78.6692, 37.8264 ], [ -78.6694, 37.8219 ], [ -78.6751, 37.8221 ] ] ] } },
{ "type": "Feature", "properties": { "factor_fine": 0.648 }, "geometry": { "type": "Polygon", "coordinates": [ [ [ -78.6694, 37.8219 ], [ -78.6692, 37.8264 ], [ -78.6636, 37.8263 ], [ -78.6637, 37.8218 ], [ -78.6694, 37.8219 ] ] ] } },
{ "type": "Feature", "properties": { "factor_fine": 0.618 }, "geometry": { "type": "Polygon", "coordinates": [ [ [ -78.6013, 37.8206 ], [ -78.6011, 37.8251 ], [ -78.5954, 37.825 ], [ -78.5956, 37.8205 ], [ -78.6013, 37.8206 ] ] ] } },
{ "type": "Feature", "properties": { "factor_fine": 0.718 }, "geometry": { "type": "Polygon", "coordinates": [ [ [ -78.5388, 37.8193 ], [ -78.5387, 37.8238 ], [ -78.533, 37.8237 ], [ -78.5332, 37.8192 ], [ -78.5388, 37.8193 ] ] ] } },
{ "type": "Feature", "properties": { "factor_fine": 0.738 }, "geometry": { "type": "Polygon", "coordinates": [ [ [ -78.5332, 37.8192 ], [ -78.533, 37.8237 ], [ -78.5273, 37.8235 ], [ -78.5275, 37.819 ], [ -78.5332, 37.8192 ] ] ] } },
{ "type": "Feature", "properties": { "factor_fine": 0.763 }, "geometry": { "type": "Polygon", "coordinates": [ [ [ -78.5275, 37.819 ], [ -78.5273, 37.8235 ], [ -78.5217, 37.8234 ], [ -78.5218, 37.8189 ], [ -78.5275, 37.819 ] ] ] } },
{ "type": "Feature", "properties": { "factor_fine": 0.753 }, "geometry": { "type": "Polygon", "coordinates": [ [ [ -78.4991, 37.8184 ], [ -78.499, 37.8229 ], [ -78.4933, 37.8228 ], [ -78.4934, 37.8183 ], [ -78.4991, 37.8184 ] ] ] } },
{ "type": "Feature", "properties": { "factor_fine": 0.741 }, "geometry": { "type": "Polygon", "coordinates": [ [ [ -78.4934, 37.8183 ], [ -78.4933, 37.8228 ], [ -78.4876, 37.8227 ], [ -78.4878, 37.8182 ], [ -78.4934, 37.8183 ] ] ] } },
{ "type": "Feature", "properties": { "factor_fine": 0.724 }, "geometry": { "type": "Polygon", "coordinates": [ [ [ -78.4878, 37.8182 ], [ -78.4876, 37.8227 ], [ -78.4819, 37.8226 ], [ -78.4821, 37.8181 ], [ -78.4878, 37.8182 ] ] ] } },
{ "type": "Feature", "properties": { "factor_fine": 0.71 }, "geometry": { "type": "Polygon", "coordinates": [ [ [ -78.4821, 37.8181 ], [ -78.4819, 37.8226 ], [ -78.4762, 37.8225 ], [ -78.4764, 37.818 ], [ -78.4821, 37.8181 ] ] ] } },
{ "type": "Feature", "properties": { "factor_fine": 0.7 }, "geometry": { "type": "Polygon", "coordinates": [ [ [ -78.4764, 37.818 ], [ -78.4762, 37.8225 ], [ -78.4706, 37.8223 ], [ -78.4707, 37.8178 ], [ -78.4764, 37.818 ] ] ] } },
{ "type": "Feature", "properties": { "factor_fine": 0.648 }, "geometry": { "type": "Polygon", "coordinates": [ [ [ -78.6806, 37.8267 ], [ -78.6805, 37.8312 ], [ -78.6748, 37.8311 ], [ -78.6749, 37.8266 ], [ -78.6806, 37.8267 ] ] ] } },
{ "type": "Feature", "properties": { "factor_fine": 0.646 }, "geometry": { "type": "Polygon", "coordinates": [ [ [ -78.6749, 37.8266 ], [ -78.6748, 37.8311 ], [ -78.6691, 37.8309 ], [ -78.6692, 37.8264 ], [ -78.6749, 37.8266 ] ] ] } },
{ "type": "Feature", "properties": { "factor_fine": 0.649 }, "geometry": { "type": "Polygon", "coordinates": [ [ [ -78.6692, 37.8264 ], [ -78.6691, 37.8309 ], [ -78.6634, 37.8308 ], [ -78.6636, 37.8263 ], [ -78.6692, 37.8264 ] ] ] } },
{ "type": "Feature", "properties": { "factor_fine": 0.615 }, "geometry": { "type": "Polygon", "coordinates": [ [ [ -78.6068, 37.8252 ], [ -78.6067, 37.8297 ], [ -78.601, 37.8296 ], [ -78.6011, 37.8251 ], [ -78.6068, 37.8252 ] ] ] } },
{ "type": "Feature", "properties": { "factor_fine": 0.626 }, "geometry": { "type": "Polygon", "coordinates": [ [ [ -78.6011, 37.8251 ], [ -78.601, 37.8296 ], [ -78.5953, 37.8295 ], [ -78.5954, 37.825 ], [ -78.6011, 37.8251 ] ] ] } },
{ "type": "Feature", "properties": { "factor_fine": 0.639 }, "geometry": { "type": "Polygon", "coordinates": [ [ [ -78.5954, 37.825 ], [ -78.5953, 37.8295 ], [ -78.5896, 37.8293 ], [ -78.5898, 37.8248 ], [ -78.5954, 37.825 ] ] ] } },
{ "type": "Feature", "properties": { "factor_fine": 0.712 }, "geometry": { "type": "Polygon", "coordinates": [ [ [ -78.5387, 37.8238 ], [ -78.5385, 37.8283 ], [ -78.5329, 37.8282 ], [ -78.533, 37.8237 ], [ -78.5387, 37.8238 ] ] ] } },
{ "type": "Feature", "properties": { "factor_fine": 0.73 }, "geometry": { "type": "Polygon", "coordinates": [ [ [ -78.533, 37.8237 ], [ -78.5329, 37.8282 ], [ -78.5272, 37.828 ], [ -78.5273, 37.8235 ], [ -78.533, 37.8237 ] ] ] } },
{ "type": "Feature", "properties": { "factor_fine": 0.757 }, "geometry": { "type": "Polygon", "coordinates": [ [ [ -78.5273, 37.8235 ], [ -78.5272, 37.828 ], [ -78.5215, 37.8279 ], [ -78.5217, 37.8234 ], [ -78.5273, 37.8235 ] ] ] } },
{ "type": "Feature", "properties": { "factor_fine": 0.756 }, "geometry": { "type": "Polygon", "coordinates": [ [ [ -78.4933, 37.8228 ], [ -78.4931, 37.8273 ], [ -78.4874, 37.8272 ], [ -78.4876, 37.8227 ], [ -78.4933, 37.8228 ] ] ] } },
{ "type": "Feature", "properties": { "factor_fine": 0.73 }, "geometry": { "type": "Polygon", "coordinates": [ [ [ -78.4876, 37.8227 ], [ -78.4874, 37.8272 ], [ -78.4818, 37.8271 ], [ -78.4819, 37.8226 ], [ -78.4876, 37.8227 ] ] ] } },
{ "type": "Feature", "properties": { "factor_fine": 0.711 }, "geometry": { "type": "Polygon", "coordinates": [ [ [ -78.4819, 37.8226 ], [ -78.4818, 37.8271 ], [ -78.4761, 37.827 ], [ -78.4762, 37.8225 ], [ -78.4819, 37.8226 ] ] ] } },
{ "type": "Feature", "properties": { "factor_fine": 0.696 }, "geometry": { "type": "Polygon", "coordinates": [ [ [ -78.4762, 37.8225 ], [ -78.4761, 37.827 ], [ -78.4704, 37.8268 ], [ -78.4706, 37.8223 ], [ -78.4762, 37.8225 ] ] ] } },
{ "type": "Feature", "properties": { "factor_fine": 0.657 }, "geometry": { "type": "Polygon", "coordinates": [ [ [ -78.6805, 37.8312 ], [ -78.6803, 37.8357 ], [ -78.6746, 37.8356 ], [ -78.6748, 37.8311 ], [ -78.6805, 37.8312 ] ] ] } },
{ "type": "Feature", "properties": { "factor_fine": 0.649 }, "geometry": { "type": "Polygon", "coordinates": [ [ [ -78.6748, 37.8311 ], [ -78.6746, 37.8356 ], [ -78.669, 37.8354 ], [ -78.6691, 37.8309 ], [ -78.6748, 37.8311 ] ] ] } },
{ "type": "Feature", "properties": { "factor_fine": 0.648 }, "geometry": { "type": "Polygon", "coordinates": [ [ [ -78.6691, 37.8309 ], [ -78.669, 37.8354 ], [ -78.6633, 37.8353 ], [ -78.6634, 37.8308 ], [ -78.6691, 37.8309 ] ] ] } },
{ "type": "Feature", "properties": { "factor_fine": 0.624 }, "geometry": { "type": "Polygon", "coordinates": [ [ [ -78.6123, 37.8298 ], [ -78.6122, 37.8343 ], [ -78.6065, 37.8342 ], [ -78.6067, 37.8297 ], [ -78.6123, 37.8298 ] ] ] } },
{ "type": "Feature", "properties": { "factor_fine": 0.633 }, "geometry": { "type": "Polygon", "coordinates": [ [ [ -78.6067, 37.8297 ], [ -78.6065, 37.8342 ], [ -78.6008, 37.8341 ], [ -78.601, 37.8296 ], [ -78.6067, 37.8297 ] ] ] } },
{ "type": "Feature", "properties": { "factor_fine": 0.646 }, "geometry": { "type": "Polygon", "coordinates": [ [ [ -78.601, 37.8296 ], [ -78.6008, 37.8341 ], [ -78.5952, 37.834 ], [ -78.5953, 37.8295 ], [ -78.601, 37.8296 ] ] ] } },
{ "type": "Feature", "properties": { "factor_fine": 0.661 }, "geometry": { "type": "Polygon", "coordinates": [ [ [ -78.5953, 37.8295 ], [ -78.5952, 37.834 ], [ -78.5895, 37.8338 ], [ -78.5896, 37.8293 ], [ -78.5953, 37.8295 ] ] ] } },
{ "type": "Feature", "properties": { "factor_fine": 0.673 }, "geometry": { "type": "Polygon", "coordinates": [ [ [ -78.5896, 37.8293 ], [ -78.5895, 37.8338 ], [ -78.5838, 37.8337 ], [ -78.5839, 37.8292 ], [ -78.5896, 37.8293 ] ] ] } },
{ "type": "Feature", "properties": { "factor_fine": 0.714 }, "geometry": { "type": "Polygon", "coordinates": [ [ [ -78.5385, 37.8283 ], [ -78.5384, 37.8328 ], [ -78.5327, 37.8327 ], [ -78.5329, 37.8282 ], [ -78.5385, 37.8283 ] ] ] } },
{ "type": "Feature", "properties": { "factor_fine": 0.734 }, "geometry": { "type": "Polygon", "coordinates": [ [ [ -78.5329, 37.8282 ], [ -78.5327, 37.8327 ], [ -78.527, 37.8326 ], [ -78.5272, 37.828 ], [ -78.5329, 37.8282 ] ] ] } },
{ "type": "Feature", "properties": { "factor_fine": 0.766 }, "geometry": { "type": "Polygon", "coordinates": [ [ [ -78.5272, 37.828 ], [ -78.527, 37.8326 ], [ -78.5214, 37.8324 ], [ -78.5215, 37.8279 ], [ -78.5272, 37.828 ] ] ] } },
{ "type": "Feature", "properties": { "factor_fine": 0.674 }, "geometry": { "type": "Polygon", "coordinates": [ [ [ -78.6803, 37.8357 ], [ -78.6802, 37.8402 ], [ -78.6745, 37.8401 ], [ -78.6746, 37.8356 ], [ -78.6803, 37.8357 ] ] ] } },
{ "type": "Feature", "properties": { "factor_fine": 0.655 }, "geometry": { "type": "Polygon", "coordinates": [ [ [ -78.6746, 37.8356 ], [ -78.6745, 37.8401 ], [ -78.6688, 37.8399 ], [ -78.669, 37.8354 ], [ -78.6746, 37.8356 ] ] ] } },
{ "type": "Feature", "properties": { "factor_fine": 0.659 }, "geometry": { "type": "Polygon", "coordinates": [ [ [ -78.6065, 37.8342 ], [ -78.6064, 37.8387 ], [ -78.6007, 37.8386 ], [ -78.6008, 37.8341 ], [ -78.6065, 37.8342 ] ] ] } },
{ "type": "Feature", "properties": { "factor_fine": 0.673 }, "geometry": { "type": "Polygon", "coordinates": [ [ [ -78.6008, 37.8341 ], [ -78.6007, 37.8386 ], [ -78.595, 37.8385 ], [ -78.5952, 37.834 ], [ -78.6008, 37.8341 ] ] ] } },
{ "type": "Feature", "properties": { "factor_fine": 0.686 }, "geometry": { "type": "Polygon", "coordinates": [ [ [ -78.5952, 37.834 ], [ -78.595, 37.8385 ], [ -78.5893, 37.8383 ], [ -78.5895, 37.8338 ], [ -78.5952, 37.834 ] ] ] } },
{ "type": "Feature", "properties": { "factor_fine": 0.696 }, "geometry": { "type": "Polygon", "coordinates": [ [ [ -78.5895, 37.8338 ], [ -78.5893, 37.8383 ], [ -78.5837, 37.8382 ], [ -78.5838, 37.8337 ], [ -78.5895, 37.8338 ] ] ] } },
{ "type": "Feature", "properties": { "factor_fine": 0.688 }, "geometry": { "type": "Polygon", "coordinates": [ [ [ -78.6064, 37.8387 ], [ -78.6062, 37.8432 ], [ -78.6005, 37.8431 ], [ -78.6007, 37.8386 ], [ -78.6064, 37.8387 ] ] ] } },
{ "type": "Feature", "properties": { "factor_fine": 0.699 }, "geometry": { "type": "Polygon", "coordinates": [ [ [ -78.6007, 37.8386 ], [ -78.6005, 37.8431 ], [ -78.5949, 37.843 ], [ -78.595, 37.8385 ], [ -78.6007, 37.8386 ] ] ] } },
{ "type": "Feature", "properties": { "factor_fine": 0.709 }, "geometry": { "type": "Polygon", "coordinates": [ [ [ -78.595, 37.8385 ], [ -78.5949, 37.843 ], [ -78.5892, 37.8429 ], [ -78.5893, 37.8383 ], [ -78.595, 37.8385 ] ] ] } },
{ "type": "Feature", "properties": { "factor_fine": 0.714 }, "geometry": { "type": "Polygon", "coordinates": [ [ [ -78.5893, 37.8383 ], [ -78.5892, 37.8429 ], [ -78.5835, 37.8427 ], [ -78.5837, 37.8382 ], [ -78.5893, 37.8383 ] ] ] } },
{ "type": "Feature", "properties": { "factor_fine": 0.683 }, "geometry": { "type": "Polygon", "coordinates": [ [ [ -78.5723, 37.838 ], [ -78.5721, 37.8425 ], [ -78.5665, 37.8424 ], [ -78.5666, 37.8379 ], [ -78.5723, 37.838 ] ] ] } },
{ "type": "Feature", "properties": { "factor_fine": 0.692 }, "geometry": { "type": "Polygon", "coordinates": [ [ [ -78.5666, 37.8379 ], [ -78.5665, 37.8424 ], [ -78.5608, 37.8423 ], [ -78.5609, 37.8378 ], [ -78.5666, 37.8379 ] ] ] } },
{ "type": "Feature", "properties": { "factor_fine": 0.712 }, "geometry": { "type": "Polygon", "coordinates": [ [ [ -78.5609, 37.8378 ], [ -78.5608, 37.8423 ], [ -78.5551, 37.8421 ], [ -78.5553, 37.8376 ], [ -78.5609, 37.8378 ] ] ] } },
{ "type": "Feature", "properties": { "factor_fine": 0.646 }, "geometry": { "type": "Polygon", "coordinates": [ [ [ -78.4644, 37.8357 ], [ -78.4643, 37.8402 ], [ -78.4586, 37.8401 ], [ -78.4588, 37.8356 ], [ -78.4644, 37.8357 ] ] ] } },
{ "type": "Feature", "properties": { "factor_fine": 0.72 }, "geometry": { "type": "Polygon", "coordinates": [ [ [ -78.6005, 37.8431 ], [ -78.6004, 37.8476 ], [ -78.5947, 37.8475 ], [ -78.5949, 37.843 ], [ -78.6005, 37.8431 ] ] ] } },
{ "type": "Feature", "properties": { "factor_fine": 0.726 }, "geometry": { "type": "Polygon", "coordinates": [ [ [ -78.5949, 37.843 ], [ -78.5947, 37.8475 ], [ -78.589, 37.8474 ], [ -78.5892, 37.8429 ], [ -78.5949, 37.843 ] ] ] } },
{ "type": "Feature", "properties": { "factor_fine": 0.691 }, "geometry": { "type": "Polygon", "coordinates": [ [ [ -78.5778, 37.8426 ], [ -78.5777, 37.8471 ], [ -78.572, 37.847 ], [ -78.5721, 37.8425 ], [ -78.5778, 37.8426 ] ] ] } },
{ "type": "Feature", "properties": { "factor_fine": 0.688 }, "geometry": { "type": "Polygon", "coordinates": [ [ [ -78.5721, 37.8425 ], [ -78.572, 37.847 ], [ -78.5663, 37.8469 ], [ -78.5665, 37.8424 ], [ -78.5721, 37.8425 ] ] ] } },
{ "type": "Feature", "properties": { "factor_fine": 0.697 }, "geometry": { "type": "Polygon", "coordinates": [ [ [ -78.5665, 37.8424 ], [ -78.5663, 37.8469 ], [ -78.5606, 37.8468 ], [ -78.5608, 37.8423 ], [ -78.5665, 37.8424 ] ] ] } },
{ "type": "Feature", "properties": { "factor_fine": 0.715 }, "geometry": { "type": "Polygon", "coordinates": [ [ [ -78.5608, 37.8423 ], [ -78.5606, 37.8468 ], [ -78.555, 37.8467 ], [ -78.5551, 37.8421 ], [ -78.5608, 37.8423 ] ] ] } },
{ "type": "Feature", "properties": { "factor_fine": 0.739 }, "geometry": { "type": "Polygon", "coordinates": [ [ [ -78.5551, 37.8421 ], [ -78.555, 37.8467 ], [ -78.5493, 37.8465 ], [ -78.5494, 37.842 ], [ -78.5551, 37.8421 ] ] ] } },
{ "type": "Feature", "properties": { "factor_fine": 0.648 }, "geometry": { "type": "Polygon", "coordinates": [ [ [ -78.47, 37.8403 ], [ -78.4698, 37.8449 ], [ -78.4641, 37.8447 ], [ -78.4643, 37.8402 ], [ -78.47, 37.8403 ] ] ] } },
{ "type": "Feature", "properties": { "factor_fine": 0.647 }, "geometry": { "type": "Polygon", "coordinates": [ [ [ -78.4643, 37.8402 ], [ -78.4641, 37.8447 ], [ -78.4584, 37.8446 ], [ -78.4586, 37.8401 ], [ -78.4643, 37.8402 ] ] ] } },
{ "type": "Feature", "properties": { "factor_fine": 0.65 }, "geometry": { "type": "Polygon", "coordinates": [ [ [ -78.4586, 37.8401 ], [ -78.4584, 37.8446 ], [ -78.4528, 37.8445 ], [ -78.4529, 37.84 ], [ -78.4586, 37.8401 ] ] ] } },
{ "type": "Feature", "properties": { "factor_fine": 0.692 }, "geometry": { "type": "Polygon", "coordinates": [ [ [ -78.5777, 37.8471 ], [ -78.5775, 37.8516 ], [ -78.5719, 37.8515 ], [ -78.572, 37.847 ], [ -78.5777, 37.8471 ] ] ] } },
{ "type": "Feature", "properties": { "factor_fine": 0.692 }, "geometry": { "type": "Polygon", "coordinates": [ [ [ -78.572, 37.847 ], [ -78.5719, 37.8515 ], [ -78.5662, 37.8514 ], [ -78.5663, 37.8469 ], [ -78.572, 37.847 ] ] ] } },
{ "type": "Feature", "properties": { "factor_fine": 0.7 }, "geometry": { "type": "Polygon", "coordinates": [ [ [ -78.5663, 37.8469 ], [ -78.5662, 37.8514 ], [ -78.5605, 37.8513 ], [ -78.5606, 37.8468 ], [ -78.5663, 37.8469 ] ] ] } },
{ "type": "Feature", "properties": { "factor_fine": 0.716 }, "geometry": { "type": "Polygon", "coordinates": [ [ [ -78.5606, 37.8468 ], [ -78.5605, 37.8513 ], [ -78.5548, 37.8512 ], [ -78.555, 37.8467 ], [ -78.5606, 37.8468 ] ] ] } },
{ "type": "Feature", "properties": { "factor_fine": 0.739 }, "geometry": { "type": "Polygon", "coordinates": [ [ [ -78.555, 37.8467 ], [ -78.5548, 37.8512 ], [ -78.5491, 37.851 ], [ -78.5493, 37.8465 ], [ -78.555, 37.8467 ] ] ] } },
{ "type": "Feature", "properties": { "factor_fine": 0.639 }, "geometry": { "type": "Polygon", "coordinates": [ [ [ -78.4698, 37.8449 ], [ -78.4696, 37.8494 ], [ -78.464, 37.8492 ], [ -78.4641, 37.8447 ], [ -78.4698, 37.8449 ] ] ] } },
{ "type": "Feature", "properties": { "factor_fine": 0.642 }, "geometry": { "type": "Polygon", "coordinates": [ [ [ -78.4641, 37.8447 ], [ -78.464, 37.8492 ], [ -78.4583, 37.8491 ], [ -78.4584, 37.8446 ], [ -78.4641, 37.8447 ] ] ] } },
{ "type": "Feature", "properties": { "factor_fine": 0.648 }, "geometry": { "type": "Polygon", "coordinates": [ [ [ -78.4584, 37.8446 ], [ -78.4583, 37.8491 ], [ -78.4526, 37.849 ], [ -78.4528, 37.8445 ], [ -78.4584, 37.8446 ] ] ] } },
{ "type": "Feature", "properties": { "factor_fine": 0.692 }, "geometry": { "type": "Polygon", "coordinates": [ [ [ -78.5775, 37.8516 ], [ -78.5774, 37.8561 ], [ -78.5717, 37.856 ], [ -78.5719, 37.8515 ], [ -78.5775, 37.8516 ] ] ] } },
{ "type": "Feature", "properties": { "factor_fine": 0.693 }, "geometry": { "type": "Polygon", "coordinates": [ [ [ -78.5719, 37.8515 ], [ -78.5717, 37.856 ], [ -78.566, 37.8559 ], [ -78.5662, 37.8514 ], [ -78.5719, 37.8515 ] ] ] } },
{ "type": "Feature", "properties": { "factor_fine": 0.7 }, "geometry": { "type": "Polygon", "coordinates": [ [ [ -78.5662, 37.8514 ], [ -78.566, 37.8559 ], [ -78.5603, 37.8558 ], [ -78.5605, 37.8513 ], [ -78.5662, 37.8514 ] ] ] } },
{ "type": "Feature", "properties": { "factor_fine": 0.714 }, "geometry": { "type": "Polygon", "coordinates": [ [ [ -78.5605, 37.8513 ], [ -78.5603, 37.8558 ], [ -78.5547, 37.8557 ], [ -78.5548, 37.8512 ], [ -78.5605, 37.8513 ] ] ] } },
{ "type": "Feature", "properties": { "factor_fine": 0.692 }, "geometry": { "type": "Polygon", "coordinates": [ [ [ -78.5151, 37.8503 ], [ -78.5149, 37.8548 ], [ -78.5092, 37.8547 ], [ -78.5094, 37.8502 ], [ -78.5151, 37.8503 ] ] ] } },
{ "type": "Feature", "properties": { "factor_fine": 0.637 }, "geometry": { "type": "Polygon", "coordinates": [ [ [ -78.4696, 37.8494 ], [ -78.4695, 37.8539 ], [ -78.4638, 37.8537 ], [ -78.464, 37.8492 ], [ -78.4696, 37.8494 ] ] ] } },
{ "type": "Feature", "properties": { "factor_fine": 0.644 }, "geometry": { "type": "Polygon", "coordinates": [ [ [ -78.464, 37.8492 ], [ -78.4638, 37.8537 ], [ -78.4581, 37.8536 ], [ -78.4583, 37.8491 ], [ -78.464, 37.8492 ] ] ] } },
{ "type": "Feature", "properties": { "factor_fine": 0.651 }, "geometry": { "type": "Polygon", "coordinates": [ [ [ -78.4583, 37.8491 ], [ -78.4581, 37.8536 ], [ -78.4525, 37.8535 ], [ -78.4526, 37.849 ], [ -78.4583, 37.8491 ] ] ] } },
{ "type": "Feature", "properties": { "factor_fine": 0.655 }, "geometry": { "type": "Polygon", "coordinates": [ [ [ -78.4526, 37.849 ], [ -78.4525, 37.8535 ], [ -78.4468, 37.8534 ], [ -78.4469, 37.8489 ], [ -78.4526, 37.849 ] ] ] } },
{ "type": "Feature", "properties": { "factor_fine": 0.666 }, "geometry": { "type": "Polygon", "coordinates": [ [ [ -78.6399, 37.8574 ], [ -78.6397, 37.8619 ], [ -78.634, 37.8618 ], [ -78.6342, 37.8573 ], [ -78.6399, 37.8574 ] ] ] } },
{ "type": "Feature", "properties": { "factor_fine": 0.664 }, "geometry": { "type": "Polygon", "coordinates": [ [ [ -78.6342, 37.8573 ], [ -78.634, 37.8618 ], [ -78.6284, 37.8617 ], [ -78.6285, 37.8572 ], [ -78.6342, 37.8573 ] ] ] } },
{ "type": "Feature", "properties": { "factor_fine": 0.654 }, "geometry": { "type": "Polygon", "coordinates": [ [ [ -78.6285, 37.8572 ], [ -78.6284, 37.8617 ], [ -78.6227, 37.8616 ], [ -78.6228, 37.8571 ], [ -78.6285, 37.8572 ] ] ] } },
{ "type": "Feature", "properties": { "factor_fine": 0.64 }, "geometry": { "type": "Polygon", "coordinates": [ [ [ -78.6228, 37.8571 ], [ -78.6227, 37.8616 ], [ -78.617, 37.8614 ], [ -78.6171, 37.8569 ], [ -78.6228, 37.8571 ] ] ] } },
{ "type": "Feature", "properties": { "factor_fine": 0.691 }, "geometry": { "type": "Polygon", "coordinates": [ [ [ -78.5717, 37.856 ], [ -78.5716, 37.8605 ], [ -78.5659, 37.8604 ], [ -78.566, 37.8559 ], [ -78.5717, 37.856 ] ] ] } },
{ "type": "Feature", "properties": { "factor_fine": 0.698 }, "geometry": { "type": "Polygon", "coordinates": [ [ [ -78.566, 37.8559 ], [ -78.5659, 37.8604 ], [ -78.5602, 37.8603 ], [ -78.5603, 37.8558 ], [ -78.566, 37.8559 ] ] ] } },
{ "type": "Feature", "properties": { "factor_fine": 0.711 }, "geometry": { "type": "Polygon", "coordinates": [ [ [ -78.5603, 37.8558 ], [ -78.5602, 37.8603 ], [ -78.5545, 37.8602 ], [ -78.5547, 37.8557 ], [ -78.5603, 37.8558 ] ] ] } },
{ "type": "Feature", "properties": { "factor_fine": 0.687 }, "geometry": { "type": "Polygon", "coordinates": [ [ [ -78.5206, 37.8549 ], [ -78.5204, 37.8594 ], [ -78.5148, 37.8593 ], [ -78.5149, 37.8548 ], [ -78.5206, 37.8549 ] ] ] } },
{ "type": "Feature", "properties": { "factor_fine": 0.662 }, "geometry": { "type": "Polygon", "coordinates": [ [ [ -78.5149, 37.8548 ], [ -78.5148, 37.8593 ], [ -78.5091, 37.8592 ], [ -78.5092, 37.8547 ], [ -78.5149, 37.8548 ] ] ] } },
{ "type": "Feature", "properties": { "factor_fine": 0.653 }, "geometry": { "type": "Polygon", "coordinates": [ [ [ -78.5092, 37.8547 ], [ -78.5091, 37.8592 ], [ -78.5034, 37.8591 ], [ -78.5036, 37.8546 ], [ -78.5092, 37.8547 ] ] ] } },
{ "type": "Feature", "properties": { "factor_fine": 0.655 }, "geometry": { "type": "Polygon", "coordinates": [ [ [ -78.4638, 37.8537 ], [ -78.4637, 37.8582 ], [ -78.458, 37.8581 ], [ -78.4581, 37.8536 ], [ -78.4638, 37.8537 ] ] ] } },
{ "type": "Feature", "properties": { "factor_fine": 0.66 }, "geometry": { "type": "Polygon", "coordinates": [ [ [ -78.4581, 37.8536 ], [ -78.458, 37.8581 ], [ -78.4523, 37.858 ], [ -78.4525, 37.8535 ], [ -78.4581, 37.8536 ] ] ] } },
{ "type": "Feature", "properties": { "factor_fine": 0.661 }, "geometry": { "type": "Polygon", "coordinates": [ [ [ -78.4525, 37.8535 ], [ -78.4523, 37.858 ], [ -78.4466, 37.8579 ], [ -78.4468, 37.8534 ], [ -78.4525, 37.8535 ] ] ] } },
{ "type": "Feature", "properties": { "factor_fine": 0.647 }, "geometry": { "type": "Polygon", "coordinates": [ [ [ -78.6454, 37.862 ], [ -78.6452, 37.8665 ], [ -78.6396, 37.8664 ], [ -78.6397, 37.8619 ], [ -78.6454, 37.862 ] ] ] } },
{ "type": "Feature", "properties": { "factor_fine": 0.655 }, "geometry": { "type": "Polygon", "coordinates": [ [ [ -78.6397, 37.8619 ], [ -78.6396, 37.8664 ], [ -78.6339, 37.8663 ], [ -78.634, 37.8618 ], [ -78.6397, 37.8619 ] ] ] } },
{ "type": "Feature", "properties": { "factor_fine": 0.653 }, "geometry": { "type": "Polygon", "coordinates": [ [ [ -78.634, 37.8618 ], [ -78.6339, 37.8663 ], [ -78.6282, 37.8662 ], [ -78.6284, 37.8617 ], [ -78.634, 37.8618 ] ] ] } },
{ "type": "Feature", "properties": { "factor_fine": 0.643 }, "geometry": { "type": "Polygon", "coordinates": [ [ [ -78.6284, 37.8617 ], [ -78.6282, 37.8662 ], [ -78.6225, 37.8661 ], [ -78.6227, 37.8616 ], [ -78.6284, 37.8617 ] ] ] } },
{ "type": "Feature", "properties": { "factor_fine": 0.628 }, "geometry": { "type": "Polygon", "coordinates": [ [ [ -78.6227, 37.8616 ], [ -78.6225, 37.8661 ], [ -78.6168, 37.8659 ], [ -78.617, 37.8614 ], [ -78.6227, 37.8616 ] ] ] } },
{ "type": "Feature", "properties": { "factor_fine": 0.612 }, "geometry": { "type": "Polygon", "coordinates": [ [ [ -78.617, 37.8614 ], [ -78.6168, 37.8659 ], [ -78.6112, 37.8658 ], [ -78.6113, 37.8613 ], [ -78.617, 37.8614 ] ] ] } },
{ "type": "Feature", "properties": { "factor_fine": 0.658 }, "geometry": { "type": "Polygon", "coordinates": [ [ [ -78.5204, 37.8594 ], [ -78.5203, 37.8639 ], [ -78.5146, 37.8638 ], [ -78.5148, 37.8593 ], [ -78.5204, 37.8594 ] ] ] } },
{ "type": "Feature", "properties": { "factor_fine": 0.636 }, "geometry": { "type": "Polygon", "coordinates": [ [ [ -78.5148, 37.8593 ], [ -78.5146, 37.8638 ], [ -78.5089, 37.8637 ], [ -78.5091, 37.8592 ], [ -78.5148, 37.8593 ] ] ] } },
{ "type": "Feature", "properties": { "factor_fine": 0.632 }, "geometry": { "type": "Polygon", "coordinates": [ [ [ -78.5091, 37.8592 ], [ -78.5089, 37.8637 ], [ -78.5033, 37.8636 ], [ -78.5034, 37.8591 ], [ -78.5091, 37.8592 ] ] ] } },
{ "type": "Feature", "properties": { "factor_fine": 0.669 }, "geometry": { "type": "Polygon", "coordinates": [ [ [ -78.458, 37.8581 ], [ -78.4578, 37.8626 ], [ -78.4521, 37.8625 ], [ -78.4523, 37.858 ], [ -78.458, 37.8581 ] ] ] } },
{ "type": "Feature", "properties": { "factor_fine": 0.631 }, "geometry": { "type": "Polygon", "coordinates": [ [ [ -78.6452, 37.8665 ], [ -78.6451, 37.871 ], [ -78.6394, 37.8709 ], [ -78.6396, 37.8664 ], [ -78.6452, 37.8665 ] ] ] } },
{ "type": "Feature", "properties": { "factor_fine": 0.641 }, "geometry": { "type": "Polygon", "coordinates": [ [ [ -78.6396, 37.8664 ], [ -78.6394, 37.8709 ], [ -78.6337, 37.8708 ], [ -78.6339, 37.8663 ], [ -78.6396, 37.8664 ] ] ] } },
{ "type": "Feature", "properties": { "factor_fine": 0.639 }, "geometry": { "type": "Polygon", "coordinates": [ [ [ -78.6339, 37.8663 ], [ -78.6337, 37.8708 ], [ -78.6281, 37.8707 ], [ -78.6282, 37.8662 ], [ -78.6339, 37.8663 ] ] ] } },
{ "type": "Feature", "properties": { "factor_fine": 0.628 }, "geometry": { "type": "Polygon", "coordinates": [ [ [ -78.6282, 37.8662 ], [ -78.6281, 37.8707 ], [ -78.6224, 37.8706 ], [ -78.6225, 37.8661 ], [ -78.6282, 37.8662 ] ] ] } },
{ "type": "Feature", "properties": { "factor_fine": 0.613 }, "geometry": { "type": "Polygon", "coordinates": [ [ [ -78.6225, 37.8661 ], [ -78.6224, 37.8706 ], [ -78.6167, 37.8704 ], [ -78.6168, 37.8659 ], [ -78.6225, 37.8661 ] ] ] } },
{ "type": "Feature", "properties": { "factor_fine": 0.6 }, "geometry": { "type": "Polygon", "coordinates": [ [ [ -78.6168, 37.8659 ], [ -78.6167, 37.8704 ], [ -78.611, 37.8703 ], [ -78.6112, 37.8658 ], [ -78.6168, 37.8659 ] ] ] } },
{ "type": "Feature", "properties": { "factor_fine": 0.619 }, "geometry": { "type": "Polygon", "coordinates": [ [ [ -78.5146, 37.8638 ], [ -78.5145, 37.8683 ], [ -78.5088, 37.8682 ], [ -78.5089, 37.8637 ], [ -78.5146, 37.8638 ] ] ] } },
{ "type": "Feature", "properties": { "factor_fine": 0.627 }, "geometry": { "type": "Polygon", "coordinates": [ [ [ -78.5089, 37.8637 ], [ -78.5088, 37.8682 ], [ -78.5031, 37.8681 ], [ -78.5033, 37.8636 ], [ -78.5089, 37.8637 ] ] ] } },
{ "type": "Feature", "properties": { "factor_fine": 0.623 }, "geometry": { "type": "Polygon", "coordinates": [ [ [ -78.6394, 37.8709 ], [ -78.6393, 37.8754 ], [ -78.6336, 37.8753 ], [ -78.6337, 37.8708 ], [ -78.6394, 37.8709 ] ] ] } },
{ "type": "Feature", "properties": { "factor_fine": 0.621 }, "geometry": { "type": "Polygon", "coordinates": [ [ [ -78.6337, 37.8708 ], [ -78.6336, 37.8753 ], [ -78.6279, 37.8752 ], [ -78.6281, 37.8707 ], [ -78.6337, 37.8708 ] ] ] } },
{ "type": "Feature", "properties": { "factor_fine": 0.61 }, "geometry": { "type": "Polygon", "coordinates": [ [ [ -78.6281, 37.8707 ], [ -78.6279, 37.8752 ], [ -78.6222, 37.8751 ], [ -78.6224, 37.8706 ], [ -78.6281, 37.8707 ] ] ] } },
{ "type": "Feature", "properties": { "factor_fine": 0.598 }, "geometry": { "type": "Polygon", "coordinates": [ [ [ -78.6224, 37.8706 ], [ -78.6222, 37.8751 ], [ -78.6166, 37.8749 ], [ -78.6167, 37.8704 ], [ -78.6224, 37.8706 ] ] ] } },
{ "type": "Feature", "properties": { "factor_fine": 0.583 }, "geometry": { "type": "Polygon", "coordinates": [ [ [ -78.713, 37.8814 ], [ -78.7128, 37.8859 ], [ -78.7072, 37.8858 ], [ -78.7073, 37.8813 ], [ -78.713, 37.8814 ] ] ] } },
{ "type": "Feature", "properties": { "factor_fine": 0.576 }, "geometry": { "type": "Polygon", "coordinates": [ [ [ -78.7073, 37.8813 ], [ -78.7072, 37.8858 ], [ -78.7015, 37.8856 ], [ -78.7016, 37.8811 ], [ -78.7073, 37.8813 ] ] ] } },
{ "type": "Feature", "properties": { "factor_fine": 0.597 }, "geometry": { "type": "Polygon", "coordinates": [ [ [ -78.7128, 37.8859 ], [ -78.7127, 37.8904 ], [ -78.707, 37.8903 ], [ -78.7072, 37.8858 ], [ -78.7128, 37.8859 ] ] ] } },
{ "type": "Feature", "properties": { "factor_fine": 0.598 }, "geometry": { "type": "Polygon", "coordinates": [ [ [ -78.7072, 37.8858 ], [ -78.707, 37.8903 ], [ -78.7013, 37.8902 ], [ -78.7015, 37.8856 ], [ -78.7072, 37.8858 ] ] ] } },
{ "type": "Feature", "properties": { "factor_fine": 0.606 }, "geometry": { "type": "Polygon", "coordinates": [ [ [ -78.7015, 37.8856 ], [ -78.7013, 37.8902 ], [ -78.6957, 37.89 ], [ -78.6958, 37.8855 ], [ -78.7015, 37.8856 ] ] ] } },
{ "type": "Feature", "properties": { "factor_fine": 0.703 }, "geometry": { "type": "Polygon", "coordinates": [ [ [ -78.6106, 37.8838 ], [ -78.6104, 37.8883 ], [ -78.6048, 37.8882 ], [ -78.6049, 37.8837 ], [ -78.6106, 37.8838 ] ] ] } },
{ "type": "Feature", "properties": { "factor_fine": 0.627 }, "geometry": { "type": "Polygon", "coordinates": [ [ [ -78.7127, 37.8904 ], [ -78.7126, 37.8949 ], [ -78.7069, 37.8948 ], [ -78.707, 37.8903 ], [ -78.7127, 37.8904 ] ] ] } },
{ "type": "Feature", "properties": { "factor_fine": 0.634 }, "geometry": { "type": "Polygon", "coordinates": [ [ [ -78.707, 37.8903 ], [ -78.7069, 37.8948 ], [ -78.7012, 37.8947 ], [ -78.7013, 37.8902 ], [ -78.707, 37.8903 ] ] ] } },
{ "type": "Feature", "properties": { "factor_fine": 0.647 }, "geometry": { "type": "Polygon", "coordinates": [ [ [ -78.7013, 37.8902 ], [ -78.7012, 37.8947 ], [ -78.6955, 37.8945 ], [ -78.6957, 37.89 ], [ -78.7013, 37.8902 ] ] ] } },
{ "type": "Feature", "properties": { "factor_fine": 0.666 }, "geometry": { "type": "Polygon", "coordinates": [ [ [ -78.6957, 37.89 ], [ -78.6955, 37.8945 ], [ -78.6898, 37.8944 ], [ -78.69, 37.8899 ], [ -78.6957, 37.89 ] ] ] } },
{ "type": "Feature", "properties": { "factor_fine": 0.706 }, "geometry": { "type": "Polygon", "coordinates": [ [ [ -78.6104, 37.8883 ], [ -78.6103, 37.8928 ], [ -78.6046, 37.8927 ], [ -78.6048, 37.8882 ], [ -78.6104, 37.8883 ] ] ] } },
{ "type": "Feature", "properties": { "factor_fine": 0.704 }, "geometry": { "type": "Polygon", "coordinates": [ [ [ -78.6048, 37.8882 ], [ -78.6046, 37.8927 ], [ -78.5989, 37.8926 ], [ -78.5991, 37.8881 ], [ -78.6048, 37.8882 ] ] ] } },
{ "type": "Feature", "properties": { "factor_fine": 0.63 }, "geometry": { "type": "Polygon", "coordinates": [ [ [ -78.5593, 37.8873 ], [ -78.5592, 37.8918 ], [ -78.5535, 37.8917 ], [ -78.5536, 37.8872 ], [ -78.5593, 37.8873 ] ] ] } },
{ "type": "Feature", "properties": { "factor_fine": 0.633 }, "geometry": { "type": "Polygon", "coordinates": [ [ [ -78.5536, 37.8872 ], [ -78.5535, 37.8917 ], [ -78.5478, 37.8916 ], [ -78.5479, 37.8871 ], [ -78.5536, 37.8872 ] ] ] } },
{ "type": "Feature", "properties": { "factor_fine": 0.638 }, "geometry": { "type": "Polygon", "coordinates": [ [ [ -78.5479, 37.8871 ], [ -78.5478, 37.8916 ], [ -78.5421, 37.8914 ], [ -78.5423, 37.8869 ], [ -78.5479, 37.8871 ] ] ] } },
{ "type": "Feature", "properties": { "factor_fine": 0.668 }, "geometry": { "type": "Polygon", "coordinates": [ [ [ -78.7126, 37.8949 ], [ -78.7124, 37.8994 ], [ -78.7067, 37.8993 ], [ -78.7069, 37.8948 ], [ -78.7126, 37.8949 ] ] ] } },
{ "type": "Feature", "properties": { "factor_fine": 0.678 }, "geometry": { "type": "Polygon", "coordinates": [ [ [ -78.7069, 37.8948 ], [ -78.7067, 37.8993 ], [ -78.7011, 37.8992 ], [ -78.7012, 37.8947 ], [ -78.7069, 37.8948 ] ] ] } },
{ "type": "Feature", "properties": { "factor_fine": 0.694 }, "geometry": { "type": "Polygon", "coordinates": [ [ [ -78.7012, 37.8947 ], [ -78.7011, 37.8992 ], [ -78.6954, 37.899 ], [ -78.6955, 37.8945 ], [ -78.7012, 37.8947 ] ] ] } },
{ "type": "Feature", "properties": { "factor_fine": 0.712 }, "geometry": { "type": "Polygon", "coordinates": [ [ [ -78.6955, 37.8945 ], [ -78.6954, 37.899 ], [ -78.6897, 37.8989 ], [ -78.6898, 37.8944 ], [ -78.6955, 37.8945 ] ] ] } },
{ "type": "Feature", "properties": { "factor_fine": 0.612 }, "geometry": { "type": "Polygon", "coordinates": [ [ [ -78.5592, 37.8918 ], [ -78.559, 37.8963 ], [ -78.5533, 37.8962 ], [ -78.5535, 37.8917 ], [ -78.5592, 37.8918 ] ] ] } },
{ "type": "Feature", "properties": { "factor_fine": 0.614 }, "geometry": { "type": "Polygon", "coordinates": [ [ [ -78.5535, 37.8917 ], [ -78.5533, 37.8962 ], [ -78.5476, 37.8961 ], [ -78.5478, 37.8916 ], [ -78.5535, 37.8917 ] ] ] } },
{ "type": "Feature", "properties": { "factor_fine": 0.618 }, "geometry": { "type": "Polygon", "coordinates": [ [ [ -78.5478, 37.8916 ], [ -78.5476, 37.8961 ], [ -78.542, 37.8959 ], [ -78.5421, 37.8914 ], [ -78.5478, 37.8916 ] ] ] } },
{ "type": "Feature", "properties": { "factor_fine": 0.753 }, "geometry": { "type": "Polygon", "coordinates": [ [ [ -78.4342, 37.8891 ], [ -78.434, 37.8936 ], [ -78.4283, 37.8935 ], [ -78.4285, 37.889 ], [ -78.4342, 37.8891 ] ] ] } },
{ "type": "Feature", "properties": { "factor_fine": 0.726 }, "geometry": { "type": "Polygon", "coordinates": [ [ [ -78.4285, 37.889 ], [ -78.4283, 37.8935 ], [ -78.4227, 37.8934 ], [ -78.4228, 37.8889 ], [ -78.4285, 37.889 ] ] ] } },
{ "type": "Feature", "properties": { "factor_fine": 0.699 }, "geometry": { "type": "Polygon", "coordinates": [ [ [ -78.4228, 37.8889 ], [ -78.4227, 37.8934 ], [ -78.417, 37.8933 ], [ -78.4171, 37.8888 ], [ -78.4228, 37.8889 ] ] ] } },
{ "type": "Feature", "properties": { "factor_fine": 0.738 }, "geometry": { "type": "Polygon", "coordinates": [ [ [ -78.7011, 37.8992 ], [ -78.7009, 37.9037 ], [ -78.6952, 37.9035 ], [ -78.6954, 37.899 ], [ -78.7011, 37.8992 ] ] ] } },
{ "type": "Feature", "properties": { "factor_fine": 0.595 }, "geometry": { "type": "Polygon", "coordinates": [ [ [ -78.5533, 37.8962 ], [ -78.5532, 37.9007 ], [ -78.5475, 37.9006 ], [ -78.5476, 37.8961 ], [ -78.5533, 37.8962 ] ] ] } },
{ "type": "Feature", "properties": { "factor_fine": 0.756 }, "geometry": { "type": "Polygon", "coordinates": [ [ [ -78.4908, 37.8949 ], [ -78.4907, 37.8994 ], [ -78.485, 37.8992 ], [ -78.4852, 37.8947 ], [ -78.4908, 37.8949 ] ] ] } },
{ "type": "Feature", "properties": { "factor_fine": 0.747 }, "geometry": { "type": "Polygon", "coordinates": [ [ [ -78.4852, 37.8947 ], [ -78.485, 37.8992 ], [ -78.4793, 37.8991 ], [ -78.4795, 37.8946 ], [ -78.4852, 37.8947 ] ] ] } },
{ "type": "Feature", "properties": { "factor_fine": 0.808 }, "geometry": { "type": "Polygon", "coordinates": [ [ [ -78.4454, 37.8939 ], [ -78.4452, 37.8984 ], [ -78.4395, 37.8983 ], [ -78.4397, 37.8938 ], [ -78.4454, 37.8939 ] ] ] } },
{ "type": "Feature", "properties": { "factor_fine": 0.81 }, "geometry": { "type": "Polygon", "coordinates": [ [ [ -78.4397, 37.8938 ], [ -78.4395, 37.8983 ], [ -78.4339, 37.8981 ], [ -78.434, 37.8936 ], [ -78.4397, 37.8938 ] ] ] } },
{ "type": "Feature", "properties": { "factor_fine": 0.789 }, "geometry": { "type": "Polygon", "coordinates": [ [ [ -78.434, 37.8936 ], [ -78.4339, 37.8981 ], [ -78.4282, 37.898 ], [ -78.4283, 37.8935 ], [ -78.434, 37.8936 ] ] ] } },
{ "type": "Feature", "properties": { "factor_fine": 0.757 }, "geometry": { "type": "Polygon", "coordinates": [ [ [ -78.4283, 37.8935 ], [ -78.4282, 37.898 ], [ -78.4225, 37.8979 ], [ -78.4227, 37.8934 ], [ -78.4283, 37.8935 ] ] ] } },
{ "type": "Feature", "properties": { "factor_fine": 0.725 }, "geometry": { "type": "Polygon", "coordinates": [ [ [ -78.4227, 37.8934 ], [ -78.4225, 37.8979 ], [ -78.4168, 37.8978 ], [ -78.417, 37.8933 ], [ -78.4227, 37.8934 ] ] ] } },
{ "type": "Feature", "properties": { "factor_fine": 0.764 }, "geometry": { "type": "Polygon", "coordinates": [ [ [ -78.4964, 37.8995 ], [ -78.4962, 37.904 ], [ -78.4905, 37.9039 ], [ -78.4907, 37.8994 ], [ -78.4964, 37.8995 ] ] ] } },
{ "type": "Feature", "properties": { "factor_fine": 0.757 }, "geometry": { "type": "Polygon", "coordinates": [ [ [ -78.4907, 37.8994 ], [ -78.4905, 37.9039 ], [ -78.4848, 37.9037 ], [ -78.485, 37.8992 ], [ -78.4907, 37.8994 ] ] ] } },
{ "type": "Feature", "properties": { "factor_fine": 0.75 }, "geometry": { "type": "Polygon", "coordinates": [ [ [ -78.485, 37.8992 ], [ -78.4848, 37.9037 ], [ -78.4792, 37.9036 ], [ -78.4793, 37.8991 ], [ -78.485, 37.8992 ] ] ] } },
{ "type": "Feature", "properties": { "factor_fine": 0.736 }, "geometry": { "type": "Polygon", "coordinates": [ [ [ -78.4793, 37.8991 ], [ -78.4792, 37.9036 ], [ -78.4735, 37.9035 ], [ -78.4736, 37.899 ], [ -78.4793, 37.8991 ] ] ] } },
{ "type": "Feature", "properties": { "factor_fine": 0.823 }, "geometry": { "type": "Polygon", "coordinates": [ [ [ -78.4452, 37.8984 ], [ -78.4451, 37.9029 ], [ -78.4394, 37.9028 ], [ -78.4395, 37.8983 ], [ -78.4452, 37.8984 ] ] ] } },
{ "type": "Feature", "properties": { "factor_fine": 0.824 }, "geometry": { "type": "Polygon", "coordinates": [ [ [ -78.4395, 37.8983 ], [ -78.4394, 37.9028 ], [ -78.4337, 37.9026 ], [ -78.4339, 37.8981 ], [ -78.4395, 37.8983 ] ] ] } },
{ "type": "Feature", "properties": { "factor_fine": 0.801 }, "geometry": { "type": "Polygon", "coordinates": [ [ [ -78.4339, 37.8981 ], [ -78.4337, 37.9026 ], [ -78.428, 37.9025 ], [ -78.4282, 37.898 ], [ -78.4339, 37.8981 ] ] ] } },
{ "type": "Feature", "properties": { "factor_fine": 0.768 }, "geometry": { "type": "Polygon", "coordinates": [ [ [ -78.4282, 37.898 ], [ -78.428, 37.9025 ], [ -78.4223, 37.9024 ], [ -78.4225, 37.8979 ], [ -78.4282, 37.898 ] ] ] } },
{ "type": "Feature", "properties": { "factor_fine": 0.737 }, "geometry": { "type": "Polygon", "coordinates": [ [ [ -78.4225, 37.8979 ], [ -78.4223, 37.9024 ], [ -78.4167, 37.9023 ], [ -78.4168, 37.8978 ], [ -78.4225, 37.8979 ] ] ] } },
{ "type": "Feature", "properties": { "factor_fine": 0.766 }, "geometry": { "type": "Polygon", "coordinates": [ [ [ -78.4962, 37.904 ], [ -78.4961, 37.9085 ], [ -78.4904, 37.9084 ], [ -78.4905, 37.9039 ], [ -78.4962, 37.904 ] ] ] } },
{ "type": "Feature", "properties": { "factor_fine": 0.759 }, "geometry": { "type": "Polygon", "coordinates": [ [ [ -78.4905, 37.9039 ], [ -78.4904, 37.9084 ], [ -78.4847, 37.9082 ], [ -78.4848, 37.9037 ], [ -78.4905, 37.9039 ] ] ] } },
{ "type": "Feature", "properties": { "factor_fine": 0.752 }, "geometry": { "type": "Polygon", "coordinates": [ [ [ -78.4848, 37.9037 ], [ -78.4847, 37.9082 ], [ -78.479, 37.9081 ], [ -78.4792, 37.9036 ], [ -78.4848, 37.9037 ] ] ] } },
{ "type": "Feature", "properties": { "factor_fine": 0.744 }, "geometry": { "type": "Polygon", "coordinates": [ [ [ -78.4792, 37.9036 ], [ -78.479, 37.9081 ], [ -78.4733, 37.908 ], [ -78.4735, 37.9035 ], [ -78.4792, 37.9036 ] ] ] } },
{ "type": "Feature", "properties": { "factor_fine": 0.817 }, "geometry": { "type": "Polygon", "coordinates": [ [ [ -78.4451, 37.9029 ], [ -78.4449, 37.9074 ], [ -78.4392, 37.9073 ], [ -78.4394, 37.9028 ], [ -78.4451, 37.9029 ] ] ] } },
{ "type": "Feature", "properties": { "factor_fine": 0.822 }, "geometry": { "type": "Polygon", "coordinates": [ [ [ -78.4394, 37.9028 ], [ -78.4392, 37.9073 ], [ -78.4336, 37.9071 ], [ -78.4337, 37.9026 ], [ -78.4394, 37.9028 ] ] ] } },
{ "type": "Feature", "properties": { "factor_fine": 0.801 }, "geometry": { "type": "Polygon", "coordinates": [ [ [ -78.4337, 37.9026 ], [ -78.4336, 37.9071 ], [ -78.4279, 37.907 ], [ -78.428, 37.9025 ], [ -78.4337, 37.9026 ] ] ] } },
{ "type": "Feature", "properties": { "factor_fine": 0.768 }, "geometry": { "type": "Polygon", "coordinates": [ [ [ -78.428, 37.9025 ], [ -78.4279, 37.907 ], [ -78.4222, 37.9069 ], [ -78.4223, 37.9024 ], [ -78.428, 37.9025 ] ] ] } },
{ "type": "Feature", "properties": { "factor_fine": 0.739 }, "geometry": { "type": "Polygon", "coordinates": [ [ [ -78.4223, 37.9024 ], [ -78.4222, 37.9069 ], [ -78.4165, 37.9068 ], [ -78.4167, 37.9023 ], [ -78.4223, 37.9024 ] ] ] } },
{ "type": "Feature", "properties": { "factor_fine": 0.759 }, "geometry": { "type": "Polygon", "coordinates": [ [ [ -78.4961, 37.9085 ], [ -78.4959, 37.913 ], [ -78.4902, 37.9129 ], [ -78.4904, 37.9084 ], [ -78.4961, 37.9085 ] ] ] } },
{ "type": "Feature", "properties": { "factor_fine": 0.756 }, "geometry": { "type": "Polygon", "coordinates": [ [ [ -78.4904, 37.9084 ], [ -78.4902, 37.9129 ], [ -78.4845, 37.9127 ], [ -78.4847, 37.9082 ], [ -78.4904, 37.9084 ] ] ] } },
{ "type": "Feature", "properties": { "factor_fine": 0.751 }, "geometry": { "type": "Polygon", "coordinates": [ [ [ -78.4847, 37.9082 ], [ -78.4845, 37.9127 ], [ -78.4789, 37.9126 ], [ -78.479, 37.9081 ], [ -78.4847, 37.9082 ] ] ] } },
{ "type": "Feature", "properties": { "factor_fine": 0.807 }, "geometry": { "type": "Polygon", "coordinates": [ [ [ -78.4449, 37.9074 ], [ -78.4448, 37.9119 ], [ -78.4391, 37.9118 ], [ -78.4392, 37.9073 ], [ -78.4449, 37.9074 ] ] ] } },
{ "type": "Feature", "properties": { "factor_fine": 0.811 }, "geometry": { "type": "Polygon", "coordinates": [ [ [ -78.4392, 37.9073 ], [ -78.4391, 37.9118 ], [ -78.4334, 37.9116 ], [ -78.4336, 37.9071 ], [ -78.4392, 37.9073 ] ] ] } },
{ "type": "Feature", "properties": { "factor_fine": 0.74 }, "geometry": { "type": "Polygon", "coordinates": [ [ [ -78.5016, 37.9131 ], [ -78.5014, 37.9176 ], [ -78.4957, 37.9175 ], [ -78.4959, 37.913 ], [ -78.5016, 37.9131 ] ] ] } },
{ "type": "Feature", "properties": { "factor_fine": 0.743 }, "geometry": { "type": "Polygon", "coordinates": [ [ [ -78.4959, 37.913 ], [ -78.4957, 37.9175 ], [ -78.4901, 37.9174 ], [ -78.4902, 37.9129 ], [ -78.4959, 37.913 ] ] ] } },
{ "type": "Feature", "properties": { "factor_fine": 0.745 }, "geometry": { "type": "Polygon", "coordinates": [ [ [ -78.4902, 37.9129 ], [ -78.4901, 37.9174 ], [ -78.4844, 37.9173 ], [ -78.4845, 37.9127 ], [ -78.4902, 37.9129 ] ] ] } },
{ "type": "Feature", "properties": { "factor_fine": 0.742 }, "geometry": { "type": "Polygon", "coordinates": [ [ [ -78.4845, 37.9127 ], [ -78.4844, 37.9173 ], [ -78.4787, 37.9171 ], [ -78.4789, 37.9126 ], [ -78.4845, 37.9127 ] ] ] } },
{ "type": "Feature", "properties": { "factor_fine": 0.749 }, "geometry": { "type": "Polygon", "coordinates": [ [ [ -78.3993, 37.9109 ], [ -78.3991, 37.9154 ], [ -78.3935, 37.9153 ], [ -78.3936, 37.9108 ], [ -78.3993, 37.9109 ] ] ] } },
{ "type": "Feature", "properties": { "factor_fine": 0.752 }, "geometry": { "type": "Polygon", "coordinates": [ [ [ -78.3936, 37.9108 ], [ -78.3935, 37.9153 ], [ -78.3878, 37.9151 ], [ -78.3879, 37.9106 ], [ -78.3936, 37.9108 ] ] ] } },
{ "type": "Feature", "properties": { "factor_fine": 0.746 }, "geometry": { "type": "Polygon", "coordinates": [ [ [ -78.5071, 37.9177 ], [ -78.507, 37.9222 ], [ -78.5013, 37.9221 ], [ -78.5014, 37.9176 ], [ -78.5071, 37.9177 ] ] ] } },
{ "type": "Feature", "properties": { "factor_fine": 0.731 }, "geometry": { "type": "Polygon", "coordinates": [ [ [ -78.5014, 37.9176 ], [ -78.5013, 37.9221 ], [ -78.4956, 37.922 ], [ -78.4957, 37.9175 ], [ -78.5014, 37.9176 ] ] ] } },
{ "type": "Feature", "properties": { "factor_fine": 0.727 }, "geometry": { "type": "Polygon", "coordinates": [ [ [ -78.4957, 37.9175 ], [ -78.4956, 37.922 ], [ -78.4899, 37.9219 ], [ -78.4901, 37.9174 ], [ -78.4957, 37.9175 ] ] ] } },
{ "type": "Feature", "properties": { "factor_fine": 0.727 }, "geometry": { "type": "Polygon", "coordinates": [ [ [ -78.4901, 37.9174 ], [ -78.4899, 37.9219 ], [ -78.4842, 37.9218 ], [ -78.4844, 37.9173 ], [ -78.4901, 37.9174 ] ] ] } },
{ "type": "Feature", "properties": { "factor_fine": 0.747 }, "geometry": { "type": "Polygon", "coordinates": [ [ [ -78.4048, 37.9155 ], [ -78.4047, 37.92 ], [ -78.399, 37.9199 ], [ -78.3991, 37.9154 ], [ -78.4048, 37.9155 ] ] ] } },
{ "type": "Feature", "properties": { "factor_fine": 0.749 }, "geometry": { "type": "Polygon", "coordinates": [ [ [ -78.3991, 37.9154 ], [ -78.399, 37.9199 ], [ -78.3933, 37.9198 ], [ -78.3935, 37.9153 ], [ -78.3991, 37.9154 ] ] ] } },
{ "type": "Feature", "properties": { "factor_fine": 0.752 }, "geometry": { "type": "Polygon", "coordinates": [ [ [ -78.3935, 37.9153 ], [ -78.3933, 37.9198 ], [ -78.3876, 37.9196 ], [ -78.3878, 37.9151 ], [ -78.3935, 37.9153 ] ] ] } },
{ "type": "Feature", "properties": { "factor_fine": 0.759 }, "geometry": { "type": "Polygon", "coordinates": [ [ [ -78.507, 37.9222 ], [ -78.5068, 37.9267 ], [ -78.5011, 37.9266 ], [ -78.5013, 37.9221 ], [ -78.507, 37.9222 ] ] ] } },
{ "type": "Feature", "properties": { "factor_fine": 0.735 }, "geometry": { "type": "Polygon", "coordinates": [ [ [ -78.5013, 37.9221 ], [ -78.5011, 37.9266 ], [ -78.4954, 37.9265 ], [ -78.4956, 37.922 ], [ -78.5013, 37.9221 ] ] ] } },
{ "type": "Feature", "properties": { "factor_fine": 0.722 }, "geometry": { "type": "Polygon", "coordinates": [ [ [ -78.4956, 37.922 ], [ -78.4954, 37.9265 ], [ -78.4898, 37.9264 ], [ -78.4899, 37.9219 ], [ -78.4956, 37.922 ] ] ] } },
{ "type": "Feature", "properties": { "factor_fine": 0.712 }, "geometry": { "type": "Polygon", "coordinates": [ [ [ -78.4899, 37.9219 ], [ -78.4898, 37.9264 ], [ -78.4841, 37.9263 ], [ -78.4842, 37.9218 ], [ -78.4899, 37.9219 ] ] ] } },
{ "type": "Feature", "properties": { "factor_fine": 0.692 }, "geometry": { "type": "Polygon", "coordinates": [ [ [ -78.4785, 37.9216 ], [ -78.4784, 37.9261 ], [ -78.4727, 37.926 ], [ -78.4729, 37.9215 ], [ -78.4785, 37.9216 ] ] ] } },
{ "type": "Feature", "properties": { "factor_fine": 0.691 }, "geometry": { "type": "Polygon", "coordinates": [ [ [ -78.4729, 37.9215 ], [ -78.4727, 37.926 ], [ -78.467, 37.9259 ], [ -78.4672, 37.9214 ], [ -78.4729, 37.9215 ] ] ] } },
{ "type": "Feature", "properties": { "factor_fine": 0.745 }, "geometry": { "type": "Polygon", "coordinates": [ [ [ -78.4103, 37.9201 ], [ -78.4102, 37.9247 ], [ -78.4045, 37.9245 ], [ -78.4047, 37.92 ], [ -78.4103, 37.9201 ] ] ] } },
{ "type": "Feature", "properties": { "factor_fine": 0.748 }, "geometry": { "type": "Polygon", "coordinates": [ [ [ -78.4047, 37.92 ], [ -78.4045, 37.9245 ], [ -78.3988, 37.9244 ], [ -78.399, 37.9199 ], [ -78.4047, 37.92 ] ] ] } },
{ "type": "Feature", "properties": { "factor_fine": 0.75 }, "geometry": { "type": "Polygon", "coordinates": [ [ [ -78.399, 37.9199 ], [ -78.3988, 37.9244 ], [ -78.3931, 37.9243 ], [ -78.3933, 37.9198 ], [ -78.399, 37.9199 ] ] ] } },
{ "type": "Feature", "properties": { "factor_fine": 0.753 }, "geometry": { "type": "Polygon", "coordinates": [ [ [ -78.3933, 37.9198 ], [ -78.3931, 37.9243 ], [ -78.3875, 37.9241 ], [ -78.3876, 37.9196 ], [ -78.3933, 37.9198 ] ] ] } },
{ "type": "Feature", "properties": { "factor_fine": 0.756 }, "geometry": { "type": "Polygon", "coordinates": [ [ [ -78.3876, 37.9196 ], [ -78.3875, 37.9241 ], [ -78.3818, 37.924 ], [ -78.3819, 37.9195 ], [ -78.3876, 37.9196 ] ] ] } },
{ "type": "Feature", "properties": { "factor_fine": 0.772 }, "geometry": { "type": "Polygon", "coordinates": [ [ [ -78.5068, 37.9267 ], [ -78.5067, 37.9312 ], [ -78.501, 37.9311 ], [ -78.5011, 37.9266 ], [ -78.5068, 37.9267 ] ] ] } },
{ "type": "Feature", "properties": { "factor_fine": 0.744 }, "geometry": { "type": "Polygon", "coordinates": [ [ [ -78.5011, 37.9266 ], [ -78.501, 37.9311 ], [ -78.4953, 37.931 ], [ -78.4954, 37.9265 ], [ -78.5011, 37.9266 ] ] ] } },
{ "type": "Feature", "properties": { "factor_fine": 0.684 }, "geometry": { "type": "Polygon", "coordinates": [ [ [ -78.4841, 37.9263 ], [ -78.4839, 37.9308 ], [ -78.4782, 37.9306 ], [ -78.4784, 37.9261 ], [ -78.4841, 37.9263 ] ] ] } },
{ "type": "Feature", "properties": { "factor_fine": 0.676 }, "geometry": { "type": "Polygon", "coordinates": [ [ [ -78.4784, 37.9261 ], [ -78.4782, 37.9306 ], [ -78.4726, 37.9305 ], [ -78.4727, 37.926 ], [ -78.4784, 37.9261 ] ] ] } },
{ "type": "Feature", "properties": { "factor_fine": 0.675 }, "geometry": { "type": "Polygon", "coordinates": [ [ [ -78.4727, 37.926 ], [ -78.4726, 37.9305 ], [ -78.4669, 37.9304 ], [ -78.467, 37.9259 ], [ -78.4727, 37.926 ] ] ] } },
{ "type": "Feature", "properties": { "factor_fine": 0.682 }, "geometry": { "type": "Polygon", "coordinates": [ [ [ -78.467, 37.9259 ], [ -78.4669, 37.9304 ], [ -78.4612, 37.9303 ], [ -78.4613, 37.9258 ], [ -78.467, 37.9259 ] ] ] } },
{ "type": "Feature", "properties": { "factor_fine": 0.748 }, "geometry": { "type": "Polygon", "coordinates": [ [ [ -78.4102, 37.9247 ], [ -78.41, 37.9292 ], [ -78.4043, 37.929 ], [ -78.4045, 37.9245 ], [ -78.4102, 37.9247 ] ] ] } },
{ "type": "Feature", "properties": { "factor_fine": 0.749 }, "geometry": { "type": "Polygon", "coordinates": [ [ [ -78.4045, 37.9245 ], [ -78.4043, 37.929 ], [ -78.3987, 37.9289 ], [ -78.3988, 37.9244 ], [ -78.4045, 37.9245 ] ] ] } },
{ "type": "Feature", "properties": { "factor_fine": 0.751 }, "geometry": { "type": "Polygon", "coordinates": [ [ [ -78.3988, 37.9244 ], [ -78.3987, 37.9289 ], [ -78.393, 37.9288 ], [ -78.3931, 37.9243 ], [ -78.3988, 37.9244 ] ] ] } },
{ "type": "Feature", "properties": { "factor_fine": 0.754 }, "geometry": { "type": "Polygon", "coordinates": [ [ [ -78.3931, 37.9243 ], [ -78.393, 37.9288 ], [ -78.3873, 37.9287 ], [ -78.3875, 37.9241 ], [ -78.3931, 37.9243 ] ] ] } },
{ "type": "Feature", "properties": { "factor_fine": 0.755 }, "geometry": { "type": "Polygon", "coordinates": [ [ [ -78.3875, 37.9241 ], [ -78.3873, 37.9287 ], [ -78.3816, 37.9285 ], [ -78.3818, 37.924 ], [ -78.3875, 37.9241 ] ] ] } },
{ "type": "Feature", "properties": { "factor_fine": 0.753 }, "geometry": { "type": "Polygon", "coordinates": [ [ [ -78.3818, 37.924 ], [ -78.3816, 37.9285 ], [ -78.3759, 37.9284 ], [ -78.3761, 37.9239 ], [ -78.3818, 37.924 ] ] ] } },
{ "type": "Feature", "properties": { "factor_fine": 0.674 }, "geometry": { "type": "Polygon", "coordinates": [ [ [ -78.4839, 37.9308 ], [ -78.4838, 37.9353 ], [ -78.4781, 37.9351 ], [ -78.4782, 37.9306 ], [ -78.4839, 37.9308 ] ] ] } },
{ "type": "Feature", "properties": { "factor_fine": 0.668 }, "geometry": { "type": "Polygon", "coordinates": [ [ [ -78.4782, 37.9306 ], [ -78.4781, 37.9351 ], [ -78.4724, 37.935 ], [ -78.4726, 37.9305 ], [ -78.4782, 37.9306 ] ] ] } },
{ "type": "Feature", "properties": { "factor_fine": 0.666 }, "geometry": { "type": "Polygon", "coordinates": [ [ [ -78.4726, 37.9305 ], [ -78.4724, 37.935 ], [ -78.4667, 37.9349 ], [ -78.4669, 37.9304 ], [ -78.4726, 37.9305 ] ] ] } },
{ "type": "Feature", "properties": { "factor_fine": 0.665 }, "geometry": { "type": "Polygon", "coordinates": [ [ [ -78.4669, 37.9304 ], [ -78.4667, 37.9349 ], [ -78.461, 37.9348 ], [ -78.4612, 37.9303 ], [ -78.4669, 37.9304 ] ] ] } },
{ "type": "Feature", "properties": { "factor_fine": 0.676 }, "geometry": { "type": "Polygon", "coordinates": [ [ [ -78.4612, 37.9303 ], [ -78.461, 37.9348 ], [ -78.4553, 37.9346 ], [ -78.4555, 37.9301 ], [ -78.4612, 37.9303 ] ] ] } },
{ "type": "Feature", "properties": { "factor_fine": 0.749 }, "geometry": { "type": "Polygon", "coordinates": [ [ [ -78.4043, 37.929 ], [ -78.4042, 37.9335 ], [ -78.3985, 37.9334 ], [ -78.3987, 37.9289 ], [ -78.4043, 37.929 ] ] ] } },
{ "type": "Feature", "properties": { "factor_fine": 0.751 }, "geometry": { "type": "Polygon", "coordinates": [ [ [ -78.3987, 37.9289 ], [ -78.3985, 37.9334 ], [ -78.3928, 37.9333 ], [ -78.393, 37.9288 ], [ -78.3987, 37.9289 ] ] ] } },
{ "type": "Feature", "properties": { "factor_fine": 0.752 }, "geometry": { "type": "Polygon", "coordinates": [ [ [ -78.393, 37.9288 ], [ -78.3928, 37.9333 ], [ -78.3871, 37.9332 ], [ -78.3873, 37.9287 ], [ -78.393, 37.9288 ] ] ] } },
{ "type": "Feature", "properties": { "factor_fine": 0.751 }, "geometry": { "type": "Polygon", "coordinates": [ [ [ -78.3873, 37.9287 ], [ -78.3871, 37.9332 ], [ -78.3815, 37.933 ], [ -78.3816, 37.9285 ], [ -78.3873, 37.9287 ] ] ] } },
{ "type": "Feature", "properties": { "factor_fine": 0.673 }, "geometry": { "type": "Polygon", "coordinates": [ [ [ -78.4838, 37.9353 ], [ -78.4836, 37.9398 ], [ -78.4779, 37.9396 ], [ -78.4781, 37.9351 ], [ -78.4838, 37.9353 ] ] ] } },
{ "type": "Feature", "properties": { "factor_fine": 0.668 }, "geometry": { "type": "Polygon", "coordinates": [ [ [ -78.4781, 37.9351 ], [ -78.4779, 37.9396 ], [ -78.4722, 37.9395 ], [ -78.4724, 37.935 ], [ -78.4781, 37.9351 ] ] ] } },
{ "type": "Feature", "properties": { "factor_fine": 0.663 }, "geometry": { "type": "Polygon", "coordinates": [ [ [ -78.4724, 37.935 ], [ -78.4722, 37.9395 ], [ -78.4666, 37.9394 ], [ -78.4667, 37.9349 ], [ -78.4724, 37.935 ] ] ] } },
{ "type": "Feature", "properties": { "factor_fine": 0.656 }, "geometry": { "type": "Polygon", "coordinates": [ [ [ -78.4667, 37.9349 ], [ -78.4666, 37.9394 ], [ -78.4609, 37.9393 ], [ -78.461, 37.9348 ], [ -78.4667, 37.9349 ] ] ] } },
{ "type": "Feature", "properties": { "factor_fine": 0.649 }, "geometry": { "type": "Polygon", "coordinates": [ [ [ -78.461, 37.9348 ], [ -78.4609, 37.9393 ], [ -78.4552, 37.9391 ], [ -78.4553, 37.9346 ], [ -78.461, 37.9348 ] ] ] } },
{ "type": "Feature", "properties": { "factor_fine": 0.775 }, "geometry": { "type": "Polygon", "coordinates": [ [ [ -78.6712, 37.9436 ], [ -78.6711, 37.9481 ], [ -78.6654, 37.948 ], [ -78.6655, 37.9435 ], [ -78.6712, 37.9436 ] ] ] } },
{ "type": "Feature", "properties": { "factor_fine": 0.791 }, "geometry": { "type": "Polygon", "coordinates": [ [ [ -78.6655, 37.9435 ], [ -78.6654, 37.948 ], [ -78.6597, 37.9479 ], [ -78.6599, 37.9434 ], [ -78.6655, 37.9435 ] ] ] } },
{ "type": "Feature", "properties": { "factor_fine": 0.806 }, "geometry": { "type": "Polygon", "coordinates": [ [ [ -78.6599, 37.9434 ], [ -78.6597, 37.9479 ], [ -78.654, 37.9478 ], [ -78.6542, 37.9433 ], [ -78.6599, 37.9434 ] ] ] } },
{ "type": "Feature", "properties": { "factor_fine": 0.82 }, "geometry": { "type": "Polygon", "coordinates": [ [ [ -78.6542, 37.9433 ], [ -78.654, 37.9478 ], [ -78.6483, 37.9477 ], [ -78.6485, 37.9432 ], [ -78.6542, 37.9433 ] ] ] } },
{ "type": "Feature", "properties": { "factor_fine": 0.675 }, "geometry": { "type": "Polygon", "coordinates": [ [ [ -78.4779, 37.9396 ], [ -78.4778, 37.9441 ], [ -78.4721, 37.944 ], [ -78.4722, 37.9395 ], [ -78.4779, 37.9396 ] ] ] } },
{ "type": "Feature", "properties": { "factor_fine": 0.669 }, "geometry": { "type": "Polygon", "coordinates": [ [ [ -78.4722, 37.9395 ], [ -78.4721, 37.944 ], [ -78.4664, 37.9439 ], [ -78.4666, 37.9394 ], [ -78.4722, 37.9395 ] ] ] } },
{ "type": "Feature", "properties": { "factor_fine": 0.658 }, "geometry": { "type": "Polygon", "coordinates": [ [ [ -78.4666, 37.9394 ], [ -78.4664, 37.9439 ], [ -78.4607, 37.9438 ], [ -78.4609, 37.9393 ], [ -78.4666, 37.9394 ] ] ] } },
{ "type": "Feature", "properties": { "factor_fine": 0.642 }, "geometry": { "type": "Polygon", "coordinates": [ [ [ -78.4609, 37.9393 ], [ -78.4607, 37.9438 ], [ -78.455, 37.9437 ], [ -78.4552, 37.9391 ], [ -78.4609, 37.9393 ] ] ] } },
{ "type": "Feature", "properties": { "factor_fine": 0.801 }, "geometry": { "type": "Polygon", "coordinates": [ [ [ -78.6654, 37.948 ], [ -78.6653, 37.9525 ], [ -78.6596, 37.9524 ], [ -78.6597, 37.9479 ], [ -78.6654, 37.948 ] ] ] } },
{ "type": "Feature", "properties": { "factor_fine": 0.808 }, "geometry": { "type": "Polygon", "coordinates": [ [ [ -78.6597, 37.9479 ], [ -78.6596, 37.9524 ], [ -78.6539, 37.9523 ], [ -78.654, 37.9478 ], [ -78.6597, 37.9479 ] ] ] } },
{ "type": "Feature", "properties": { "factor_fine": 0.812 }, "geometry": { "type": "Polygon", "coordinates": [ [ [ -78.654, 37.9478 ], [ -78.6539, 37.9523 ], [ -78.6482, 37.9522 ], [ -78.6483, 37.9477 ], [ -78.654, 37.9478 ] ] ] } },
{ "type": "Feature", "properties": { "factor_fine": 0.82 }, "geometry": { "type": "Polygon", "coordinates": [ [ [ -78.6483, 37.9477 ], [ -78.6482, 37.9522 ], [ -78.6425, 37.9521 ], [ -78.6427, 37.9476 ], [ -78.6483, 37.9477 ] ] ] } },
{ "type": "Feature", "properties": { "factor_fine": 0.831 }, "geometry": { "type": "Polygon", "coordinates": [ [ [ -78.6427, 37.9476 ], [ -78.6425, 37.9521 ], [ -78.6368, 37.952 ], [ -78.637, 37.9474 ], [ -78.6427, 37.9476 ] ] ] } },
{ "type": "Feature", "properties": { "factor_fine": 0.838 }, "geometry": { "type": "Polygon", "coordinates": [ [ [ -78.637, 37.9474 ], [ -78.6368, 37.952 ], [ -78.6311, 37.9518 ], [ -78.6313, 37.9473 ], [ -78.637, 37.9474 ] ] ] } },
{ "type": "Feature", "properties": { "factor_fine": 0.836 }, "geometry": { "type": "Polygon", "coordinates": [ [ [ -78.5744, 37.9462 ], [ -78.5743, 37.9507 ], [ -78.5686, 37.9506 ], [ -78.5687, 37.9461 ], [ -78.5744, 37.9462 ] ] ] } },
{ "type": "Feature", "properties": { "factor_fine": 0.688 }, "geometry": { "type": "Polygon", "coordinates": [ [ [ -78.4778, 37.9441 ], [ -78.4776, 37.9486 ], [ -78.4719, 37.9485 ], [ -78.4721, 37.944 ], [ -78.4778, 37.9441 ] ] ] } },
{ "type": "Feature", "properties": { "factor_fine": 0.683 }, "geometry": { "type": "Polygon", "coordinates": [ [ [ -78.4721, 37.944 ], [ -78.4719, 37.9485 ], [ -78.4663, 37.9484 ], [ -78.4664, 37.9439 ], [ -78.4721, 37.944 ] ] ] } },
{ "type": "Feature", "properties": { "factor_fine": 0.675 }, "geometry": { "type": "Polygon", "coordinates": [ [ [ -78.4664, 37.9439 ], [ -78.4663, 37.9484 ], [ -78.4606, 37.9483 ], [ -78.4607, 37.9438 ], [ -78.4664, 37.9439 ] ] ] } },
{ "type": "Feature", "properties": { "factor_fine": 0.661 }, "geometry": { "type": "Polygon", "coordinates": [ [ [ -78.4607, 37.9438 ], [ -78.4606, 37.9483 ], [ -78.4549, 37.9482 ], [ -78.455, 37.9437 ], [ -78.4607, 37.9438 ] ] ] } },
{ "type": "Feature", "properties": { "factor_fine": 0.805 }, "geometry": { "type": "Polygon", "coordinates": [ [ [ -78.6653, 37.9525 ], [ -78.6651, 37.957 ], [ -78.6594, 37.9569 ], [ -78.6596, 37.9524 ], [ -78.6653, 37.9525 ] ] ] } },
{ "type": "Feature", "properties": { "factor_fine": 0.805 }, "geometry": { "type": "Polygon", "coordinates": [ [ [ -78.6596, 37.9524 ], [ -78.6594, 37.9569 ], [ -78.6537, 37.9568 ], [ -78.6539, 37.9523 ], [ -78.6596, 37.9524 ] ] ] } },
{ "type": "Feature", "properties": { "factor_fine": 0.805 }, "geometry": { "type": "Polygon", "coordinates": [ [ [ -78.6539, 37.9523 ], [ -78.6537, 37.9568 ], [ -78.6481, 37.9567 ], [ -78.6482, 37.9522 ], [ -78.6539, 37.9523 ] ] ] } },
{ "type": "Feature", "properties": { "factor_fine": 0.81 }, "geometry": { "type": "Polygon", "coordinates": [ [ [ -78.6482, 37.9522 ], [ -78.6481, 37.9567 ], [ -78.6424, 37.9566 ], [ -78.6425, 37.9521 ], [ -78.6482, 37.9522 ] ] ] } },
{ "type": "Feature", "properties": { "factor_fine": 0.818 }, "geometry": { "type": "Polygon", "coordinates": [ [ [ -78.6425, 37.9521 ], [ -78.6424, 37.9566 ], [ -78.6367, 37.9565 ], [ -78.6368, 37.952 ], [ -78.6425, 37.9521 ] ] ] } },
{ "type": "Feature", "properties": { "factor_fine": 0.823 }, "geometry": { "type": "Polygon", "coordinates": [ [ [ -78.6368, 37.952 ], [ -78.6367, 37.9565 ], [ -78.631, 37.9563 ], [ -78.6311, 37.9518 ], [ -78.6368, 37.952 ] ] ] } },
{ "type": "Feature", "properties": { "factor_fine": 0.866 }, "geometry": { "type": "Polygon", "coordinates": [ [ [ -78.58, 37.9508 ], [ -78.5798, 37.9553 ], [ -78.5741, 37.9552 ], [ -78.5743, 37.9507 ], [ -78.58, 37.9508 ] ] ] } },
{ "type": "Feature", "properties": { "factor_fine": 0.867 }, "geometry": { "type": "Polygon", "coordinates": [ [ [ -78.5743, 37.9507 ], [ -78.5741, 37.9552 ], [ -78.5684, 37.9551 ], [ -78.5686, 37.9506 ], [ -78.5743, 37.9507 ] ] ] } },
{ "type": "Feature", "properties": { "factor_fine": 0.862 }, "geometry": { "type": "Polygon", "coordinates": [ [ [ -78.5686, 37.9506 ], [ -78.5684, 37.9551 ], [ -78.5628, 37.9549 ], [ -78.5629, 37.9504 ], [ -78.5686, 37.9506 ] ] ] } },
{ "type": "Feature", "properties": { "factor_fine": 0.853 }, "geometry": { "type": "Polygon", "coordinates": [ [ [ -78.5629, 37.9504 ], [ -78.5628, 37.9549 ], [ -78.5571, 37.9548 ], [ -78.5572, 37.9503 ], [ -78.5629, 37.9504 ] ] ] } },
{ "type": "Feature", "properties": { "factor_fine": 0.869 }, "geometry": { "type": "Polygon", "coordinates": [ [ [ -78.5345, 37.9498 ], [ -78.5343, 37.9544 ], [ -78.5286, 37.9542 ], [ -78.5288, 37.9497 ], [ -78.5345, 37.9498 ] ] ] } },
{ "type": "Feature", "properties": { "factor_fine": 0.875 }, "geometry": { "type": "Polygon", "coordinates": [ [ [ -78.5288, 37.9497 ], [ -78.5286, 37.9542 ], [ -78.523, 37.9541 ], [ -78.5231, 37.9496 ], [ -78.5288, 37.9497 ] ] ] } },
{ "type": "Feature", "properties": { "factor_fine": 0.877 }, "geometry": { "type": "Polygon", "coordinates": [ [ [ -78.5231, 37.9496 ], [ -78.523, 37.9541 ], [ -78.5173, 37.954 ], [ -78.5174, 37.9495 ], [ -78.5231, 37.9496 ] ] ] } },
{ "type": "Feature", "properties": { "factor_fine": 0.707 }, "geometry": { "type": "Polygon", "coordinates": [ [ [ -78.4719, 37.9485 ], [ -78.4718, 37.953 ], [ -78.4661, 37.9529 ], [ -78.4663, 37.9484 ], [ -78.4719, 37.9485 ] ] ] } },
{ "type": "Feature", "properties": { "factor_fine": 0.702 }, "geometry": { "type": "Polygon", "coordinates": [ [ [ -78.4663, 37.9484 ], [ -78.4661, 37.9529 ], [ -78.4604, 37.9528 ], [ -78.4606, 37.9483 ], [ -78.4663, 37.9484 ] ] ] } },
{ "type": "Feature", "properties": { "factor_fine": 0.693 }, "geometry": { "type": "Polygon", "coordinates": [ [ [ -78.4606, 37.9483 ], [ -78.4604, 37.9528 ], [ -78.4547, 37.9527 ], [ -78.4549, 37.9482 ], [ -78.4606, 37.9483 ] ] ] } },
{ "type": "Feature", "properties": { "factor_fine": 0.806 }, "geometry": { "type": "Polygon", "coordinates": [ [ [ -78.6651, 37.957 ], [ -78.665, 37.9615 ], [ -78.6593, 37.9614 ], [ -78.6594, 37.9569 ], [ -78.6651, 37.957 ] ] ] } },
{ "type": "Feature", "properties": { "factor_fine": 0.801 }, "geometry": { "type": "Polygon", "coordinates": [ [ [ -78.6594, 37.9569 ], [ -78.6593, 37.9614 ], [ -78.6536, 37.9613 ], [ -78.6537, 37.9568 ], [ -78.6594, 37.9569 ] ] ] } },
{ "type": "Feature", "properties": { "factor_fine": 0.801 }, "geometry": { "type": "Polygon", "coordinates": [ [ [ -78.6537, 37.9568 ], [ -78.6536, 37.9613 ], [ -78.6479, 37.9612 ], [ -78.6481, 37.9567 ], [ -78.6537, 37.9568 ] ] ] } },
{ "type": "Feature", "properties": { "factor_fine": 0.803 }, "geometry": { "type": "Polygon", "coordinates": [ [ [ -78.6481, 37.9567 ], [ -78.6479, 37.9612 ], [ -78.6422, 37.9611 ], [ -78.6424, 37.9566 ], [ -78.6481, 37.9567 ] ] ] } },
{ "type": "Feature", "properties": { "factor_fine": 0.806 }, "geometry": { "type": "Polygon", "coordinates": [ [ [ -78.6424, 37.9566 ], [ -78.6422, 37.9611 ], [ -78.6365, 37.961 ], [ -78.6367, 37.9565 ], [ -78.6424, 37.9566 ] ] ] } },
{ "type": "Feature", "properties": { "factor_fine": 0.804 }, "geometry": { "type": "Polygon", "coordinates": [ [ [ -78.6367, 37.9565 ], [ -78.6365, 37.961 ], [ -78.6309, 37.9608 ], [ -78.631, 37.9563 ], [ -78.6367, 37.9565 ] ] ] } },
{ "type": "Feature", "properties": { "factor_fine": 0.793 }, "geometry": { "type": "Polygon", "coordinates": [ [ [ -78.631, 37.9563 ], [ -78.6309, 37.9608 ], [ -78.6252, 37.9607 ], [ -78.6253, 37.9562 ], [ -78.631, 37.9563 ] ] ] } },
{ "type": "Feature", "properties": { "factor_fine": 0.886 }, "geometry": { "type": "Polygon", "coordinates": [ [ [ -78.5798, 37.9553 ], [ -78.5797, 37.9598 ], [ -78.574, 37.9597 ], [ -78.5741, 37.9552 ], [ -78.5798, 37.9553 ] ] ] } },
{ "type": "Feature", "properties": { "factor_fine": 0.878 }, "geometry": { "type": "Polygon", "coordinates": [ [ [ -78.5741, 37.9552 ], [ -78.574, 37.9597 ], [ -78.5683, 37.9596 ], [ -78.5684, 37.9551 ], [ -78.5741, 37.9552 ] ] ] } },
{ "type": "Feature", "properties": { "factor_fine": 0.863 }, "geometry": { "type": "Polygon", "coordinates": [ [ [ -78.5684, 37.9551 ], [ -78.5683, 37.9596 ], [ -78.5626, 37.9594 ], [ -78.5628, 37.9549 ], [ -78.5684, 37.9551 ] ] ] } },
{ "type": "Feature", "properties": { "factor_fine": 0.845 }, "geometry": { "type": "Polygon", "coordinates": [ [ [ -78.5628, 37.9549 ], [ -78.5626, 37.9594 ], [ -78.5569, 37.9593 ], [ -78.5571, 37.9548 ], [ -78.5628, 37.9549 ] ] ] } },
{ "type": "Feature", "properties": { "factor_fine": 0.83 }, "geometry": { "type": "Polygon", "coordinates": [ [ [ -78.5571, 37.9548 ], [ -78.5569, 37.9593 ], [ -78.5512, 37.9592 ], [ -78.5514, 37.9547 ], [ -78.5571, 37.9548 ] ] ] } },
{ "type": "Feature", "properties": { "factor_fine": 0.82 }, "geometry": { "type": "Polygon", "coordinates": [ [ [ -78.5514, 37.9547 ], [ -78.5512, 37.9592 ], [ -78.5456, 37.9591 ], [ -78.5457, 37.9546 ], [ -78.5514, 37.9547 ] ] ] } },
{ "type": "Feature", "properties": { "factor_fine": 0.859 }, "geometry": { "type": "Polygon", "coordinates": [ [ [ -78.54, 37.9545 ], [ -78.5399, 37.959 ], [ -78.5342, 37.9589 ], [ -78.5343, 37.9544 ], [ -78.54, 37.9545 ] ] ] } },
{ "type": "Feature", "properties": { "factor_fine": 0.876 }, "geometry": { "type": "Polygon", "coordinates": [ [ [ -78.5343, 37.9544 ], [ -78.5342, 37.9589 ], [ -78.5285, 37.9587 ], [ -78.5286, 37.9542 ], [ -78.5343, 37.9544 ] ] ] } },
{ "type": "Feature", "properties": { "factor_fine": 0.881 }, "geometry": { "type": "Polygon", "coordinates": [ [ [ -78.5286, 37.9542 ], [ -78.5285, 37.9587 ], [ -78.5228, 37.9586 ], [ -78.523, 37.9541 ], [ -78.5286, 37.9542 ] ] ] } },
{ "type": "Feature", "properties": { "factor_fine": 0.88 }, "geometry": { "type": "Polygon", "coordinates": [ [ [ -78.523, 37.9541 ], [ -78.5228, 37.9586 ], [ -78.5171, 37.9585 ], [ -78.5173, 37.954 ], [ -78.523, 37.9541 ] ] ] } },
{ "type": "Feature", "properties": { "factor_fine": 0.874 }, "geometry": { "type": "Polygon", "coordinates": [ [ [ -78.5173, 37.954 ], [ -78.5171, 37.9585 ], [ -78.5114, 37.9584 ], [ -78.5116, 37.9539 ], [ -78.5173, 37.954 ] ] ] } },
{ "type": "Feature", "properties": { "factor_fine": 0.727 }, "geometry": { "type": "Polygon", "coordinates": [ [ [ -78.4661, 37.9529 ], [ -78.4659, 37.9574 ], [ -78.4603, 37.9573 ], [ -78.4604, 37.9528 ], [ -78.4661, 37.9529 ] ] ] } },
{ "type": "Feature", "properties": { "factor_fine": 0.722 }, "geometry": { "type": "Polygon", "coordinates": [ [ [ -78.4604, 37.9528 ], [ -78.4603, 37.9573 ], [ -78.4546, 37.9572 ], [ -78.4547, 37.9527 ], [ -78.4604, 37.9528 ] ] ] } },
{ "type": "Feature", "properties": { "factor_fine": 0.811 }, "geometry": { "type": "Polygon", "coordinates": [ [ [ -78.665, 37.9615 ], [ -78.6648, 37.966 ], [ -78.6591, 37.9659 ], [ -78.6593, 37.9614 ], [ -78.665, 37.9615 ] ] ] } },
{ "type": "Feature", "properties": { "factor_fine": 0.803 }, "geometry": { "type": "Polygon", "coordinates": [ [ [ -78.6593, 37.9614 ], [ -78.6591, 37.9659 ], [ -78.6535, 37.9658 ], [ -78.6536, 37.9613 ], [ -78.6593, 37.9614 ] ] ] } },
{ "type": "Feature", "properties": { "factor_fine": 0.8 }, "geometry": { "type": "Polygon", "coordinates": [ [ [ -78.6536, 37.9613 ], [ -78.6535, 37.9658 ], [ -78.6478, 37.9657 ], [ -78.6479, 37.9612 ], [ -78.6536, 37.9613 ] ] ] } },
{ "type": "Feature", "properties": { "factor_fine": 0.8 }, "geometry": { "type": "Polygon", "coordinates": [ [ [ -78.6479, 37.9612 ], [ -78.6478, 37.9657 ], [ -78.6421, 37.9656 ], [ -78.6422, 37.9611 ], [ -78.6479, 37.9612 ] ] ] } },
{ "type": "Feature", "properties": { "factor_fine": 0.798 }, "geometry": { "type": "Polygon", "coordinates": [ [ [ -78.6422, 37.9611 ], [ -78.6421, 37.9656 ], [ -78.6364, 37.9655 ], [ -78.6365, 37.961 ], [ -78.6422, 37.9611 ] ] ] } },
{ "type": "Feature", "properties": { "factor_fine": 0.79 }, "geometry": { "type": "Polygon", "coordinates": [ [ [ -78.6365, 37.961 ], [ -78.6364, 37.9655 ], [ -78.6307, 37.9653 ], [ -78.6309, 37.9608 ], [ -78.6365, 37.961 ] ] ] } },
{ "type": "Feature", "properties": { "factor_fine": 0.779 }, "geometry": { "type": "Polygon", "coordinates": [ [ [ -78.6309, 37.9608 ], [ -78.6307, 37.9653 ], [ -78.625, 37.9652 ], [ -78.6252, 37.9607 ], [ -78.6309, 37.9608 ] ] ] } },
{ "type": "Feature", "properties": { "factor_fine": 0.774 }, "geometry": { "type": "Polygon", "coordinates": [ [ [ -78.6252, 37.9607 ], [ -78.625, 37.9652 ], [ -78.6193, 37.9651 ], [ -78.6195, 37.9606 ], [ -78.6252, 37.9607 ] ] ] } },
{ "type": "Feature", "properties": { "factor_fine": 0.876 }, "geometry": { "type": "Polygon", "coordinates": [ [ [ -78.5797, 37.9598 ], [ -78.5795, 37.9643 ], [ -78.5738, 37.9642 ], [ -78.574, 37.9597 ], [ -78.5797, 37.9598 ] ] ] } },
{ "type": "Feature", "properties": { "factor_fine": 0.864 }, "geometry": { "type": "Polygon", "coordinates": [ [ [ -78.574, 37.9597 ], [ -78.5738, 37.9642 ], [ -78.5681, 37.9641 ], [ -78.5683, 37.9596 ], [ -78.574, 37.9597 ] ] ] } },
{ "type": "Feature", "properties": { "factor_fine": 0.845 }, "geometry": { "type": "Polygon", "coordinates": [ [ [ -78.5683, 37.9596 ], [ -78.5681, 37.9641 ], [ -78.5625, 37.9639 ], [ -78.5626, 37.9594 ], [ -78.5683, 37.9596 ] ] ] } },
{ "type": "Feature", "properties": { "factor_fine": 0.825 }, "geometry": { "type": "Polygon", "coordinates": [ [ [ -78.5626, 37.9594 ], [ -78.5625, 37.9639 ], [ -78.5568, 37.9638 ], [ -78.5569, 37.9593 ], [ -78.5626, 37.9594 ] ] ] } },
{ "type": "Feature", "properties": { "factor_fine": 0.807 }, "geometry": { "type": "Polygon", "coordinates": [ [ [ -78.5569, 37.9593 ], [ -78.5568, 37.9638 ], [ -78.5511, 37.9637 ], [ -78.5512, 37.9592 ], [ -78.5569, 37.9593 ] ] ] } },
{ "type": "Feature", "properties": { "factor_fine": 0.796 }, "geometry": { "type": "Polygon", "coordinates": [ [ [ -78.5512, 37.9592 ], [ -78.5511, 37.9637 ], [ -78.5454, 37.9636 ], [ -78.5456, 37.9591 ], [ -78.5512, 37.9592 ] ] ] } },
{ "type": "Feature", "properties": { "factor_fine": 0.877 }, "geometry": { "type": "Polygon", "coordinates": [ [ [ -78.5342, 37.9589 ], [ -78.534, 37.9634 ], [ -78.5283, 37.9632 ], [ -78.5285, 37.9587 ], [ -78.5342, 37.9589 ] ] ] } },
{ "type": "Feature", "properties": { "factor_fine": 0.883 }, "geometry": { "type": "Polygon", "coordinates": [ [ [ -78.5285, 37.9587 ], [ -78.5283, 37.9632 ], [ -78.5227, 37.9631 ], [ -78.5228, 37.9586 ], [ -78.5285, 37.9587 ] ] ] } },
{ "type": "Feature", "properties": { "factor_fine": 0.881 }, "geometry": { "type": "Polygon", "coordinates": [ [ [ -78.5228, 37.9586 ], [ -78.5227, 37.9631 ], [ -78.517, 37.963 ], [ -78.5171, 37.9585 ], [ -78.5228, 37.9586 ] ] ] } },
{ "type": "Feature", "properties": { "factor_fine": 0.876 }, "geometry": { "type": "Polygon", "coordinates": [ [ [ -78.5171, 37.9585 ], [ -78.517, 37.963 ], [ -78.5113, 37.9629 ], [ -78.5114, 37.9584 ], [ -78.5171, 37.9585 ] ] ] } },
{ "type": "Feature", "properties": { "factor_fine": 0.814 }, "geometry": { "type": "Polygon", "coordinates": [ [ [ -78.6591, 37.9659 ], [ -78.659, 37.9704 ], [ -78.6533, 37.9703 ], [ -78.6535, 37.9658 ], [ -78.6591, 37.9659 ] ] ] } },
{ "type": "Feature", "properties": { "factor_fine": 0.807 }, "geometry": { "type": "Polygon", "coordinates": [ [ [ -78.6535, 37.9658 ], [ -78.6533, 37.9703 ], [ -78.6476, 37.9702 ], [ -78.6478, 37.9657 ], [ -78.6535, 37.9658 ] ] ] } },
{ "type": "Feature", "properties": { "factor_fine": 0.803 }, "geometry": { "type": "Polygon", "coordinates": [ [ [ -78.6478, 37.9657 ], [ -78.6476, 37.9702 ], [ -78.6419, 37.9701 ], [ -78.6421, 37.9656 ], [ -78.6478, 37.9657 ] ] ] } },
{ "type": "Feature", "properties": { "factor_fine": 0.797 }, "geometry": { "type": "Polygon", "coordinates": [ [ [ -78.6421, 37.9656 ], [ -78.6419, 37.9701 ], [ -78.6363, 37.97 ], [ -78.6364, 37.9655 ], [ -78.6421, 37.9656 ] ] ] } },
{ "type": "Feature", "properties": { "factor_fine": 0.789 }, "geometry": { "type": "Polygon", "coordinates": [ [ [ -78.6364, 37.9655 ], [ -78.6363, 37.97 ], [ -78.6306, 37.9698 ], [ -78.6307, 37.9653 ], [ -78.6364, 37.9655 ] ] ] } },
{ "type": "Feature", "properties": { "factor_fine": 0.784 }, "geometry": { "type": "Polygon", "coordinates": [ [ [ -78.6307, 37.9653 ], [ -78.6306, 37.9698 ], [ -78.6249, 37.9697 ], [ -78.625, 37.9652 ], [ -78.6307, 37.9653 ] ] ] } },
{ "type": "Feature", "properties": { "factor_fine": 0.792 }, "geometry": { "type": "Polygon", "coordinates": [ [ [ -78.625, 37.9652 ], [ -78.6249, 37.9697 ], [ -78.6192, 37.9696 ], [ -78.6193, 37.9651 ], [ -78.625, 37.9652 ] ] ] } },
{ "type": "Feature", "properties": { "factor_fine": 0.831 }, "geometry": { "type": "Polygon", "coordinates": [ [ [ -78.5738, 37.9642 ], [ -78.5737, 37.9687 ], [ -78.568, 37.9686 ], [ -78.5681, 37.9641 ], [ -78.5738, 37.9642 ] ] ] } },
{ "type": "Feature", "properties": { "factor_fine": 0.815 }, "geometry": { "type": "Polygon", "coordinates": [ [ [ -78.5681, 37.9641 ], [ -78.568, 37.9686 ], [ -78.5623, 37.9685 ], [ -78.5625, 37.9639 ], [ -78.5681, 37.9641 ] ] ] } },
{ "type": "Feature", "properties": { "factor_fine": 0.797 }, "geometry": { "type": "Polygon", "coordinates": [ [ [ -78.5625, 37.9639 ], [ -78.5623, 37.9685 ], [ -78.5566, 37.9683 ], [ -78.5568, 37.9638 ], [ -78.5625, 37.9639 ] ] ] } },
{ "type": "Feature", "properties": { "factor_fine": 0.781 }, "geometry": { "type": "Polygon", "coordinates": [ [ [ -78.5568, 37.9638 ], [ -78.5566, 37.9683 ], [ -78.5509, 37.9682 ], [ -78.5511, 37.9637 ], [ -78.5568, 37.9638 ] ] ] } },
{ "type": "Feature", "properties": { "factor_fine": 0.772 }, "geometry": { "type": "Polygon", "coordinates": [ [ [ -78.5511, 37.9637 ], [ -78.5509, 37.9682 ], [ -78.5453, 37.9681 ], [ -78.5454, 37.9636 ], [ -78.5511, 37.9637 ] ] ] } },
{ "type": "Feature", "properties": { "factor_fine": 0.886 }, "geometry": { "type": "Polygon", "coordinates": [ [ [ -78.5283, 37.9632 ], [ -78.5282, 37.9677 ], [ -78.5225, 37.9676 ], [ -78.5227, 37.9631 ], [ -78.5283, 37.9632 ] ] ] } },
{ "type": "Feature", "properties": { "factor_fine": 0.89 }, "geometry": { "type": "Polygon", "coordinates": [ [ [ -78.5227, 37.9631 ], [ -78.5225, 37.9676 ], [ -78.5168, 37.9675 ], [ -78.517, 37.963 ], [ -78.5227, 37.9631 ] ] ] } },
{ "type": "Feature", "properties": { "factor_fine": 0.9 }, "geometry": { "type": "Polygon", "coordinates": [ [ [ -78.517, 37.963 ], [ -78.5168, 37.9675 ], [ -78.5111, 37.9674 ], [ -78.5113, 37.9629 ], [ -78.517, 37.963 ] ] ] } },
{ "type": "Feature", "properties": { "factor_fine": 0.822 }, "geometry": { "type": "Polygon", "coordinates": [ [ [ -78.6533, 37.9703 ], [ -78.6532, 37.9748 ], [ -78.6475, 37.9747 ], [ -78.6476, 37.9702 ], [ -78.6533, 37.9703 ] ] ] } },
{ "type": "Feature", "properties": { "factor_fine": 0.813 }, "geometry": { "type": "Polygon", "coordinates": [ [ [ -78.6476, 37.9702 ], [ -78.6475, 37.9747 ], [ -78.6418, 37.9746 ], [ -78.6419, 37.9701 ], [ -78.6476, 37.9702 ] ] ] } },
{ "type": "Feature", "properties": { "factor_fine": 0.806 }, "geometry": { "type": "Polygon", "coordinates": [ [ [ -78.6419, 37.9701 ], [ -78.6418, 37.9746 ], [ -78.6361, 37.9745 ], [ -78.6363, 37.97 ], [ -78.6419, 37.9701 ] ] ] } },
{ "type": "Feature", "properties": { "factor_fine": 0.803 }, "geometry": { "type": "Polygon", "coordinates": [ [ [ -78.6363, 37.97 ], [ -78.6361, 37.9745 ], [ -78.6304, 37.9744 ], [ -78.6306, 37.9698 ], [ -78.6363, 37.97 ] ] ] } },
{ "type": "Feature", "properties": { "factor_fine": 0.809 }, "geometry": { "type": "Polygon", "coordinates": [ [ [ -78.6306, 37.9698 ], [ -78.6304, 37.9744 ], [ -78.6247, 37.9742 ], [ -78.6249, 37.9697 ], [ -78.6306, 37.9698 ] ] ] } },
{ "type": "Feature", "properties": { "factor_fine": 0.832 }, "geometry": { "type": "Polygon", "coordinates": [ [ [ -78.6249, 37.9697 ], [ -78.6247, 37.9742 ], [ -78.619, 37.9741 ], [ -78.6192, 37.9696 ], [ -78.6249, 37.9697 ] ] ] } },
{ "type": "Feature", "properties": { "factor_fine": 0.796 }, "geometry": { "type": "Polygon", "coordinates": [ [ [ -78.5737, 37.9687 ], [ -78.5735, 37.9732 ], [ -78.5679, 37.9731 ], [ -78.568, 37.9686 ], [ -78.5737, 37.9687 ] ] ] } },
{ "type": "Feature", "properties": { "factor_fine": 0.786 }, "geometry": { "type": "Polygon", "coordinates": [ [ [ -78.568, 37.9686 ], [ -78.5679, 37.9731 ], [ -78.5622, 37.973 ], [ -78.5623, 37.9685 ], [ -78.568, 37.9686 ] ] ] } },
{ "type": "Feature", "properties": { "factor_fine": 0.771 }, "geometry": { "type": "Polygon", "coordinates": [ [ [ -78.5623, 37.9685 ], [ -78.5622, 37.973 ], [ -78.5565, 37.9728 ], [ -78.5566, 37.9683 ], [ -78.5623, 37.9685 ] ] ] } },
{ "type": "Feature", "properties": { "factor_fine": 0.76 }, "geometry": { "type": "Polygon", "coordinates": [ [ [ -78.5566, 37.9683 ], [ -78.5565, 37.9728 ], [ -78.5508, 37.9727 ], [ -78.5509, 37.9682 ], [ -78.5566, 37.9683 ] ] ] } },
{ "type": "Feature", "properties": { "factor_fine": 0.76 }, "geometry": { "type": "Polygon", "coordinates": [ [ [ -78.5509, 37.9682 ], [ -78.5508, 37.9727 ], [ -78.5451, 37.9726 ], [ -78.5453, 37.9681 ], [ -78.5509, 37.9682 ] ] ] } },
{ "type": "Feature", "properties": { "factor_fine": 0.776 }, "geometry": { "type": "Polygon", "coordinates": [ [ [ -78.5453, 37.9681 ], [ -78.5451, 37.9726 ], [ -78.5394, 37.9725 ], [ -78.5396, 37.968 ], [ -78.5453, 37.9681 ] ] ] } },
{ "type": "Feature", "properties": { "factor_fine": 0.953 }, "geometry": { "type": "Polygon", "coordinates": [ [ [ -78.5225, 37.9676 ], [ -78.5224, 37.9721 ], [ -78.5167, 37.972 ], [ -78.5168, 37.9675 ], [ -78.5225, 37.9676 ] ] ] } },
{ "type": "Feature", "properties": { "factor_fine": 0.99 }, "geometry": { "type": "Polygon", "coordinates": [ [ [ -78.5168, 37.9675 ], [ -78.5167, 37.972 ], [ -78.511, 37.9719 ], [ -78.5111, 37.9674 ], [ -78.5168, 37.9675 ] ] ] } },
{ "type": "Feature", "properties": { "factor_fine": 1.022 }, "geometry": { "type": "Polygon", "coordinates": [ [ [ -78.5111, 37.9674 ], [ -78.511, 37.9719 ], [ -78.5053, 37.9718 ], [ -78.5054, 37.9673 ], [ -78.5111, 37.9674 ] ] ] } },
{ "type": "Feature", "properties": { "factor_fine": 1.044 }, "geometry": { "type": "Polygon", "coordinates": [ [ [ -78.5054, 37.9673 ], [ -78.5053, 37.9718 ], [ -78.4996, 37.9716 ], [ -78.4998, 37.9671 ], [ -78.5054, 37.9673 ] ] ] } },
{ "type": "Feature", "properties": { "factor_fine": 1.057 }, "geometry": { "type": "Polygon", "coordinates": [ [ [ -78.4998, 37.9671 ], [ -78.4996, 37.9716 ], [ -78.4939, 37.9715 ], [ -78.4941, 37.967 ], [ -78.4998, 37.9671 ] ] ] } },
{ "type": "Feature", "properties": { "factor_fine": 0.878 }, "geometry": { "type": "Polygon", "coordinates": [ [ [ -78.4145, 37.9653 ], [ -78.4143, 37.9698 ], [ -78.4086, 37.9697 ], [ -78.4088, 37.9652 ], [ -78.4145, 37.9653 ] ] ] } },
{ "type": "Feature", "properties": { "factor_fine": 0.892 }, "geometry": { "type": "Polygon", "coordinates": [ [ [ -78.4088, 37.9652 ], [ -78.4086, 37.9697 ], [ -78.4029, 37.9695 ], [ -78.4031, 37.965 ], [ -78.4088, 37.9652 ] ] ] } },
{ "type": "Feature", "properties": { "factor_fine": 0.889 }, "geometry": { "type": "Polygon", "coordinates": [ [ [ -78.4031, 37.965 ], [ -78.4029, 37.9695 ], [ -78.3972, 37.9694 ], [ -78.3974, 37.9649 ], [ -78.4031, 37.965 ] ] ] } },
{ "type": "Feature", "properties": { "factor_fine": 0.903 }, "geometry": { "type": "Polygon", "coordinates": [ [ [ -78.3974, 37.9649 ], [ -78.3972, 37.9694 ], [ -78.3915, 37.9693 ], [ -78.3917, 37.9648 ], [ -78.3974, 37.9649 ] ] ] } },
{ "type": "Feature", "properties": { "factor_fine": 0.959 }, "geometry": { "type": "Polygon", "coordinates": [ [ [ -78.3917, 37.9648 ], [ -78.3915, 37.9693 ], [ -78.3859, 37.9692 ], [ -78.386, 37.9647 ], [ -78.3917, 37.9648 ] ] ] } },
{ "type": "Feature", "properties": { "factor_fine": 1.015 }, "geometry": { "type": "Polygon", "coordinates": [ [ [ -78.386, 37.9647 ], [ -78.3859, 37.9692 ], [ -78.3802, 37.969 ], [ -78.3803, 37.9645 ], [ -78.386, 37.9647 ] ] ] } },
{ "type": "Feature", "properties": { "factor_fine": 1.042 }, "geometry": { "type": "Polygon", "coordinates": [ [ [ -78.3803, 37.9645 ], [ -78.3802, 37.969 ], [ -78.3745, 37.9689 ], [ -78.3746, 37.9644 ], [ -78.3803, 37.9645 ] ] ] } },
{ "type": "Feature", "properties": { "factor_fine": 1.047 }, "geometry": { "type": "Polygon", "coordinates": [ [ [ -78.3746, 37.9644 ], [ -78.3745, 37.9689 ], [ -78.3688, 37.9688 ], [ -78.369, 37.9643 ], [ -78.3746, 37.9644 ] ] ] } },
{ "type": "Feature", "properties": { "factor_fine": 0.822 }, "geometry": { "type": "Polygon", "coordinates": [ [ [ -78.6475, 37.9747 ], [ -78.6473, 37.9792 ], [ -78.6417, 37.9791 ], [ -78.6418, 37.9746 ], [ -78.6475, 37.9747 ] ] ] } },
{ "type": "Feature", "properties": { "factor_fine": 0.819 }, "geometry": { "type": "Polygon", "coordinates": [ [ [ -78.6418, 37.9746 ], [ -78.6417, 37.9791 ], [ -78.636, 37.979 ], [ -78.6361, 37.9745 ], [ -78.6418, 37.9746 ] ] ] } },
{ "type": "Feature", "properties": { "factor_fine": 0.825 }, "geometry": { "type": "Polygon", "coordinates": [ [ [ -78.6361, 37.9745 ], [ -78.636, 37.979 ], [ -78.6303, 37.9789 ], [ -78.6304, 37.9744 ], [ -78.6361, 37.9745 ] ] ] } },
{ "type": "Feature", "properties": { "factor_fine": 0.845 }, "geometry": { "type": "Polygon", "coordinates": [ [ [ -78.6304, 37.9744 ], [ -78.6303, 37.9789 ], [ -78.6246, 37.9787 ], [ -78.6247, 37.9742 ], [ -78.6304, 37.9744 ] ] ] } },
{ "type": "Feature", "properties": { "factor_fine": 0.877 }, "geometry": { "type": "Polygon", "coordinates": [ [ [ -78.6247, 37.9742 ], [ -78.6246, 37.9787 ], [ -78.6189, 37.9786 ], [ -78.619, 37.9741 ], [ -78.6247, 37.9742 ] ] ] } },
{ "type": "Feature", "properties": { "factor_fine": 0.778 }, "geometry": { "type": "Polygon", "coordinates": [ [ [ -78.5735, 37.9732 ], [ -78.5734, 37.9777 ], [ -78.5677, 37.9776 ], [ -78.5679, 37.9731 ], [ -78.5735, 37.9732 ] ] ] } },
{ "type": "Feature", "properties": { "factor_fine": 0.775 }, "geometry": { "type": "Polygon", "coordinates": [ [ [ -78.5679, 37.9731 ], [ -78.5677, 37.9776 ], [ -78.562, 37.9775 ], [ -78.5622, 37.973 ], [ -78.5679, 37.9731 ] ] ] } },
{ "type": "Feature", "properties": { "factor_fine": 0.768 }, "geometry": { "type": "Polygon", "coordinates": [ [ [ -78.5622, 37.973 ], [ -78.562, 37.9775 ], [ -78.5563, 37.9773 ], [ -78.5565, 37.9728 ], [ -78.5622, 37.973 ] ] ] } },
{ "type": "Feature", "properties": { "factor_fine": 0.771 }, "geometry": { "type": "Polygon", "coordinates": [ [ [ -78.5565, 37.9728 ], [ -78.5563, 37.9773 ], [ -78.5506, 37.9772 ], [ -78.5508, 37.9727 ], [ -78.5565, 37.9728 ] ] ] } },
{ "type": "Feature", "properties": { "factor_fine": 0.792 }, "geometry": { "type": "Polygon", "coordinates": [ [ [ -78.5508, 37.9727 ], [ -78.5506, 37.9772 ], [ -78.545, 37.9771 ], [ -78.5451, 37.9726 ], [ -78.5508, 37.9727 ] ] ] } },
{ "type": "Feature", "properties": { "factor_fine": 0.829 }, "geometry": { "type": "Polygon", "coordinates": [ [ [ -78.5451, 37.9726 ], [ -78.545, 37.9771 ], [ -78.5393, 37.977 ], [ -78.5394, 37.9725 ], [ -78.5451, 37.9726 ] ] ] } },
{ "type": "Feature", "properties": { "factor_fine": 0.878 }, "geometry": { "type": "Polygon", "coordinates": [ [ [ -78.5394, 37.9725 ], [ -78.5393, 37.977 ], [ -78.5336, 37.9769 ], [ -78.5337, 37.9724 ], [ -78.5394, 37.9725 ] ] ] } },
{ "type": "Feature", "properties": { "factor_fine": 0.933 }, "geometry": { "type": "Polygon", "coordinates": [ [ [ -78.5337, 37.9724 ], [ -78.5336, 37.9769 ], [ -78.5279, 37.9767 ], [ -78.528, 37.9722 ], [ -78.5337, 37.9724 ] ] ] } },
{ "type": "Feature", "properties": { "factor_fine": 0.99 }, "geometry": { "type": "Polygon", "coordinates": [ [ [ -78.528, 37.9722 ], [ -78.5279, 37.9767 ], [ -78.5222, 37.9766 ], [ -78.5224, 37.9721 ], [ -78.528, 37.9722 ] ] ] } },
{ "type": "Feature", "properties": { "factor_fine": 1.027 }, "geometry": { "type": "Polygon", "coordinates": [ [ [ -78.5224, 37.9721 ], [ -78.5222, 37.9766 ], [ -78.5165, 37.9765 ], [ -78.5167, 37.972 ], [ -78.5224, 37.9721 ] ] ] } },
{ "type": "Feature", "properties": { "factor_fine": 1.045 }, "geometry": { "type": "Polygon", "coordinates": [ [ [ -78.5167, 37.972 ], [ -78.5165, 37.9765 ], [ -78.5108, 37.9764 ], [ -78.511, 37.9719 ], [ -78.5167, 37.972 ] ] ] } },
{ "type": "Feature", "properties": { "factor_fine": 1.055 }, "geometry": { "type": "Polygon", "coordinates": [ [ [ -78.511, 37.9719 ], [ -78.5108, 37.9764 ], [ -78.5051, 37.9763 ], [ -78.5053, 37.9718 ], [ -78.511, 37.9719 ] ] ] } },
{ "type": "Feature", "properties": { "factor_fine": 1.061 }, "geometry": { "type": "Polygon", "coordinates": [ [ [ -78.5053, 37.9718 ], [ -78.5051, 37.9763 ], [ -78.4994, 37.9761 ], [ -78.4996, 37.9716 ], [ -78.5053, 37.9718 ] ] ] } },
{ "type": "Feature", "properties": { "factor_fine": 1.067 }, "geometry": { "type": "Polygon", "coordinates": [ [ [ -78.4996, 37.9716 ], [ -78.4994, 37.9761 ], [ -78.4938, 37.976 ], [ -78.4939, 37.9715 ], [ -78.4996, 37.9716 ] ] ] } },
{ "type": "Feature", "properties": { "factor_fine": 1.072 }, "geometry": { "type": "Polygon", "coordinates": [ [ [ -78.4939, 37.9715 ], [ -78.4938, 37.976 ], [ -78.4881, 37.9759 ], [ -78.4882, 37.9714 ], [ -78.4939, 37.9715 ] ] ] } },
{ "type": "Feature", "properties": { "factor_fine": 0.798 }, "geometry": { "type": "Polygon", "coordinates": [ [ [ -78.4257, 37.97 ], [ -78.4255, 37.9745 ], [ -78.4198, 37.9744 ], [ -78.42, 37.9699 ], [ -78.4257, 37.97 ] ] ] } },
{ "type": "Feature", "properties": { "factor_fine": 0.834 }, "geometry": { "type": "Polygon", "coordinates": [ [ [ -78.42, 37.9699 ], [ -78.4198, 37.9744 ], [ -78.4141, 37.9743 ], [ -78.4143, 37.9698 ], [ -78.42, 37.9699 ] ] ] } },
{ "type": "Feature", "properties": { "factor_fine": 0.867 }, "geometry": { "type": "Polygon", "coordinates": [ [ [ -78.4143, 37.9698 ], [ -78.4141, 37.9743 ], [ -78.4085, 37.9742 ], [ -78.4086, 37.9697 ], [ -78.4143, 37.9698 ] ] ] } },
{ "type": "Feature", "properties": { "factor_fine": 0.882 }, "geometry": { "type": "Polygon", "coordinates": [ [ [ -78.4086, 37.9697 ], [ -78.4085, 37.9742 ], [ -78.4028, 37.974 ], [ -78.4029, 37.9695 ], [ -78.4086, 37.9697 ] ] ] } },
{ "type": "Feature", "properties": { "factor_fine": 0.893 }, "geometry": { "type": "Polygon", "coordinates": [ [ [ -78.4029, 37.9695 ], [ -78.4028, 37.974 ], [ -78.3971, 37.9739 ], [ -78.3972, 37.9694 ], [ -78.4029, 37.9695 ] ] ] } },
{ "type": "Feature", "properties": { "factor_fine": 0.933 }, "geometry": { "type": "Polygon", "coordinates": [ [ [ -78.3972, 37.9694 ], [ -78.3971, 37.9739 ], [ -78.3914, 37.9738 ], [ -78.3915, 37.9693 ], [ -78.3972, 37.9694 ] ] ] } },
{ "type": "Feature", "properties": { "factor_fine": 0.992 }, "geometry": { "type": "Polygon", "coordinates": [ [ [ -78.3915, 37.9693 ], [ -78.3914, 37.9738 ], [ -78.3857, 37.9737 ], [ -78.3859, 37.9692 ], [ -78.3915, 37.9693 ] ] ] } },
{ "type": "Feature", "properties": { "factor_fine": 1.028 }, "geometry": { "type": "Polygon", "coordinates": [ [ [ -78.3859, 37.9692 ], [ -78.3857, 37.9737 ], [ -78.38, 37.9735 ], [ -78.3802, 37.969 ], [ -78.3859, 37.9692 ] ] ] } },
{ "type": "Feature", "properties": { "factor_fine": 1.043 }, "geometry": { "type": "Polygon", "coordinates": [ [ [ -78.3802, 37.969 ], [ -78.38, 37.9735 ], [ -78.3743, 37.9734 ], [ -78.3745, 37.9689 ], [ -78.3802, 37.969 ] ] ] } },
{ "type": "Feature", "properties": { "factor_fine": 1.046 }, "geometry": { "type": "Polygon", "coordinates": [ [ [ -78.3745, 37.9689 ], [ -78.3743, 37.9734 ], [ -78.3686, 37.9733 ], [ -78.3688, 37.9688 ], [ -78.3745, 37.9689 ] ] ] } },
{ "type": "Feature", "properties": { "factor_fine": 1.039 }, "geometry": { "type": "Polygon", "coordinates": [ [ [ -78.3688, 37.9688 ], [ -78.3686, 37.9733 ], [ -78.363, 37.9732 ], [ -78.3631, 37.9687 ], [ -78.3688, 37.9688 ] ] ] } },
{ "type": "Feature", "properties": { "factor_fine": 1.005 }, "geometry": { "type": "Polygon", "coordinates": [ [ [ -78.3631, 37.9687 ], [ -78.363, 37.9732 ], [ -78.3573, 37.973 ], [ -78.3574, 37.9685 ], [ -78.3631, 37.9687 ] ] ] } },
{ "type": "Feature", "properties": { "factor_fine": 0.931 }, "geometry": { "type": "Polygon", "coordinates": [ [ [ -78.3574, 37.9685 ], [ -78.3573, 37.973 ], [ -78.3516, 37.9729 ], [ -78.3517, 37.9684 ], [ -78.3574, 37.9685 ] ] ] } },
{ "type": "Feature", "properties": { "factor_fine": 0.893 }, "geometry": { "type": "Polygon", "coordinates": [ [ [ -78.3517, 37.9684 ], [ -78.3516, 37.9729 ], [ -78.3459, 37.9728 ], [ -78.3461, 37.9683 ], [ -78.3517, 37.9684 ] ] ] } },
{ "type": "Feature", "properties": { "factor_fine": 0.887 }, "geometry": { "type": "Polygon", "coordinates": [ [ [ -78.3461, 37.9683 ], [ -78.3459, 37.9728 ], [ -78.3402, 37.9726 ], [ -78.3404, 37.9681 ], [ -78.3461, 37.9683 ] ] ] } },
{ "type": "Feature", "properties": { "factor_fine": 0.823 }, "geometry": { "type": "Polygon", "coordinates": [ [ [ -78.6417, 37.9791 ], [ -78.6415, 37.9836 ], [ -78.6358, 37.9835 ], [ -78.636, 37.979 ], [ -78.6417, 37.9791 ] ] ] } },
{ "type": "Feature", "properties": { "factor_fine": 0.84 }, "geometry": { "type": "Polygon", "coordinates": [ [ [ -78.636, 37.979 ], [ -78.6358, 37.9835 ], [ -78.6301, 37.9834 ], [ -78.6303, 37.9789 ], [ -78.636, 37.979 ] ] ] } },
{ "type": "Feature", "properties": { "factor_fine": 0.868 }, "geometry": { "type": "Polygon", "coordinates": [ [ [ -78.6303, 37.9789 ], [ -78.6301, 37.9834 ], [ -78.6244, 37.9832 ], [ -78.6246, 37.9787 ], [ -78.6303, 37.9789 ] ] ] } },
{ "type": "Feature", "properties": { "factor_fine": 0.806 }, "geometry": { "type": "Polygon", "coordinates": [ [ [ -78.562, 37.9775 ], [ -78.5619, 37.982 ], [ -78.5562, 37.9818 ], [ -78.5563, 37.9773 ], [ -78.562, 37.9775 ] ] ] } },
{ "type": "Feature", "properties": { "factor_fine": 0.827 }, "geometry": { "type": "Polygon", "coordinates": [ [ [ -78.5563, 37.9773 ], [ -78.5562, 37.9818 ], [ -78.5505, 37.9817 ], [ -78.5506, 37.9772 ], [ -78.5563, 37.9773 ] ] ] } },
{ "type": "Feature", "properties": { "factor_fine": 0.862 }, "geometry": { "type": "Polygon", "coordinates": [ [ [ -78.5506, 37.9772 ], [ -78.5505, 37.9817 ], [ -78.5448, 37.9816 ], [ -78.545, 37.9771 ], [ -78.5506, 37.9772 ] ] ] } },
{ "type": "Feature", "properties": { "factor_fine": 0.9 }, "geometry": { "type": "Polygon", "coordinates": [ [ [ -78.545, 37.9771 ], [ -78.5448, 37.9816 ], [ -78.5391, 37.9815 ], [ -78.5393, 37.977 ], [ -78.545, 37.9771 ] ] ] } },
{ "type": "Feature", "properties": { "factor_fine": 0.935 }, "geometry": { "type": "Polygon", "coordinates": [ [ [ -78.5393, 37.977 ], [ -78.5391, 37.9815 ], [ -78.5334, 37.9814 ], [ -78.5336, 37.9769 ], [ -78.5393, 37.977 ] ] ] } },
{ "type": "Feature", "properties": { "factor_fine": 0.969 }, "geometry": { "type": "Polygon", "coordinates": [ [ [ -78.5336, 37.9769 ], [ -78.5334, 37.9814 ], [ -78.5277, 37.9812 ], [ -78.5279, 37.9767 ], [ -78.5336, 37.9769 ] ] ] } },
{ "type": "Feature", "properties": { "factor_fine": 1.009 }, "geometry": { "type": "Polygon", "coordinates": [ [ [ -78.5279, 37.9767 ], [ -78.5277, 37.9812 ], [ -78.522, 37.9811 ], [ -78.5222, 37.9766 ], [ -78.5279, 37.9767 ] ] ] } },
{ "type": "Feature", "properties": { "factor_fine": 1.038 }, "geometry": { "type": "Polygon", "coordinates": [ [ [ -78.5222, 37.9766 ], [ -78.522, 37.9811 ], [ -78.5164, 37.981 ], [ -78.5165, 37.9765 ], [ -78.5222, 37.9766 ] ] ] } },
{ "type": "Feature", "properties": { "factor_fine": 1.051 }, "geometry": { "type": "Polygon", "coordinates": [ [ [ -78.5165, 37.9765 ], [ -78.5164, 37.981 ], [ -78.5107, 37.9809 ], [ -78.5108, 37.9764 ], [ -78.5165, 37.9765 ] ] ] } },
{ "type": "Feature", "properties": { "factor_fine": 1.058 }, "geometry": { "type": "Polygon", "coordinates": [ [ [ -78.5108, 37.9764 ], [ -78.5107, 37.9809 ], [ -78.505, 37.9808 ], [ -78.5051, 37.9763 ], [ -78.5108, 37.9764 ] ] ] } },
{ "type": "Feature", "properties": { "factor_fine": 1.063 }, "geometry": { "type": "Polygon", "coordinates": [ [ [ -78.5051, 37.9763 ], [ -78.505, 37.9808 ], [ -78.4993, 37.9806 ], [ -78.4994, 37.9761 ], [ -78.5051, 37.9763 ] ] ] } },
{ "type": "Feature", "properties": { "factor_fine": 1.069 }, "geometry": { "type": "Polygon", "coordinates": [ [ [ -78.4994, 37.9761 ], [ -78.4993, 37.9806 ], [ -78.4936, 37.9805 ], [ -78.4938, 37.976 ], [ -78.4994, 37.9761 ] ] ] } },
{ "type": "Feature", "properties": { "factor_fine": 1.074 }, "geometry": { "type": "Polygon", "coordinates": [ [ [ -78.4938, 37.976 ], [ -78.4936, 37.9805 ], [ -78.4879, 37.9804 ], [ -78.4881, 37.9759 ], [ -78.4938, 37.976 ] ] ] } },
{ "type": "Feature", "properties": { "factor_fine": 1.08 }, "geometry": { "type": "Polygon", "coordinates": [ [ [ -78.4881, 37.9759 ], [ -78.4879, 37.9804 ], [ -78.4822, 37.9803 ], [ -78.4824, 37.9758 ], [ -78.4881, 37.9759 ] ] ] } },
{ "type": "Feature", "properties": { "factor_fine": 0.801 }, "geometry": { "type": "Polygon", "coordinates": [ [ [ -78.4312, 37.9747 ], [ -78.431, 37.9792 ], [ -78.4254, 37.979 ], [ -78.4255, 37.9745 ], [ -78.4312, 37.9747 ] ] ] } },
{ "type": "Feature", "properties": { "factor_fine": 0.816 }, "geometry": { "type": "Polygon", "coordinates": [ [ [ -78.4255, 37.9745 ], [ -78.4254, 37.979 ], [ -78.4197, 37.9789 ], [ -78.4198, 37.9744 ], [ -78.4255, 37.9745 ] ] ] } },
{ "type": "Feature", "properties": { "factor_fine": 0.84 }, "geometry": { "type": "Polygon", "coordinates": [ [ [ -78.4198, 37.9744 ], [ -78.4197, 37.9789 ], [ -78.414, 37.9788 ], [ -78.4141, 37.9743 ], [ -78.4198, 37.9744 ] ] ] } },
{ "type": "Feature", "properties": { "factor_fine": 0.86 }, "geometry": { "type": "Polygon", "coordinates": [ [ [ -78.4141, 37.9743 ], [ -78.414, 37.9788 ], [ -78.4083, 37.9787 ], [ -78.4085, 37.9742 ], [ -78.4141, 37.9743 ] ] ] } },
{ "type": "Feature", "properties": { "factor_fine": 0.871 }, "geometry": { "type": "Polygon", "coordinates": [ [ [ -78.4085, 37.9742 ], [ -78.4083, 37.9787 ], [ -78.4026, 37.9785 ], [ -78.4028, 37.974 ], [ -78.4085, 37.9742 ] ] ] } },
{ "type": "Feature", "properties": { "factor_fine": 0.896 }, "geometry": { "type": "Polygon", "coordinates": [ [ [ -78.4028, 37.974 ], [ -78.4026, 37.9785 ], [ -78.3969, 37.9784 ], [ -78.3971, 37.9739 ], [ -78.4028, 37.974 ] ] ] } },
{ "type": "Feature", "properties": { "factor_fine": 0.952 }, "geometry": { "type": "Polygon", "coordinates": [ [ [ -78.3971, 37.9739 ], [ -78.3969, 37.9784 ], [ -78.3912, 37.9783 ], [ -78.3914, 37.9738 ], [ -78.3971, 37.9739 ] ] ] } },
{ "type": "Feature", "properties": { "factor_fine": 1.0 }, "geometry": { "type": "Polygon", "coordinates": [ [ [ -78.3914, 37.9738 ], [ -78.3912, 37.9783 ], [ -78.3855, 37.9782 ], [ -78.3857, 37.9737 ], [ -78.3914, 37.9738 ] ] ] } },
{ "type": "Feature", "properties": { "factor_fine": 1.025 }, "geometry": { "type": "Polygon", "coordinates": [ [ [ -78.3857, 37.9737 ], [ -78.3855, 37.9782 ], [ -78.3799, 37.978 ], [ -78.38, 37.9735 ], [ -78.3857, 37.9737 ] ] ] } },
{ "type": "Feature", "properties": { "factor_fine": 1.035 }, "geometry": { "type": "Polygon", "coordinates": [ [ [ -78.38, 37.9735 ], [ -78.3799, 37.978 ], [ -78.3742, 37.9779 ], [ -78.3743, 37.9734 ], [ -78.38, 37.9735 ] ] ] } },
{ "type": "Feature", "properties": { "factor_fine": 1.038 }, "geometry": { "type": "Polygon", "coordinates": [ [ [ -78.3743, 37.9734 ], [ -78.3742, 37.9779 ], [ -78.3685, 37.9778 ], [ -78.3686, 37.9733 ], [ -78.3743, 37.9734 ] ] ] } },
{ "type": "Feature", "properties": { "factor_fine": 1.035 }, "geometry": { "type": "Polygon", "coordinates": [ [ [ -78.3686, 37.9733 ], [ -78.3685, 37.9778 ], [ -78.3628, 37.9777 ], [ -78.363, 37.9732 ], [ -78.3686, 37.9733 ] ] ] } },
{ "type": "Feature", "properties": { "factor_fine": 1.014 }, "geometry": { "type": "Polygon", "coordinates": [ [ [ -78.363, 37.9732 ], [ -78.3628, 37.9777 ], [ -78.3571, 37.9775 ], [ -78.3573, 37.973 ], [ -78.363, 37.9732 ] ] ] } },
{ "type": "Feature", "properties": { "factor_fine": 0.953 }, "geometry": { "type": "Polygon", "coordinates": [ [ [ -78.3573, 37.973 ], [ -78.3571, 37.9775 ], [ -78.3514, 37.9774 ], [ -78.3516, 37.9729 ], [ -78.3573, 37.973 ] ] ] } },
{ "type": "Feature", "properties": { "factor_fine": 0.904 }, "geometry": { "type": "Polygon", "coordinates": [ [ [ -78.3516, 37.9729 ], [ -78.3514, 37.9774 ], [ -78.3457, 37.9773 ], [ -78.3459, 37.9728 ], [ -78.3516, 37.9729 ] ] ] } },
{ "type": "Feature", "properties": { "factor_fine": 0.894 }, "geometry": { "type": "Polygon", "coordinates": [ [ [ -78.3459, 37.9728 ], [ -78.3457, 37.9773 ], [ -78.34, 37.9771 ], [ -78.3402, 37.9726 ], [ -78.3459, 37.9728 ] ] ] } },
{ "type": "Feature", "properties": { "factor_fine": 0.888 }, "geometry": { "type": "Polygon", "coordinates": [ [ [ -78.3402, 37.9726 ], [ -78.34, 37.9771 ], [ -78.3344, 37.977 ], [ -78.3345, 37.9725 ], [ -78.3402, 37.9726 ] ] ] } },
{ "type": "Feature", "properties": { "factor_fine": 0.871 }, "geometry": { "type": "Polygon", "coordinates": [ [ [ -78.5619, 37.982 ], [ -78.5617, 37.9865 ], [ -78.556, 37.9863 ], [ -78.5562, 37.9818 ], [ -78.5619, 37.982 ] ] ] } },
{ "type": "Feature", "properties": { "factor_fine": 0.894 }, "geometry": { "type": "Polygon", "coordinates": [ [ [ -78.5562, 37.9818 ], [ -78.556, 37.9863 ], [ -78.5503, 37.9862 ], [ -78.5505, 37.9817 ], [ -78.5562, 37.9818 ] ] ] } },
{ "type": "Feature", "properties": { "factor_fine": 0.922 }, "geometry": { "type": "Polygon", "coordinates": [ [ [ -78.5505, 37.9817 ], [ -78.5503, 37.9862 ], [ -78.5447, 37.9861 ], [ -78.5448, 37.9816 ], [ -78.5505, 37.9817 ] ] ] } },
{ "type": "Feature", "properties": { "factor_fine": 0.947 }, "geometry": { "type": "Polygon", "coordinates": [ [ [ -78.5448, 37.9816 ], [ -78.5447, 37.9861 ], [ -78.539, 37.986 ], [ -78.5391, 37.9815 ], [ -78.5448, 37.9816 ] ] ] } },
{ "type": "Feature", "properties": { "factor_fine": 0.966 }, "geometry": { "type": "Polygon", "coordinates": [ [ [ -78.5391, 37.9815 ], [ -78.539, 37.986 ], [ -78.5333, 37.9859 ], [ -78.5334, 37.9814 ], [ -78.5391, 37.9815 ] ] ] } },
{ "type": "Feature", "properties": { "factor_fine": 0.982 }, "geometry": { "type": "Polygon", "coordinates": [ [ [ -78.5334, 37.9814 ], [ -78.5333, 37.9859 ], [ -78.5276, 37.9857 ], [ -78.5277, 37.9812 ], [ -78.5334, 37.9814 ] ] ] } },
{ "type": "Feature", "properties": { "factor_fine": 1.007 }, "geometry": { "type": "Polygon", "coordinates": [ [ [ -78.5277, 37.9812 ], [ -78.5276, 37.9857 ], [ -78.5219, 37.9856 ], [ -78.522, 37.9811 ], [ -78.5277, 37.9812 ] ] ] } },
{ "type": "Feature", "properties": { "factor_fine": 1.033 }, "geometry": { "type": "Polygon", "coordinates": [ [ [ -78.522, 37.9811 ], [ -78.5219, 37.9856 ], [ -78.5162, 37.9855 ], [ -78.5164, 37.981 ], [ -78.522, 37.9811 ] ] ] } },
{ "type": "Feature", "properties": { "factor_fine": 1.049 }, "geometry": { "type": "Polygon", "coordinates": [ [ [ -78.5164, 37.981 ], [ -78.5162, 37.9855 ], [ -78.5105, 37.9854 ], [ -78.5107, 37.9809 ], [ -78.5164, 37.981 ] ] ] } },
{ "type": "Feature", "properties": { "factor_fine": 1.057 }, "geometry": { "type": "Polygon", "coordinates": [ [ [ -78.5107, 37.9809 ], [ -78.5105, 37.9854 ], [ -78.5048, 37.9853 ], [ -78.505, 37.9808 ], [ -78.5107, 37.9809 ] ] ] } },
{ "type": "Feature", "properties": { "factor_fine": 1.063 }, "geometry": { "type": "Polygon", "coordinates": [ [ [ -78.505, 37.9808 ], [ -78.5048, 37.9853 ], [ -78.4991, 37.9851 ], [ -78.4993, 37.9806 ], [ -78.505, 37.9808 ] ] ] } },
{ "type": "Feature", "properties": { "factor_fine": 1.07 }, "geometry": { "type": "Polygon", "coordinates": [ [ [ -78.4993, 37.9806 ], [ -78.4991, 37.9851 ], [ -78.4935, 37.985 ], [ -78.4936, 37.9805 ], [ -78.4993, 37.9806 ] ] ] } },
{ "type": "Feature", "properties": { "factor_fine": 1.076 }, "geometry": { "type": "Polygon", "coordinates": [ [ [ -78.4936, 37.9805 ], [ -78.4935, 37.985 ], [ -78.4878, 37.9849 ], [ -78.4879, 37.9804 ], [ -78.4936, 37.9805 ] ] ] } },
{ "type": "Feature", "properties": { "factor_fine": 1.082 }, "geometry": { "type": "Polygon", "coordinates": [ [ [ -78.4879, 37.9804 ], [ -78.4878, 37.9849 ], [ -78.4821, 37.9848 ], [ -78.4822, 37.9803 ], [ -78.4879, 37.9804 ] ] ] } },
{ "type": "Feature", "properties": { "factor_fine": 1.084 }, "geometry": { "type": "Polygon", "coordinates": [ [ [ -78.4822, 37.9803 ], [ -78.4821, 37.9848 ], [ -78.4764, 37.9847 ], [ -78.4765, 37.9802 ], [ -78.4822, 37.9803 ] ] ] } },
{ "type": "Feature", "properties": { "factor_fine": 0.827 }, "geometry": { "type": "Polygon", "coordinates": [ [ [ -78.431, 37.9792 ], [ -78.4309, 37.9837 ], [ -78.4252, 37.9836 ], [ -78.4254, 37.979 ], [ -78.431, 37.9792 ] ] ] } },
{ "type": "Feature", "properties": { "factor_fine": 0.842 }, "geometry": { "type": "Polygon", "coordinates": [ [ [ -78.4254, 37.979 ], [ -78.4252, 37.9836 ], [ -78.4195, 37.9834 ], [ -78.4197, 37.9789 ], [ -78.4254, 37.979 ] ] ] } },
{ "type": "Feature", "properties": { "factor_fine": 0.858 }, "geometry": { "type": "Polygon", "coordinates": [ [ [ -78.4197, 37.9789 ], [ -78.4195, 37.9834 ], [ -78.4138, 37.9833 ], [ -78.414, 37.9788 ], [ -78.4197, 37.9789 ] ] ] } },
{ "type": "Feature", "properties": { "factor_fine": 0.867 }, "geometry": { "type": "Polygon", "coordinates": [ [ [ -78.414, 37.9788 ], [ -78.4138, 37.9833 ], [ -78.4081, 37.9832 ], [ -78.4083, 37.9787 ], [ -78.414, 37.9788 ] ] ] } },
{ "type": "Feature", "properties": { "factor_fine": 0.875 }, "geometry": { "type": "Polygon", "coordinates": [ [ [ -78.4083, 37.9787 ], [ -78.4081, 37.9832 ], [ -78.4024, 37.983 ], [ -78.4026, 37.9785 ], [ -78.4083, 37.9787 ] ] ] } },
{ "type": "Feature", "properties": { "factor_fine": 0.906 }, "geometry": { "type": "Polygon", "coordinates": [ [ [ -78.4026, 37.9785 ], [ -78.4024, 37.983 ], [ -78.3968, 37.9829 ], [ -78.3969, 37.9784 ], [ -78.4026, 37.9785 ] ] ] } },
{ "type": "Feature", "properties": { "factor_fine": 0.957 }, "geometry": { "type": "Polygon", "coordinates": [ [ [ -78.3969, 37.9784 ], [ -78.3968, 37.9829 ], [ -78.3911, 37.9828 ], [ -78.3912, 37.9783 ], [ -78.3969, 37.9784 ] ] ] } },
{ "type": "Feature", "properties": { "factor_fine": 0.992 }, "geometry": { "type": "Polygon", "coordinates": [ [ [ -78.3912, 37.9783 ], [ -78.3911, 37.9828 ], [ -78.3854, 37.9827 ], [ -78.3855, 37.9782 ], [ -78.3912, 37.9783 ] ] ] } },
{ "type": "Feature", "properties": { "factor_fine": 1.009 }, "geometry": { "type": "Polygon", "coordinates": [ [ [ -78.3855, 37.9782 ], [ -78.3854, 37.9827 ], [ -78.3797, 37.9825 ], [ -78.3799, 37.978 ], [ -78.3855, 37.9782 ] ] ] } },
{ "type": "Feature", "properties": { "factor_fine": 1.018 }, "geometry": { "type": "Polygon", "coordinates": [ [ [ -78.3799, 37.978 ], [ -78.3797, 37.9825 ], [ -78.374, 37.9824 ], [ -78.3742, 37.9779 ], [ -78.3799, 37.978 ] ] ] } },
{ "type": "Feature", "properties": { "factor_fine": 1.022 }, "geometry": { "type": "Polygon", "coordinates": [ [ [ -78.3742, 37.9779 ], [ -78.374, 37.9824 ], [ -78.3683, 37.9823 ], [ -78.3685, 37.9778 ], [ -78.3742, 37.9779 ] ] ] } },
{ "type": "Feature", "properties": { "factor_fine": 1.021 }, "geometry": { "type": "Polygon", "coordinates": [ [ [ -78.3685, 37.9778 ], [ -78.3683, 37.9823 ], [ -78.3626, 37.9822 ], [ -78.3628, 37.9777 ], [ -78.3685, 37.9778 ] ] ] } },
{ "type": "Feature", "properties": { "factor_fine": 1.009 }, "geometry": { "type": "Polygon", "coordinates": [ [ [ -78.3628, 37.9777 ], [ -78.3626, 37.9822 ], [ -78.3569, 37.982 ], [ -78.3571, 37.9775 ], [ -78.3628, 37.9777 ] ] ] } },
{ "type": "Feature", "properties": { "factor_fine": 0.968 }, "geometry": { "type": "Polygon", "coordinates": [ [ [ -78.3571, 37.9775 ], [ -78.3569, 37.982 ], [ -78.3513, 37.9819 ], [ -78.3514, 37.9774 ], [ -78.3571, 37.9775 ] ] ] } },
{ "type": "Feature", "properties": { "factor_fine": 0.916 }, "geometry": { "type": "Polygon", "coordinates": [ [ [ -78.3514, 37.9774 ], [ -78.3513, 37.9819 ], [ -78.3456, 37.9818 ], [ -78.3457, 37.9773 ], [ -78.3514, 37.9774 ] ] ] } },
{ "type": "Feature", "properties": { "factor_fine": 0.899 }, "geometry": { "type": "Polygon", "coordinates": [ [ [ -78.3457, 37.9773 ], [ -78.3456, 37.9818 ], [ -78.3399, 37.9817 ], [ -78.34, 37.9771 ], [ -78.3457, 37.9773 ] ] ] } },
{ "type": "Feature", "properties": { "factor_fine": 0.889 }, "geometry": { "type": "Polygon", "coordinates": [ [ [ -78.34, 37.9771 ], [ -78.3399, 37.9817 ], [ -78.3342, 37.9815 ], [ -78.3344, 37.977 ], [ -78.34, 37.9771 ] ] ] } },
{ "type": "Feature", "properties": { "factor_fine": 0.877 }, "geometry": { "type": "Polygon", "coordinates": [ [ [ -78.3344, 37.977 ], [ -78.3342, 37.9815 ], [ -78.3285, 37.9814 ], [ -78.3287, 37.9769 ], [ -78.3344, 37.977 ] ] ] } },
{ "type": "Feature", "properties": { "factor_fine": 0.781 }, "geometry": { "type": "Polygon", "coordinates": [ [ [ -78.8007, 37.9912 ], [ -78.8005, 37.9957 ], [ -78.7948, 37.9956 ], [ -78.795, 37.9911 ], [ -78.8007, 37.9912 ] ] ] } },
{ "type": "Feature", "properties": { "factor_fine": 0.801 }, "geometry": { "type": "Polygon", "coordinates": [ [ [ -78.795, 37.9911 ], [ -78.7948, 37.9956 ], [ -78.7892, 37.9955 ], [ -78.7893, 37.991 ], [ -78.795, 37.9911 ] ] ] } },
{ "type": "Feature", "properties": { "factor_fine": 0.821 }, "geometry": { "type": "Polygon", "coordinates": [ [ [ -78.7893, 37.991 ], [ -78.7892, 37.9955 ], [ -78.7835, 37.9954 ], [ -78.7836, 37.9909 ], [ -78.7893, 37.991 ] ] ] } },
{ "type": "Feature", "properties": { "factor_fine": 0.896 }, "geometry": { "type": "Polygon", "coordinates": [ [ [ -78.7324, 37.9899 ], [ -78.7323, 37.9944 ], [ -78.7266, 37.9943 ], [ -78.7267, 37.9898 ], [ -78.7324, 37.9899 ] ] ] } },
{ "type": "Feature", "properties": { "factor_fine": 0.912 }, "geometry": { "type": "Polygon", "coordinates": [ [ [ -78.7267, 37.9898 ], [ -78.7266, 37.9943 ], [ -78.7209, 37.9942 ], [ -78.721, 37.9897 ], [ -78.7267, 37.9898 ] ] ] } },
{ "type": "Feature", "properties": { "factor_fine": 0.903 }, "geometry": { "type": "Polygon", "coordinates": [ [ [ -78.721, 37.9897 ], [ -78.7209, 37.9942 ], [ -78.7152, 37.9941 ], [ -78.7153, 37.9895 ], [ -78.721, 37.9897 ] ] ] } },
{ "type": "Feature", "properties": { "factor_fine": 0.878 }, "geometry": { "type": "Polygon", "coordinates": [ [ [ -78.7153, 37.9895 ], [ -78.7152, 37.9941 ], [ -78.7095, 37.9939 ], [ -78.7096, 37.9894 ], [ -78.7153, 37.9895 ] ] ] } },
{ "type": "Feature", "properties": { "factor_fine": 0.749 }, "geometry": { "type": "Polygon", "coordinates": [ [ [ -78.5845, 37.9869 ], [ -78.5843, 37.9914 ], [ -78.5786, 37.9913 ], [ -78.5788, 37.9868 ], [ -78.5845, 37.9869 ] ] ] } },
{ "type": "Feature", "properties": { "factor_fine": 0.923 }, "geometry": { "type": "Polygon", "coordinates": [ [ [ -78.5617, 37.9865 ], [ -78.5616, 37.991 ], [ -78.5559, 37.9908 ], [ -78.556, 37.9863 ], [ -78.5617, 37.9865 ] ] ] } },
{ "type": "Feature", "properties": { "factor_fine": 0.94 }, "geometry": { "type": "Polygon", "coordinates": [ [ [ -78.556, 37.9863 ], [ -78.5559, 37.9908 ], [ -78.5502, 37.9907 ], [ -78.5503, 37.9862 ], [ -78.556, 37.9863 ] ] ] } },
{ "type": "Feature", "properties": { "factor_fine": 0.958 }, "geometry": { "type": "Polygon", "coordinates": [ [ [ -78.5503, 37.9862 ], [ -78.5502, 37.9907 ], [ -78.5445, 37.9906 ], [ -78.5447, 37.9861 ], [ -78.5503, 37.9862 ] ] ] } },
{ "type": "Feature", "properties": { "factor_fine": 0.973 }, "geometry": { "type": "Polygon", "coordinates": [ [ [ -78.5447, 37.9861 ], [ -78.5445, 37.9906 ], [ -78.5388, 37.9905 ], [ -78.539, 37.986 ], [ -78.5447, 37.9861 ] ] ] } },
{ "type": "Feature", "properties": { "factor_fine": 0.982 }, "geometry": { "type": "Polygon", "coordinates": [ [ [ -78.539, 37.986 ], [ -78.5388, 37.9905 ], [ -78.5331, 37.9904 ], [ -78.5333, 37.9859 ], [ -78.539, 37.986 ] ] ] } },
{ "type": "Feature", "properties": { "factor_fine": 0.989 }, "geometry": { "type": "Polygon", "coordinates": [ [ [ -78.5333, 37.9859 ], [ -78.5331, 37.9904 ], [ -78.5274, 37.9903 ], [ -78.5276, 37.9857 ], [ -78.5333, 37.9859 ] ] ] } },
{ "type": "Feature", "properties": { "factor_fine": 1.004 }, "geometry": { "type": "Polygon", "coordinates": [ [ [ -78.5276, 37.9857 ], [ -78.5274, 37.9903 ], [ -78.5217, 37.9901 ], [ -78.5219, 37.9856 ], [ -78.5276, 37.9857 ] ] ] } },
{ "type": "Feature", "properties": { "factor_fine": 1.027 }, "geometry": { "type": "Polygon", "coordinates": [ [ [ -78.5219, 37.9856 ], [ -78.5217, 37.9901 ], [ -78.5161, 37.99 ], [ -78.5162, 37.9855 ], [ -78.5219, 37.9856 ] ] ] } },
{ "type": "Feature", "properties": { "factor_fine": 1.045 }, "geometry": { "type": "Polygon", "coordinates": [ [ [ -78.5162, 37.9855 ], [ -78.5161, 37.99 ], [ -78.5104, 37.9899 ], [ -78.5105, 37.9854 ], [ -78.5162, 37.9855 ] ] ] } },
{ "type": "Feature", "properties": { "factor_fine": 1.055 }, "geometry": { "type": "Polygon", "coordinates": [ [ [ -78.5105, 37.9854 ], [ -78.5104, 37.9899 ], [ -78.5047, 37.9898 ], [ -78.5048, 37.9853 ], [ -78.5105, 37.9854 ] ] ] } },
{ "type": "Feature", "properties": { "factor_fine": 1.063 }, "geometry": { "type": "Polygon", "coordinates": [ [ [ -78.5048, 37.9853 ], [ -78.5047, 37.9898 ], [ -78.499, 37.9896 ], [ -78.4991, 37.9851 ], [ -78.5048, 37.9853 ] ] ] } },
{ "type": "Feature", "properties": { "factor_fine": 1.069 }, "geometry": { "type": "Polygon", "coordinates": [ [ [ -78.4991, 37.9851 ], [ -78.499, 37.9896 ], [ -78.4933, 37.9895 ], [ -78.4935, 37.985 ], [ -78.4991, 37.9851 ] ] ] } },
{ "type": "Feature", "properties": { "factor_fine": 1.076 }, "geometry": { "type": "Polygon", "coordinates": [ [ [ -78.4935, 37.985 ], [ -78.4933, 37.9895 ], [ -78.4876, 37.9894 ], [ -78.4878, 37.9849 ], [ -78.4935, 37.985 ] ] ] } },
{ "type": "Feature", "properties": { "factor_fine": 1.081 }, "geometry": { "type": "Polygon", "coordinates": [ [ [ -78.4878, 37.9849 ], [ -78.4876, 37.9894 ], [ -78.4819, 37.9893 ], [ -78.4821, 37.9848 ], [ -78.4878, 37.9849 ] ] ] } },
{ "type": "Feature", "properties": { "factor_fine": 1.083 }, "geometry": { "type": "Polygon", "coordinates": [ [ [ -78.4821, 37.9848 ], [ -78.4819, 37.9893 ], [ -78.4762, 37.9892 ], [ -78.4764, 37.9847 ], [ -78.4821, 37.9848 ] ] ] } },
{ "type": "Feature", "properties": { "factor_fine": 1.076 }, "geometry": { "type": "Polygon", "coordinates": [ [ [ -78.4764, 37.9847 ], [ -78.4762, 37.9892 ], [ -78.4705, 37.989 ], [ -78.4707, 37.9845 ], [ -78.4764, 37.9847 ] ] ] } },
{ "type": "Feature", "properties": { "factor_fine": 0.828 }, "geometry": { "type": "Polygon", "coordinates": [ [ [ -78.4366, 37.9838 ], [ -78.4364, 37.9883 ], [ -78.4307, 37.9882 ], [ -78.4309, 37.9837 ], [ -78.4366, 37.9838 ] ] ] } },
{ "type": "Feature", "properties": { "factor_fine": 0.844 }, "geometry": { "type": "Polygon", "coordinates": [ [ [ -78.4309, 37.9837 ], [ -78.4307, 37.9882 ], [ -78.425, 37.9881 ], [ -78.4252, 37.9836 ], [ -78.4309, 37.9837 ] ] ] } },
{ "type": "Feature", "properties": { "factor_fine": 0.865 }, "geometry": { "type": "Polygon", "coordinates": [ [ [ -78.4252, 37.9836 ], [ -78.425, 37.9881 ], [ -78.4194, 37.9879 ], [ -78.4195, 37.9834 ], [ -78.4252, 37.9836 ] ] ] } },
{ "type": "Feature", "properties": { "factor_fine": 0.879 }, "geometry": { "type": "Polygon", "coordinates": [ [ [ -78.4195, 37.9834 ], [ -78.4194, 37.9879 ], [ -78.4137, 37.9878 ], [ -78.4138, 37.9833 ], [ -78.4195, 37.9834 ] ] ] } },
{ "type": "Feature", "properties": { "factor_fine": 0.886 }, "geometry": { "type": "Polygon", "coordinates": [ [ [ -78.4138, 37.9833 ], [ -78.4137, 37.9878 ], [ -78.408, 37.9877 ], [ -78.4081, 37.9832 ], [ -78.4138, 37.9833 ] ] ] } },
{ "type": "Feature", "properties": { "factor_fine": 0.894 }, "geometry": { "type": "Polygon", "coordinates": [ [ [ -78.4081, 37.9832 ], [ -78.408, 37.9877 ], [ -78.4023, 37.9876 ], [ -78.4024, 37.983 ], [ -78.4081, 37.9832 ] ] ] } },
{ "type": "Feature", "properties": { "factor_fine": 0.92 }, "geometry": { "type": "Polygon", "coordinates": [ [ [ -78.4024, 37.983 ], [ -78.4023, 37.9876 ], [ -78.3966, 37.9874 ], [ -78.3968, 37.9829 ], [ -78.4024, 37.983 ] ] ] } },
{ "type": "Feature", "properties": { "factor_fine": 0.953 }, "geometry": { "type": "Polygon", "coordinates": [ [ [ -78.3968, 37.9829 ], [ -78.3966, 37.9874 ], [ -78.3909, 37.9873 ], [ -78.3911, 37.9828 ], [ -78.3968, 37.9829 ] ] ] } },
{ "type": "Feature", "properties": { "factor_fine": 0.973 }, "geometry": { "type": "Polygon", "coordinates": [ [ [ -78.3911, 37.9828 ], [ -78.3909, 37.9873 ], [ -78.3852, 37.9872 ], [ -78.3854, 37.9827 ], [ -78.3911, 37.9828 ] ] ] } },
{ "type": "Feature", "properties": { "factor_fine": 0.984 }, "geometry": { "type": "Polygon", "coordinates": [ [ [ -78.3854, 37.9827 ], [ -78.3852, 37.9872 ], [ -78.3795, 37.987 ], [ -78.3797, 37.9825 ], [ -78.3854, 37.9827 ] ] ] } },
{ "type": "Feature", "properties": { "factor_fine": 0.992 }, "geometry": { "type": "Polygon", "coordinates": [ [ [ -78.3797, 37.9825 ], [ -78.3795, 37.987 ], [ -78.3738, 37.9869 ], [ -78.374, 37.9824 ], [ -78.3797, 37.9825 ] ] ] } },
{ "type": "Feature", "properties": { "factor_fine": 0.996 }, "geometry": { "type": "Polygon", "coordinates": [ [ [ -78.374, 37.9824 ], [ -78.3738, 37.9869 ], [ -78.3682, 37.9868 ], [ -78.3683, 37.9823 ], [ -78.374, 37.9824 ] ] ] } },
{ "type": "Feature", "properties": { "factor_fine": 0.997 }, "geometry": { "type": "Polygon", "coordinates": [ [ [ -78.3683, 37.9823 ], [ -78.3682, 37.9868 ], [ -78.3625, 37.9867 ], [ -78.3626, 37.9822 ], [ -78.3683, 37.9823 ] ] ] } },
{ "type": "Feature", "properties": { "factor_fine": 0.991 }, "geometry": { "type": "Polygon", "coordinates": [ [ [ -78.3626, 37.9822 ], [ -78.3625, 37.9867 ], [ -78.3568, 37.9865 ], [ -78.3569, 37.982 ], [ -78.3626, 37.9822 ] ] ] } },
{ "type": "Feature", "properties": { "factor_fine": 0.966 }, "geometry": { "type": "Polygon", "coordinates": [ [ [ -78.3569, 37.982 ], [ -78.3568, 37.9865 ], [ -78.3511, 37.9864 ], [ -78.3513, 37.9819 ], [ -78.3569, 37.982 ] ] ] } },
{ "type": "Feature", "properties": { "factor_fine": 0.921 }, "geometry": { "type": "Polygon", "coordinates": [ [ [ -78.3513, 37.9819 ], [ -78.3511, 37.9864 ], [ -78.3454, 37.9863 ], [ -78.3456, 37.9818 ], [ -78.3513, 37.9819 ] ] ] } },
{ "type": "Feature", "properties": { "factor_fine": 0.897 }, "geometry": { "type": "Polygon", "coordinates": [ [ [ -78.3456, 37.9818 ], [ -78.3454, 37.9863 ], [ -78.3397, 37.9862 ], [ -78.3399, 37.9817 ], [ -78.3456, 37.9818 ] ] ] } },
{ "type": "Feature", "properties": { "factor_fine": 0.884 }, "geometry": { "type": "Polygon", "coordinates": [ [ [ -78.3399, 37.9817 ], [ -78.3397, 37.9862 ], [ -78.334, 37.986 ], [ -78.3342, 37.9815 ], [ -78.3399, 37.9817 ] ] ] } },
{ "type": "Feature", "properties": { "factor_fine": 0.872 }, "geometry": { "type": "Polygon", "coordinates": [ [ [ -78.3342, 37.9815 ], [ -78.334, 37.986 ], [ -78.3283, 37.9859 ], [ -78.3285, 37.9814 ], [ -78.3342, 37.9815 ] ] ] } },
{ "type": "Feature", "properties": { "factor_fine": 0.768 }, "geometry": { "type": "Polygon", "coordinates": [ [ [ -78.8005, 37.9957 ], [ -78.8004, 38.0002 ], [ -78.7947, 38.0001 ], [ -78.7948, 37.9956 ], [ -78.8005, 37.9957 ] ] ] } },
{ "type": "Feature", "properties": { "factor_fine": 0.795 }, "geometry": { "type": "Polygon", "coordinates": [ [ [ -78.7948, 37.9956 ], [ -78.7947, 38.0001 ], [ -78.789, 38.0 ], [ -78.7892, 37.9955 ], [ -78.7948, 37.9956 ] ] ] } },
{ "type": "Feature", "properties": { "factor_fine": 0.921 }, "geometry": { "type": "Polygon", "coordinates": [ [ [ -78.7323, 37.9944 ], [ -78.7321, 37.9989 ], [ -78.7264, 37.9988 ], [ -78.7266, 37.9943 ], [ -78.7323, 37.9944 ] ] ] } },
{ "type": "Feature", "properties": { "factor_fine": 0.923 }, "geometry": { "type": "Polygon", "coordinates": [ [ [ -78.7266, 37.9943 ], [ -78.7264, 37.9988 ], [ -78.7207, 37.9987 ], [ -78.7209, 37.9942 ], [ -78.7266, 37.9943 ] ] ] } },
{ "type": "Feature", "properties": { "factor_fine": 0.906 }, "geometry": { "type": "Polygon", "coordinates": [ [ [ -78.7209, 37.9942 ], [ -78.7207, 37.9987 ], [ -78.715, 37.9986 ], [ -78.7152, 37.9941 ], [ -78.7209, 37.9942 ] ] ] } },
{ "type": "Feature", "properties": { "factor_fine": 0.875 }, "geometry": { "type": "Polygon", "coordinates": [ [ [ -78.7152, 37.9941 ], [ -78.715, 37.9986 ], [ -78.7094, 37.9984 ], [ -78.7095, 37.9939 ], [ -78.7152, 37.9941 ] ] ] } },
{ "type": "Feature", "properties": { "factor_fine": 0.753 }, "geometry": { "type": "Polygon", "coordinates": [ [ [ -78.5843, 37.9914 ], [ -78.5842, 37.9959 ], [ -78.5785, 37.9958 ], [ -78.5786, 37.9913 ], [ -78.5843, 37.9914 ] ] ] } },
{ "type": "Feature", "properties": { "factor_fine": 0.808 }, "geometry": { "type": "Polygon", "coordinates": [ [ [ -78.5786, 37.9913 ], [ -78.5785, 37.9958 ], [ -78.5728, 37.9957 ], [ -78.5729, 37.9912 ], [ -78.5786, 37.9913 ] ] ] } },
{ "type": "Feature", "properties": { "factor_fine": 0.949 }, "geometry": { "type": "Polygon", "coordinates": [ [ [ -78.5616, 37.991 ], [ -78.5614, 37.9955 ], [ -78.5557, 37.9953 ], [ -78.5559, 37.9908 ], [ -78.5616, 37.991 ] ] ] } },
{ "type": "Feature", "properties": { "factor_fine": 0.967 }, "geometry": { "type": "Polygon", "coordinates": [ [ [ -78.5559, 37.9908 ], [ -78.5557, 37.9953 ], [ -78.55, 37.9952 ], [ -78.5502, 37.9907 ], [ -78.5559, 37.9908 ] ] ] } },
{ "type": "Feature", "properties": { "factor_fine": 0.98 }, "geometry": { "type": "Polygon", "coordinates": [ [ [ -78.5502, 37.9907 ], [ -78.55, 37.9952 ], [ -78.5444, 37.9951 ], [ -78.5445, 37.9906 ], [ -78.5502, 37.9907 ] ] ] } },
{ "type": "Feature", "properties": { "factor_fine": 0.989 }, "geometry": { "type": "Polygon", "coordinates": [ [ [ -78.5445, 37.9906 ], [ -78.5444, 37.9951 ], [ -78.5387, 37.995 ], [ -78.5388, 37.9905 ], [ -78.5445, 37.9906 ] ] ] } },
{ "type": "Feature", "properties": { "factor_fine": 0.994 }, "geometry": { "type": "Polygon", "coordinates": [ [ [ -78.5388, 37.9905 ], [ -78.5387, 37.995 ], [ -78.533, 37.9949 ], [ -78.5331, 37.9904 ], [ -78.5388, 37.9905 ] ] ] } },
{ "type": "Feature", "properties": { "factor_fine": 0.996 }, "geometry": { "type": "Polygon", "coordinates": [ [ [ -78.5331, 37.9904 ], [ -78.533, 37.9949 ], [ -78.5273, 37.9948 ], [ -78.5274, 37.9903 ], [ -78.5331, 37.9904 ] ] ] } },
{ "type": "Feature", "properties": { "factor_fine": 1.003 }, "geometry": { "type": "Polygon", "coordinates": [ [ [ -78.5274, 37.9903 ], [ -78.5273, 37.9948 ], [ -78.5216, 37.9946 ], [ -78.5217, 37.9901 ], [ -78.5274, 37.9903 ] ] ] } },
{ "type": "Feature", "properties": { "factor_fine": 1.021 }, "geometry": { "type": "Polygon", "coordinates": [ [ [ -78.5217, 37.9901 ], [ -78.5216, 37.9946 ], [ -78.5159, 37.9945 ], [ -78.5161, 37.99 ], [ -78.5217, 37.9901 ] ] ] } },
{ "type": "Feature", "properties": { "factor_fine": 1.04 }, "geometry": { "type": "Polygon", "coordinates": [ [ [ -78.5161, 37.99 ], [ -78.5159, 37.9945 ], [ -78.5102, 37.9944 ], [ -78.5104, 37.9899 ], [ -78.5161, 37.99 ] ] ] } },
{ "type": "Feature", "properties": { "factor_fine": 1.052 }, "geometry": { "type": "Polygon", "coordinates": [ [ [ -78.5104, 37.9899 ], [ -78.5102, 37.9944 ], [ -78.5045, 37.9943 ], [ -78.5047, 37.9898 ], [ -78.5104, 37.9899 ] ] ] } },
{ "type": "Feature", "properties": { "factor_fine": 1.06 }, "geometry": { "type": "Polygon", "coordinates": [ [ [ -78.5047, 37.9898 ], [ -78.5045, 37.9943 ], [ -78.4988, 37.9942 ], [ -78.499, 37.9896 ], [ -78.5047, 37.9898 ] ] ] } },
{ "type": "Feature", "properties": { "factor_fine": 1.067 }, "geometry": { "type": "Polygon", "coordinates": [ [ [ -78.499, 37.9896 ], [ -78.4988, 37.9942 ], [ -78.4931, 37.994 ], [ -78.4933, 37.9895 ], [ -78.499, 37.9896 ] ] ] } },
{ "type": "Feature", "properties": { "factor_fine": 1.072 }, "geometry": { "type": "Polygon", "coordinates": [ [ [ -78.4933, 37.9895 ], [ -78.4931, 37.994 ], [ -78.4875, 37.9939 ], [ -78.4876, 37.9894 ], [ -78.4933, 37.9895 ] ] ] } },
{ "type": "Feature", "properties": { "factor_fine": 1.076 }, "geometry": { "type": "Polygon", "coordinates": [ [ [ -78.4876, 37.9894 ], [ -78.4875, 37.9939 ], [ -78.4818, 37.9938 ], [ -78.4819, 37.9893 ], [ -78.4876, 37.9894 ] ] ] } },
{ "type": "Feature", "properties": { "factor_fine": 1.075 }, "geometry": { "type": "Polygon", "coordinates": [ [ [ -78.4819, 37.9893 ], [ -78.4818, 37.9938 ], [ -78.4761, 37.9937 ], [ -78.4762, 37.9892 ], [ -78.4819, 37.9893 ] ] ] } },
{ "type": "Feature", "properties": { "factor_fine": 1.067 }, "geometry": { "type": "Polygon", "coordinates": [ [ [ -78.4762, 37.9892 ], [ -78.4761, 37.9937 ], [ -78.4704, 37.9935 ], [ -78.4705, 37.989 ], [ -78.4762, 37.9892 ] ] ] } },
{ "type": "Feature", "properties": { "factor_fine": 0.833 }, "geometry": { "type": "Polygon", "coordinates": [ [ [ -78.4364, 37.9883 ], [ -78.4363, 37.9928 ], [ -78.4306, 37.9927 ], [ -78.4307, 37.9882 ], [ -78.4364, 37.9883 ] ] ] } },
{ "type": "Feature", "properties": { "factor_fine": 0.854 }, "geometry": { "type": "Polygon", "coordinates": [ [ [ -78.4307, 37.9882 ], [ -78.4306, 37.9927 ], [ -78.4249, 37.9926 ], [ -78.425, 37.9881 ], [ -78.4307, 37.9882 ] ] ] } },
{ "type": "Feature", "properties": { "factor_fine": 0.877 }, "geometry": { "type": "Polygon", "coordinates": [ [ [ -78.425, 37.9881 ], [ -78.4249, 37.9926 ], [ -78.4192, 37.9924 ], [ -78.4194, 37.9879 ], [ -78.425, 37.9881 ] ] ] } },
{ "type": "Feature", "properties": { "factor_fine": 0.893 }, "geometry": { "type": "Polygon", "coordinates": [ [ [ -78.4194, 37.9879 ], [ -78.4192, 37.9924 ], [ -78.4135, 37.9923 ], [ -78.4137, 37.9878 ], [ -78.4194, 37.9879 ] ] ] } },
{ "type": "Feature", "properties": { "factor_fine": 0.904 }, "geometry": { "type": "Polygon", "coordinates": [ [ [ -78.4137, 37.9878 ], [ -78.4135, 37.9923 ], [ -78.4078, 37.9922 ], [ -78.408, 37.9877 ], [ -78.4137, 37.9878 ] ] ] } },
{ "type": "Feature", "properties": { "factor_fine": 0.915 }, "geometry": { "type": "Polygon", "coordinates": [ [ [ -78.408, 37.9877 ], [ -78.4078, 37.9922 ], [ -78.4021, 37.9921 ], [ -78.4023, 37.9876 ], [ -78.408, 37.9877 ] ] ] } },
{ "type": "Feature", "properties": { "factor_fine": 0.932 }, "geometry": { "type": "Polygon", "coordinates": [ [ [ -78.4023, 37.9876 ], [ -78.4021, 37.9921 ], [ -78.3964, 37.9919 ], [ -78.3966, 37.9874 ], [ -78.4023, 37.9876 ] ] ] } },
{ "type": "Feature", "properties": { "factor_fine": 0.946 }, "geometry": { "type": "Polygon", "coordinates": [ [ [ -78.3966, 37.9874 ], [ -78.3964, 37.9919 ], [ -78.3908, 37.9918 ], [ -78.3909, 37.9873 ], [ -78.3966, 37.9874 ] ] ] } },
{ "type": "Feature", "properties": { "factor_fine": 0.954 }, "geometry": { "type": "Polygon", "coordinates": [ [ [ -78.3909, 37.9873 ], [ -78.3908, 37.9918 ], [ -78.3851, 37.9917 ], [ -78.3852, 37.9872 ], [ -78.3909, 37.9873 ] ] ] } },
{ "type": "Feature", "properties": { "factor_fine": 0.959 }, "geometry": { "type": "Polygon", "coordinates": [ [ [ -78.3852, 37.9872 ], [ -78.3851, 37.9917 ], [ -78.3794, 37.9915 ], [ -78.3795, 37.987 ], [ -78.3852, 37.9872 ] ] ] } },
{ "type": "Feature", "properties": { "factor_fine": 0.964 }, "geometry": { "type": "Polygon", "coordinates": [ [ [ -78.3795, 37.987 ], [ -78.3794, 37.9915 ], [ -78.3737, 37.9914 ], [ -78.3738, 37.9869 ], [ -78.3795, 37.987 ] ] ] } },
{ "type": "Feature", "properties": { "factor_fine": 0.968 }, "geometry": { "type": "Polygon", "coordinates": [ [ [ -78.3738, 37.9869 ], [ -78.3737, 37.9914 ], [ -78.368, 37.9913 ], [ -78.3682, 37.9868 ], [ -78.3738, 37.9869 ] ] ] } },
{ "type": "Feature", "properties": { "factor_fine": 0.97 }, "geometry": { "type": "Polygon", "coordinates": [ [ [ -78.3682, 37.9868 ], [ -78.368, 37.9913 ], [ -78.3623, 37.9912 ], [ -78.3625, 37.9867 ], [ -78.3682, 37.9868 ] ] ] } },
{ "type": "Feature", "properties": { "factor_fine": 0.966 }, "geometry": { "type": "Polygon", "coordinates": [ [ [ -78.3625, 37.9867 ], [ -78.3623, 37.9912 ], [ -78.3566, 37.991 ], [ -78.3568, 37.9865 ], [ -78.3625, 37.9867 ] ] ] } },
{ "type": "Feature", "properties": { "factor_fine": 0.95 }, "geometry": { "type": "Polygon", "coordinates": [ [ [ -78.3568, 37.9865 ], [ -78.3566, 37.991 ], [ -78.3509, 37.9909 ], [ -78.3511, 37.9864 ], [ -78.3568, 37.9865 ] ] ] } },
{ "type": "Feature", "properties": { "factor_fine": 0.911 }, "geometry": { "type": "Polygon", "coordinates": [ [ [ -78.3511, 37.9864 ], [ -78.3509, 37.9909 ], [ -78.3452, 37.9908 ], [ -78.3454, 37.9863 ], [ -78.3511, 37.9864 ] ] ] } },
{ "type": "Feature", "properties": { "factor_fine": 0.883 }, "geometry": { "type": "Polygon", "coordinates": [ [ [ -78.3454, 37.9863 ], [ -78.3452, 37.9908 ], [ -78.3396, 37.9907 ], [ -78.3397, 37.9862 ], [ -78.3454, 37.9863 ] ] ] } },
{ "type": "Feature", "properties": { "factor_fine": 0.869 }, "geometry": { "type": "Polygon", "coordinates": [ [ [ -78.3397, 37.9862 ], [ -78.3396, 37.9907 ], [ -78.3339, 37.9905 ], [ -78.334, 37.986 ], [ -78.3397, 37.9862 ] ] ] } },
{ "type": "Feature", "properties": { "factor_fine": 0.86 }, "geometry": { "type": "Polygon", "coordinates": [ [ [ -78.334, 37.986 ], [ -78.3339, 37.9905 ], [ -78.3282, 37.9904 ], [ -78.3283, 37.9859 ], [ -78.334, 37.986 ] ] ] } },
{ "type": "Feature", "properties": { "factor_fine": 0.855 }, "geometry": { "type": "Polygon", "coordinates": [ [ [ -78.3283, 37.9859 ], [ -78.3282, 37.9904 ], [ -78.3225, 37.9903 ], [ -78.3227, 37.9858 ], [ -78.3283, 37.9859 ] ] ] } },
{ "type": "Feature", "properties": { "factor_fine": 0.927 }, "geometry": { "type": "Polygon", "coordinates": [ [ [ -78.7321, 37.9989 ], [ -78.732, 38.0034 ], [ -78.7263, 38.0033 ], [ -78.7264, 37.9988 ], [ -78.7321, 37.9989 ] ] ] } },
{ "type": "Feature", "properties": { "factor_fine": 0.924 }, "geometry": { "type": "Polygon", "coordinates": [ [ [ -78.7264, 37.9988 ], [ -78.7263, 38.0033 ], [ -78.7206, 38.0032 ], [ -78.7207, 37.9987 ], [ -78.7264, 37.9988 ] ] ] } },
{ "type": "Feature", "properties": { "factor_fine": 0.903 }, "geometry": { "type": "Polygon", "coordinates": [ [ [ -78.7207, 37.9987 ], [ -78.7206, 38.0032 ], [ -78.7149, 38.0031 ], [ -78.715, 37.9986 ], [ -78.7207, 37.9987 ] ] ] } },
{ "type": "Feature", "properties": { "factor_fine": 0.872 }, "geometry": { "type": "Polygon", "coordinates": [ [ [ -78.6297, 37.9969 ], [ -78.6295, 38.0014 ], [ -78.6239, 38.0013 ], [ -78.624, 37.9967 ], [ -78.6297, 37.9969 ] ] ] } },
{ "type": "Feature", "properties": { "factor_fine": 0.864 }, "geometry": { "type": "Polygon", "coordinates": [ [ [ -78.624, 37.9967 ], [ -78.6239, 38.0013 ], [ -78.6182, 38.0011 ], [ -78.6183, 37.9966 ], [ -78.624, 37.9967 ] ] ] } },
{ "type": "Feature", "properties": { "factor_fine": 0.85 }, "geometry": { "type": "Polygon", "coordinates": [ [ [ -78.6183, 37.9966 ], [ -78.6182, 38.0011 ], [ -78.6125, 38.001 ], [ -78.6126, 37.9965 ], [ -78.6183, 37.9966 ] ] ] } },
{ "type": "Feature", "properties": { "factor_fine": 0.758 }, "geometry": { "type": "Polygon", "coordinates": [ [ [ -78.5842, 37.9959 ], [ -78.584, 38.0004 ], [ -78.5783, 38.0003 ], [ -78.5785, 37.9958 ], [ -78.5842, 37.9959 ] ] ] } },
{ "type": "Feature", "properties": { "factor_fine": 0.813 }, "geometry": { "type": "Polygon", "coordinates": [ [ [ -78.5785, 37.9958 ], [ -78.5783, 38.0003 ], [ -78.5726, 38.0002 ], [ -78.5728, 37.9957 ], [ -78.5785, 37.9958 ] ] ] } },
{ "type": "Feature", "properties": { "factor_fine": 0.961 }, "geometry": { "type": "Polygon", "coordinates": [ [ [ -78.5614, 37.9955 ], [ -78.5613, 38.0 ], [ -78.5556, 37.9999 ], [ -78.5557, 37.9953 ], [ -78.5614, 37.9955 ] ] ] } },
{ "type": "Feature", "properties": { "factor_fine": 0.985 }, "geometry": { "type": "Polygon", "coordinates": [ [ [ -78.5557, 37.9953 ], [ -78.5556, 37.9999 ], [ -78.5499, 37.9997 ], [ -78.55, 37.9952 ], [ -78.5557, 37.9953 ] ] ] } },
{ "type": "Feature", "properties": { "factor_fine": 0.998 }, "geometry": { "type": "Polygon", "coordinates": [ [ [ -78.55, 37.9952 ], [ -78.5499, 37.9997 ], [ -78.5442, 37.9996 ], [ -78.5444, 37.9951 ], [ -78.55, 37.9952 ] ] ] } },
{ "type": "Feature", "properties": { "factor_fine": 1.003 }, "geometry": { "type": "Polygon", "coordinates": [ [ [ -78.5444, 37.9951 ], [ -78.5442, 37.9996 ], [ -78.5385, 37.9995 ], [ -78.5387, 37.995 ], [ -78.5444, 37.9951 ] ] ] } },
{ "type": "Feature", "properties": { "factor_fine": 1.004 }, "geometry": { "type": "Polygon", "coordinates": [ [ [ -78.5387, 37.995 ], [ -78.5385, 37.9995 ], [ -78.5328, 37.9994 ], [ -78.533, 37.9949 ], [ -78.5387, 37.995 ] ] ] } },
{ "type": "Feature", "properties": { "factor_fine": 1.003 }, "geometry": { "type": "Polygon", "coordinates": [ [ [ -78.533, 37.9949 ], [ -78.5328, 37.9994 ], [ -78.5271, 37.9993 ], [ -78.5273, 37.9948 ], [ -78.533, 37.9949 ] ] ] } },
{ "type": "Feature", "properties": { "factor_fine": 1.004 }, "geometry": { "type": "Polygon", "coordinates": [ [ [ -78.5273, 37.9948 ], [ -78.5271, 37.9993 ], [ -78.5214, 37.9991 ], [ -78.5216, 37.9946 ], [ -78.5273, 37.9948 ] ] ] } },
{ "type": "Feature", "properties": { "factor_fine": 1.016 }, "geometry": { "type": "Polygon", "coordinates": [ [ [ -78.5216, 37.9946 ], [ -78.5214, 37.9991 ], [ -78.5158, 37.999 ], [ -78.5159, 37.9945 ], [ -78.5216, 37.9946 ] ] ] } },
{ "type": "Feature", "properties": { "factor_fine": 1.034 }, "geometry": { "type": "Polygon", "coordinates": [ [ [ -78.5159, 37.9945 ], [ -78.5158, 37.999 ], [ -78.5101, 37.9989 ], [ -78.5102, 37.9944 ], [ -78.5159, 37.9945 ] ] ] } },
{ "type": "Feature", "properties": { "factor_fine": 1.047 }, "geometry": { "type": "Polygon", "coordinates": [ [ [ -78.5102, 37.9944 ], [ -78.5101, 37.9989 ], [ -78.5044, 37.9988 ], [ -78.5045, 37.9943 ], [ -78.5102, 37.9944 ] ] ] } },
{ "type": "Feature", "properties": { "factor_fine": 1.054 }, "geometry": { "type": "Polygon", "coordinates": [ [ [ -78.5045, 37.9943 ], [ -78.5044, 37.9988 ], [ -78.4987, 37.9987 ], [ -78.4988, 37.9942 ], [ -78.5045, 37.9943 ] ] ] } },
{ "type": "Feature", "properties": { "factor_fine": 1.06 }, "geometry": { "type": "Polygon", "coordinates": [ [ [ -78.4988, 37.9942 ], [ -78.4987, 37.9987 ], [ -78.493, 37.9985 ], [ -78.4931, 37.994 ], [ -78.4988, 37.9942 ] ] ] } },
{ "type": "Feature", "properties": { "factor_fine": 1.064 }, "geometry": { "type": "Polygon", "coordinates": [ [ [ -78.4931, 37.994 ], [ -78.493, 37.9985 ], [ -78.4873, 37.9984 ], [ -78.4875, 37.9939 ], [ -78.4931, 37.994 ] ] ] } },
{ "type": "Feature", "properties": { "factor_fine": 1.063 }, "geometry": { "type": "Polygon", "coordinates": [ [ [ -78.4875, 37.9939 ], [ -78.4873, 37.9984 ], [ -78.4816, 37.9983 ], [ -78.4818, 37.9938 ], [ -78.4875, 37.9939 ] ] ] } },
{ "type": "Feature", "properties": { "factor_fine": 1.055 }, "geometry": { "type": "Polygon", "coordinates": [ [ [ -78.4818, 37.9938 ], [ -78.4816, 37.9983 ], [ -78.4759, 37.9982 ], [ -78.4761, 37.9937 ], [ -78.4818, 37.9938 ] ] ] } },
{ "type": "Feature", "properties": { "factor_fine": 1.036 }, "geometry": { "type": "Polygon", "coordinates": [ [ [ -78.4761, 37.9937 ], [ -78.4759, 37.9982 ], [ -78.4702, 37.998 ], [ -78.4704, 37.9935 ], [ -78.4761, 37.9937 ] ] ] } },
{ "type": "Feature", "properties": { "factor_fine": 1.008 }, "geometry": { "type": "Polygon", "coordinates": [ [ [ -78.4704, 37.9935 ], [ -78.4702, 37.998 ], [ -78.4645, 37.9979 ], [ -78.4647, 37.9934 ], [ -78.4704, 37.9935 ] ] ] } },
{ "type": "Feature", "properties": { "factor_fine": 0.843 }, "geometry": { "type": "Polygon", "coordinates": [ [ [ -78.4363, 37.9928 ], [ -78.4361, 37.9973 ], [ -78.4304, 37.9972 ], [ -78.4306, 37.9927 ], [ -78.4363, 37.9928 ] ] ] } },
{ "type": "Feature", "properties": { "factor_fine": 0.865 }, "geometry": { "type": "Polygon", "coordinates": [ [ [ -78.4306, 37.9927 ], [ -78.4304, 37.9972 ], [ -78.4247, 37.9971 ], [ -78.4249, 37.9926 ], [ -78.4306, 37.9927 ] ] ] } },
{ "type": "Feature", "properties": { "factor_fine": 0.886 }, "geometry": { "type": "Polygon", "coordinates": [ [ [ -78.4249, 37.9926 ], [ -78.4247, 37.9971 ], [ -78.419, 37.9969 ], [ -78.4192, 37.9924 ], [ -78.4249, 37.9926 ] ] ] } },
{ "type": "Feature", "properties": { "factor_fine": 0.902 }, "geometry": { "type": "Polygon", "coordinates": [ [ [ -78.4192, 37.9924 ], [ -78.419, 37.9969 ], [ -78.4133, 37.9968 ], [ -78.4135, 37.9923 ], [ -78.4192, 37.9924 ] ] ] } },
{ "type": "Feature", "properties": { "factor_fine": 0.917 }, "geometry": { "type": "Polygon", "coordinates": [ [ [ -78.4135, 37.9923 ], [ -78.4133, 37.9968 ], [ -78.4077, 37.9967 ], [ -78.4078, 37.9922 ], [ -78.4135, 37.9923 ] ] ] } },
{ "type": "Feature", "properties": { "factor_fine": 0.933 }, "geometry": { "type": "Polygon", "coordinates": [ [ [ -78.4078, 37.9922 ], [ -78.4077, 37.9967 ], [ -78.402, 37.9966 ], [ -78.4021, 37.9921 ], [ -78.4078, 37.9922 ] ] ] } },
{ "type": "Feature", "properties": { "factor_fine": 0.943 }, "geometry": { "type": "Polygon", "coordinates": [ [ [ -78.4021, 37.9921 ], [ -78.402, 37.9966 ], [ -78.3963, 37.9964 ], [ -78.3964, 37.9919 ], [ -78.4021, 37.9921 ] ] ] } },
{ "type": "Feature", "properties": { "factor_fine": 0.946 }, "geometry": { "type": "Polygon", "coordinates": [ [ [ -78.3964, 37.9919 ], [ -78.3963, 37.9964 ], [ -78.3906, 37.9963 ], [ -78.3908, 37.9918 ], [ -78.3964, 37.9919 ] ] ] } },
{ "type": "Feature", "properties": { "factor_fine": 0.947 }, "geometry": { "type": "Polygon", "coordinates": [ [ [ -78.3908, 37.9918 ], [ -78.3906, 37.9963 ], [ -78.3849, 37.9962 ], [ -78.3851, 37.9917 ], [ -78.3908, 37.9918 ] ] ] } },
{ "type": "Feature", "properties": { "factor_fine": 0.948 }, "geometry": { "type": "Polygon", "coordinates": [ [ [ -78.3851, 37.9917 ], [ -78.3849, 37.9962 ], [ -78.3792, 37.9961 ], [ -78.3794, 37.9915 ], [ -78.3851, 37.9917 ] ] ] } },
{ "type": "Feature", "properties": { "factor_fine": 0.951 }, "geometry": { "type": "Polygon", "coordinates": [ [ [ -78.3794, 37.9915 ], [ -78.3792, 37.9961 ], [ -78.3735, 37.9959 ], [ -78.3737, 37.9914 ], [ -78.3794, 37.9915 ] ] ] } },
{ "type": "Feature", "properties": { "factor_fine": 0.953 }, "geometry": { "type": "Polygon", "coordinates": [ [ [ -78.3737, 37.9914 ], [ -78.3735, 37.9959 ], [ -78.3678, 37.9958 ], [ -78.368, 37.9913 ], [ -78.3737, 37.9914 ] ] ] } },
{ "type": "Feature", "properties": { "factor_fine": 0.954 }, "geometry": { "type": "Polygon", "coordinates": [ [ [ -78.368, 37.9913 ], [ -78.3678, 37.9958 ], [ -78.3621, 37.9957 ], [ -78.3623, 37.9912 ], [ -78.368, 37.9913 ] ] ] } },
{ "type": "Feature", "properties": { "factor_fine": 0.95 }, "geometry": { "type": "Polygon", "coordinates": [ [ [ -78.3623, 37.9912 ], [ -78.3621, 37.9957 ], [ -78.3565, 37.9955 ], [ -78.3566, 37.991 ], [ -78.3623, 37.9912 ] ] ] } },
{ "type": "Feature", "properties": { "factor_fine": 0.933 }, "geometry": { "type": "Polygon", "coordinates": [ [ [ -78.3566, 37.991 ], [ -78.3565, 37.9955 ], [ -78.3508, 37.9954 ], [ -78.3509, 37.9909 ], [ -78.3566, 37.991 ] ] ] } },
{ "type": "Feature", "properties": { "factor_fine": 0.897 }, "geometry": { "type": "Polygon", "coordinates": [ [ [ -78.3509, 37.9909 ], [ -78.3508, 37.9954 ], [ -78.3451, 37.9953 ], [ -78.3452, 37.9908 ], [ -78.3509, 37.9909 ] ] ] } },
{ "type": "Feature", "properties": { "factor_fine": 0.867 }, "geometry": { "type": "Polygon", "coordinates": [ [ [ -78.3452, 37.9908 ], [ -78.3451, 37.9953 ], [ -78.3394, 37.9952 ], [ -78.3396, 37.9907 ], [ -78.3452, 37.9908 ] ] ] } },
{ "type": "Feature", "properties": { "factor_fine": 0.852 }, "geometry": { "type": "Polygon", "coordinates": [ [ [ -78.3396, 37.9907 ], [ -78.3394, 37.9952 ], [ -78.3337, 37.995 ], [ -78.3339, 37.9905 ], [ -78.3396, 37.9907 ] ] ] } },
{ "type": "Feature", "properties": { "factor_fine": 0.847 }, "geometry": { "type": "Polygon", "coordinates": [ [ [ -78.3339, 37.9905 ], [ -78.3337, 37.995 ], [ -78.328, 37.9949 ], [ -78.3282, 37.9904 ], [ -78.3339, 37.9905 ] ] ] } },
{ "type": "Feature", "properties": { "factor_fine": 0.846 }, "geometry": { "type": "Polygon", "coordinates": [ [ [ -78.3282, 37.9904 ], [ -78.328, 37.9949 ], [ -78.3223, 37.9948 ], [ -78.3225, 37.9903 ], [ -78.3282, 37.9904 ] ] ] } },
{ "type": "Feature", "properties": { "factor_fine": 0.749 }, "geometry": { "type": "Polygon", "coordinates": [ [ [ -78.8117, 38.0049 ], [ -78.8115, 38.0094 ], [ -78.8058, 38.0093 ], [ -78.806, 38.0048 ], [ -78.8117, 38.0049 ] ] ] } },
{ "type": "Feature", "properties": { "factor_fine": 0.77 }, "geometry": { "type": "Polygon", "coordinates": [ [ [ -78.806, 38.0048 ], [ -78.8058, 38.0093 ], [ -78.8001, 38.0092 ], [ -78.8003, 38.0047 ], [ -78.806, 38.0048 ] ] ] } },
{ "type": "Feature", "properties": { "factor_fine": 0.798 }, "geometry": { "type": "Polygon", "coordinates": [ [ [ -78.8003, 38.0047 ], [ -78.8001, 38.0092 ], [ -78.7944, 38.0091 ], [ -78.7946, 38.0046 ], [ -78.8003, 38.0047 ] ] ] } },
{ "type": "Feature", "properties": { "factor_fine": 0.915 }, "geometry": { "type": "Polygon", "coordinates": [ [ [ -78.7604, 38.0039 ], [ -78.7603, 38.0084 ], [ -78.7546, 38.0083 ], [ -78.7547, 38.0038 ], [ -78.7604, 38.0039 ] ] ] } },
{ "type": "Feature", "properties": { "factor_fine": 0.917 }, "geometry": { "type": "Polygon", "coordinates": [ [ [ -78.7547, 38.0038 ], [ -78.7546, 38.0083 ], [ -78.7489, 38.0082 ], [ -78.749, 38.0037 ], [ -78.7547, 38.0038 ] ] ] } },
{ "type": "Feature", "properties": { "factor_fine": 0.917 }, "geometry": { "type": "Polygon", "coordinates": [ [ [ -78.7434, 38.0036 ], [ -78.7432, 38.0081 ], [ -78.7375, 38.008 ], [ -78.7377, 38.0035 ], [ -78.7434, 38.0036 ] ] ] } },
{ "type": "Feature", "properties": { "factor_fine": 0.921 }, "geometry": { "type": "Polygon", "coordinates": [ [ [ -78.7377, 38.0035 ], [ -78.7375, 38.008 ], [ -78.7318, 38.0079 ], [ -78.732, 38.0034 ], [ -78.7377, 38.0035 ] ] ] } },
{ "type": "Feature", "properties": { "factor_fine": 0.924 }, "geometry": { "type": "Polygon", "coordinates": [ [ [ -78.732, 38.0034 ], [ -78.7318, 38.0079 ], [ -78.7261, 38.0078 ], [ -78.7263, 38.0033 ], [ -78.732, 38.0034 ] ] ] } },
{ "type": "Feature", "properties": { "factor_fine": 0.921 }, "geometry": { "type": "Polygon", "coordinates": [ [ [ -78.7263, 38.0033 ], [ -78.7261, 38.0078 ], [ -78.7205, 38.0077 ], [ -78.7206, 38.0032 ], [ -78.7263, 38.0033 ] ] ] } },
{ "type": "Feature", "properties": { "factor_fine": 0.905 }, "geometry": { "type": "Polygon", "coordinates": [ [ [ -78.6295, 38.0014 ], [ -78.6294, 38.0059 ], [ -78.6237, 38.0058 ], [ -78.6239, 38.0013 ], [ -78.6295, 38.0014 ] ] ] } },
{ "type": "Feature", "properties": { "factor_fine": 0.894 }, "geometry": { "type": "Polygon", "coordinates": [ [ [ -78.6239, 38.0013 ], [ -78.6237, 38.0058 ], [ -78.618, 38.0056 ], [ -78.6182, 38.0011 ], [ -78.6239, 38.0013 ] ] ] } },
{ "type": "Feature", "properties": { "factor_fine": 0.878 }, "geometry": { "type": "Polygon", "coordinates": [ [ [ -78.6182, 38.0011 ], [ -78.618, 38.0056 ], [ -78.6123, 38.0055 ], [ -78.6125, 38.001 ], [ -78.6182, 38.0011 ] ] ] } },
{ "type": "Feature", "properties": { "factor_fine": 0.967 }, "geometry": { "type": "Polygon", "coordinates": [ [ [ -78.5613, 38.0 ], [ -78.5611, 38.0045 ], [ -78.5554, 38.0044 ], [ -78.5556, 37.9999 ], [ -78.5613, 38.0 ] ] ] } },
{ "type": "Feature", "properties": { "factor_fine": 1.0 }, "geometry": { "type": "Polygon", "coordinates": [ [ [ -78.5556, 37.9999 ], [ -78.5554, 38.0044 ], [ -78.5497, 38.0042 ], [ -78.5499, 37.9997 ], [ -78.5556, 37.9999 ] ] ] } },
{ "type": "Feature", "properties": { "factor_fine": 1.011 }, "geometry": { "type": "Polygon", "coordinates": [ [ [ -78.5499, 37.9997 ], [ -78.5497, 38.0042 ], [ -78.5441, 38.0041 ], [ -78.5442, 37.9996 ], [ -78.5499, 37.9997 ] ] ] } },
{ "type": "Feature", "properties": { "factor_fine": 1.013 }, "geometry": { "type": "Polygon", "coordinates": [ [ [ -78.5442, 37.9996 ], [ -78.5441, 38.0041 ], [ -78.5384, 38.004 ], [ -78.5385, 37.9995 ], [ -78.5442, 37.9996 ] ] ] } },
{ "type": "Feature", "properties": { "factor_fine": 1.01 }, "geometry": { "type": "Polygon", "coordinates": [ [ [ -78.5385, 37.9995 ], [ -78.5384, 38.004 ], [ -78.5327, 38.0039 ], [ -78.5328, 37.9994 ], [ -78.5385, 37.9995 ] ] ] } },
{ "type": "Feature", "properties": { "factor_fine": 1.005 }, "geometry": { "type": "Polygon", "coordinates": [ [ [ -78.5328, 37.9994 ], [ -78.5327, 38.0039 ], [ -78.527, 38.0038 ], [ -78.5271, 37.9993 ], [ -78.5328, 37.9994 ] ] ] } },
{ "type": "Feature", "properties": { "factor_fine": 1.001 }, "geometry": { "type": "Polygon", "coordinates": [ [ [ -78.5271, 37.9993 ], [ -78.527, 38.0038 ], [ -78.5213, 38.0036 ], [ -78.5214, 37.9991 ], [ -78.5271, 37.9993 ] ] ] } },
{ "type": "Feature", "properties": { "factor_fine": 1.007 }, "geometry": { "type": "Polygon", "coordinates": [ [ [ -78.5214, 37.9991 ], [ -78.5213, 38.0036 ], [ -78.5156, 38.0035 ], [ -78.5158, 37.999 ], [ -78.5214, 37.9991 ] ] ] } },
{ "type": "Feature", "properties": { "factor_fine": 1.021 }, "geometry": { "type": "Polygon", "coordinates": [ [ [ -78.5158, 37.999 ], [ -78.5156, 38.0035 ], [ -78.5099, 38.0034 ], [ -78.5101, 37.9989 ], [ -78.5158, 37.999 ] ] ] } },
{ "type": "Feature", "properties": { "factor_fine": 1.034 }, "geometry": { "type": "Polygon", "coordinates": [ [ [ -78.5101, 37.9989 ], [ -78.5099, 38.0034 ], [ -78.5042, 38.0033 ], [ -78.5044, 37.9988 ], [ -78.5101, 37.9989 ] ] ] } },
{ "type": "Feature", "properties": { "factor_fine": 1.04 }, "geometry": { "type": "Polygon", "coordinates": [ [ [ -78.5044, 37.9988 ], [ -78.5042, 38.0033 ], [ -78.4985, 38.0032 ], [ -78.4987, 37.9987 ], [ -78.5044, 37.9988 ] ] ] } },
{ "type": "Feature", "properties": { "factor_fine": 1.042 }, "geometry": { "type": "Polygon", "coordinates": [ [ [ -78.4987, 37.9987 ], [ -78.4985, 38.0032 ], [ -78.4928, 38.003 ], [ -78.493, 37.9985 ], [ -78.4987, 37.9987 ] ] ] } },
{ "type": "Feature", "properties": { "factor_fine": 1.041 }, "geometry": { "type": "Polygon", "coordinates": [ [ [ -78.493, 37.9985 ], [ -78.4928, 38.003 ], [ -78.4872, 38.0029 ], [ -78.4873, 37.9984 ], [ -78.493, 37.9985 ] ] ] } },
{ "type": "Feature", "properties": { "factor_fine": 1.032 }, "geometry": { "type": "Polygon", "coordinates": [ [ [ -78.4873, 37.9984 ], [ -78.4872, 38.0029 ], [ -78.4815, 38.0028 ], [ -78.4816, 37.9983 ], [ -78.4873, 37.9984 ] ] ] } },
{ "type": "Feature", "properties": { "factor_fine": 1.013 }, "geometry": { "type": "Polygon", "coordinates": [ [ [ -78.4816, 37.9983 ], [ -78.4815, 38.0028 ], [ -78.4758, 38.0027 ], [ -78.4759, 37.9982 ], [ -78.4816, 37.9983 ] ] ] } },
{ "type": "Feature", "properties": { "factor_fine": 0.988 }, "geometry": { "type": "Polygon", "coordinates": [ [ [ -78.4759, 37.9982 ], [ -78.4758, 38.0027 ], [ -78.4701, 38.0025 ], [ -78.4702, 37.998 ], [ -78.4759, 37.9982 ] ] ] } },
{ "type": "Feature", "properties": { "factor_fine": 0.964 }, "geometry": { "type": "Polygon", "coordinates": [ [ [ -78.4702, 37.998 ], [ -78.4701, 38.0025 ], [ -78.4644, 38.0024 ], [ -78.4645, 37.9979 ], [ -78.4702, 37.998 ] ] ] } },
{ "type": "Feature", "properties": { "factor_fine": 0.947 }, "geometry": { "type": "Polygon", "coordinates": [ [ [ -78.4645, 37.9979 ], [ -78.4644, 38.0024 ], [ -78.4587, 38.0023 ], [ -78.4589, 37.9978 ], [ -78.4645, 37.9979 ] ] ] } },
{ "type": "Feature", "properties": { "factor_fine": 0.88 }, "geometry": { "type": "Polygon", "coordinates": [ [ [ -78.4304, 37.9972 ], [ -78.4303, 38.0017 ], [ -78.4246, 38.0016 ], [ -78.4247, 37.9971 ], [ -78.4304, 37.9972 ] ] ] } },
{ "type": "Feature", "properties": { "factor_fine": 0.898 }, "geometry": { "type": "Polygon", "coordinates": [ [ [ -78.4247, 37.9971 ], [ -78.4246, 38.0016 ], [ -78.4189, 38.0014 ], [ -78.419, 37.9969 ], [ -78.4247, 37.9971 ] ] ] } },
{ "type": "Feature", "properties": { "factor_fine": 0.913 }, "geometry": { "type": "Polygon", "coordinates": [ [ [ -78.419, 37.9969 ], [ -78.4189, 38.0014 ], [ -78.4132, 38.0013 ], [ -78.4133, 37.9968 ], [ -78.419, 37.9969 ] ] ] } },
{ "type": "Feature", "properties": { "factor_fine": 0.932 }, "geometry": { "type": "Polygon", "coordinates": [ [ [ -78.4133, 37.9968 ], [ -78.4132, 38.0013 ], [ -78.4075, 38.0012 ], [ -78.4077, 37.9967 ], [ -78.4133, 37.9968 ] ] ] } },
{ "type": "Feature", "properties": { "factor_fine": 0.95 }, "geometry": { "type": "Polygon", "coordinates": [ [ [ -78.4077, 37.9967 ], [ -78.4075, 38.0012 ], [ -78.4018, 38.0011 ], [ -78.402, 37.9966 ], [ -78.4077, 37.9967 ] ] ] } },
{ "type": "Feature", "properties": { "factor_fine": 0.954 }, "geometry": { "type": "Polygon", "coordinates": [ [ [ -78.402, 37.9966 ], [ -78.4018, 38.0011 ], [ -78.3961, 38.0009 ], [ -78.3963, 37.9964 ], [ -78.402, 37.9966 ] ] ] } },
{ "type": "Feature", "properties": { "factor_fine": 0.953 }, "geometry": { "type": "Polygon", "coordinates": [ [ [ -78.3963, 37.9964 ], [ -78.3961, 38.0009 ], [ -78.3904, 38.0008 ], [ -78.3906, 37.9963 ], [ -78.3963, 37.9964 ] ] ] } },
{ "type": "Feature", "properties": { "factor_fine": 0.954 }, "geometry": { "type": "Polygon", "coordinates": [ [ [ -78.3906, 37.9963 ], [ -78.3904, 38.0008 ], [ -78.3847, 38.0007 ], [ -78.3849, 37.9962 ], [ -78.3906, 37.9963 ] ] ] } },
{ "type": "Feature", "properties": { "factor_fine": 0.957 }, "geometry": { "type": "Polygon", "coordinates": [ [ [ -78.3849, 37.9962 ], [ -78.3847, 38.0007 ], [ -78.3791, 38.0006 ], [ -78.3792, 37.9961 ], [ -78.3849, 37.9962 ] ] ] } },
{ "type": "Feature", "properties": { "factor_fine": 0.96 }, "geometry": { "type": "Polygon", "coordinates": [ [ [ -78.3792, 37.9961 ], [ -78.3791, 38.0006 ], [ -78.3734, 38.0004 ], [ -78.3735, 37.9959 ], [ -78.3792, 37.9961 ] ] ] } },
{ "type": "Feature", "properties": { "factor_fine": 0.961 }, "geometry": { "type": "Polygon", "coordinates": [ [ [ -78.3735, 37.9959 ], [ -78.3734, 38.0004 ], [ -78.3677, 38.0003 ], [ -78.3678, 37.9958 ], [ -78.3735, 37.9959 ] ] ] } },
{ "type": "Feature", "properties": { "factor_fine": 0.96 }, "geometry": { "type": "Polygon", "coordinates": [ [ [ -78.3678, 37.9958 ], [ -78.3677, 38.0003 ], [ -78.362, 38.0002 ], [ -78.3621, 37.9957 ], [ -78.3678, 37.9958 ] ] ] } },
{ "type": "Feature", "properties": { "factor_fine": 0.953 }, "geometry": { "type": "Polygon", "coordinates": [ [ [ -78.3621, 37.9957 ], [ -78.362, 38.0002 ], [ -78.3563, 38.0 ], [ -78.3565, 37.9955 ], [ -78.3621, 37.9957 ] ] ] } },
{ "type": "Feature", "properties": { "factor_fine": 0.934 }, "geometry": { "type": "Polygon", "coordinates": [ [ [ -78.3565, 37.9955 ], [ -78.3563, 38.0 ], [ -78.3506, 37.9999 ], [ -78.3508, 37.9954 ], [ -78.3565, 37.9955 ] ] ] } },
{ "type": "Feature", "properties": { "factor_fine": 0.904 }, "geometry": { "type": "Polygon", "coordinates": [ [ [ -78.3508, 37.9954 ], [ -78.3506, 37.9999 ], [ -78.3449, 37.9998 ], [ -78.3451, 37.9953 ], [ -78.3508, 37.9954 ] ] ] } },
{ "type": "Feature", "properties": { "factor_fine": 0.872 }, "geometry": { "type": "Polygon", "coordinates": [ [ [ -78.3451, 37.9953 ], [ -78.3449, 37.9998 ], [ -78.3392, 37.9997 ], [ -78.3394, 37.9952 ], [ -78.3451, 37.9953 ] ] ] } },
{ "type": "Feature", "properties": { "factor_fine": 0.85 }, "geometry": { "type": "Polygon", "coordinates": [ [ [ -78.3394, 37.9952 ], [ -78.3392, 37.9997 ], [ -78.3335, 37.9995 ], [ -78.3337, 37.995 ], [ -78.3394, 37.9952 ] ] ] } },
{ "type": "Feature", "properties": { "factor_fine": 0.842 }, "geometry": { "type": "Polygon", "coordinates": [ [ [ -78.3337, 37.995 ], [ -78.3335, 37.9995 ], [ -78.3279, 37.9994 ], [ -78.328, 37.9949 ], [ -78.3337, 37.995 ] ] ] } },
{ "type": "Feature", "properties": { "factor_fine": 0.84 }, "geometry": { "type": "Polygon", "coordinates": [ [ [ -78.328, 37.9949 ], [ -78.3279, 37.9994 ], [ -78.3222, 37.9993 ], [ -78.3223, 37.9948 ], [ -78.328, 37.9949 ] ] ] } },
{ "type": "Feature", "properties": { "factor_fine": 0.814 }, "geometry": { "type": "Polygon", "coordinates": [ [ [ -78.8172, 38.0095 ], [ -78.8171, 38.014 ], [ -78.8114, 38.0139 ], [ -78.8115, 38.0094 ], [ -78.8172, 38.0095 ] ] ] } },
{ "type": "Feature", "properties": { "factor_fine": 0.814 }, "geometry": { "type": "Polygon", "coordinates": [ [ [ -78.8115, 38.0094 ], [ -78.8114, 38.0139 ], [ -78.8057, 38.0138 ], [ -78.8058, 38.0093 ], [ -78.8115, 38.0094 ] ] ] } },
{ "type": "Feature", "properties": { "factor_fine": 0.83 }, "geometry": { "type": "Polygon", "coordinates": [ [ [ -78.8058, 38.0093 ], [ -78.8057, 38.0138 ], [ -78.8, 38.0137 ], [ -78.8001, 38.0092 ], [ -78.8058, 38.0093 ] ] ] } },
{ "type": "Feature", "properties": { "factor_fine": 0.85 }, "geometry": { "type": "Polygon", "coordinates": [ [ [ -78.8001, 38.0092 ], [ -78.8, 38.0137 ], [ -78.7943, 38.0136 ], [ -78.7944, 38.0091 ], [ -78.8001, 38.0092 ] ] ] } },
{ "type": "Feature", "properties": { "factor_fine": 0.927 }, "geometry": { "type": "Polygon", "coordinates": [ [ [ -78.766, 38.0085 ], [ -78.7658, 38.013 ], [ -78.7602, 38.0129 ], [ -78.7603, 38.0084 ], [ -78.766, 38.0085 ] ] ] } },
{ "type": "Feature", "properties": { "factor_fine": 0.93 }, "geometry": { "type": "Polygon", "coordinates": [ [ [ -78.7603, 38.0084 ], [ -78.7602, 38.0129 ], [ -78.7545, 38.0128 ], [ -78.7546, 38.0083 ], [ -78.7603, 38.0084 ] ] ] } },
{ "type": "Feature", "properties": { "factor_fine": 0.929 }, "geometry": { "type": "Polygon", "coordinates": [ [ [ -78.7546, 38.0083 ], [ -78.7545, 38.0128 ], [ -78.7488, 38.0127 ], [ -78.7489, 38.0082 ], [ -78.7546, 38.0083 ] ] ] } },
{ "type": "Feature", "properties": { "factor_fine": 0.923 }, "geometry": { "type": "Polygon", "coordinates": [ [ [ -78.7489, 38.0082 ], [ -78.7488, 38.0127 ], [ -78.7431, 38.0126 ], [ -78.7432, 38.0081 ], [ -78.7489, 38.0082 ] ] ] } },
{ "type": "Feature", "properties": { "factor_fine": 0.919 }, "geometry": { "type": "Polygon", "coordinates": [ [ [ -78.7432, 38.0081 ], [ -78.7431, 38.0126 ], [ -78.7374, 38.0125 ], [ -78.7375, 38.008 ], [ -78.7432, 38.0081 ] ] ] } },
{ "type": "Feature", "properties": { "factor_fine": 0.92 }, "geometry": { "type": "Polygon", "coordinates": [ [ [ -78.7375, 38.008 ], [ -78.7374, 38.0125 ], [ -78.7317, 38.0124 ], [ -78.7318, 38.0079 ], [ -78.7375, 38.008 ] ] ] } },
{ "type": "Feature", "properties": { "factor_fine": 0.925 }, "geometry": { "type": "Polygon", "coordinates": [ [ [ -78.7318, 38.0079 ], [ -78.7317, 38.0124 ], [ -78.726, 38.0123 ], [ -78.7261, 38.0078 ], [ -78.7318, 38.0079 ] ] ] } },
{ "type": "Feature", "properties": { "factor_fine": 0.927 }, "geometry": { "type": "Polygon", "coordinates": [ [ [ -78.7261, 38.0078 ], [ -78.726, 38.0123 ], [ -78.7203, 38.0122 ], [ -78.7205, 38.0077 ], [ -78.7261, 38.0078 ] ] ] } },
{ "type": "Feature", "properties": { "factor_fine": 0.903 }, "geometry": { "type": "Polygon", "coordinates": [ [ [ -78.6635, 38.0066 ], [ -78.6634, 38.0111 ], [ -78.6577, 38.0109 ], [ -78.6579, 38.0064 ], [ -78.6635, 38.0066 ] ] ] } },
{ "type": "Feature", "properties": { "factor_fine": 0.896 }, "geometry": { "type": "Polygon", "coordinates": [ [ [ -78.6579, 38.0064 ], [ -78.6577, 38.0109 ], [ -78.652, 38.0108 ], [ -78.6522, 38.0063 ], [ -78.6579, 38.0064 ] ] ] } },
{ "type": "Feature", "properties": { "factor_fine": 0.923 }, "geometry": { "type": "Polygon", "coordinates": [ [ [ -78.6294, 38.0059 ], [ -78.6293, 38.0104 ], [ -78.6236, 38.0103 ], [ -78.6237, 38.0058 ], [ -78.6294, 38.0059 ] ] ] } },
{ "type": "Feature", "properties": { "factor_fine": 0.913 }, "geometry": { "type": "Polygon", "coordinates": [ [ [ -78.6237, 38.0058 ], [ -78.6236, 38.0103 ], [ -78.6179, 38.0101 ], [ -78.618, 38.0056 ], [ -78.6237, 38.0058 ] ] ] } },
{ "type": "Feature", "properties": { "factor_fine": 0.899 }, "geometry": { "type": "Polygon", "coordinates": [ [ [ -78.618, 38.0056 ], [ -78.6179, 38.0101 ], [ -78.6122, 38.01 ], [ -78.6123, 38.0055 ], [ -78.618, 38.0056 ] ] ] } },
{ "type": "Feature", "properties": { "factor_fine": 0.969 }, "geometry": { "type": "Polygon", "coordinates": [ [ [ -78.5611, 38.0045 ], [ -78.561, 38.009 ], [ -78.5553, 38.0089 ], [ -78.5554, 38.0044 ], [ -78.5611, 38.0045 ] ] ] } },
{ "type": "Feature", "properties": { "factor_fine": 1.004 }, "geometry": { "type": "Polygon", "coordinates": [ [ [ -78.5554, 38.0044 ], [ -78.5553, 38.0089 ], [ -78.5496, 38.0087 ], [ -78.5497, 38.0042 ], [ -78.5554, 38.0044 ] ] ] } },
{ "type": "Feature", "properties": { "factor_fine": 1.014 }, "geometry": { "type": "Polygon", "coordinates": [ [ [ -78.5497, 38.0042 ], [ -78.5496, 38.0087 ], [ -78.5439, 38.0086 ], [ -78.5441, 38.0041 ], [ -78.5497, 38.0042 ] ] ] } },
{ "type": "Feature", "properties": { "factor_fine": 1.013 }, "geometry": { "type": "Polygon", "coordinates": [ [ [ -78.5441, 38.0041 ], [ -78.5439, 38.0086 ], [ -78.5382, 38.0085 ], [ -78.5384, 38.004 ], [ -78.5441, 38.0041 ] ] ] } },
{ "type": "Feature", "properties": { "factor_fine": 1.006 }, "geometry": { "type": "Polygon", "coordinates": [ [ [ -78.5384, 38.004 ], [ -78.5382, 38.0085 ], [ -78.5325, 38.0084 ], [ -78.5327, 38.0039 ], [ -78.5384, 38.004 ] ] ] } },
{ "type": "Feature", "properties": { "factor_fine": 0.996 }, "geometry": { "type": "Polygon", "coordinates": [ [ [ -78.5327, 38.0039 ], [ -78.5325, 38.0084 ], [ -78.5268, 38.0083 ], [ -78.527, 38.0038 ], [ -78.5327, 38.0039 ] ] ] } },
{ "type": "Feature", "properties": { "factor_fine": 0.989 }, "geometry": { "type": "Polygon", "coordinates": [ [ [ -78.527, 38.0038 ], [ -78.5268, 38.0083 ], [ -78.5211, 38.0081 ], [ -78.5213, 38.0036 ], [ -78.527, 38.0038 ] ] ] } },
{ "type": "Feature", "properties": { "factor_fine": 0.99 }, "geometry": { "type": "Polygon", "coordinates": [ [ [ -78.5213, 38.0036 ], [ -78.5211, 38.0081 ], [ -78.5154, 38.008 ], [ -78.5156, 38.0035 ], [ -78.5213, 38.0036 ] ] ] } },
{ "type": "Feature", "properties": { "factor_fine": 1.002 }, "geometry": { "type": "Polygon", "coordinates": [ [ [ -78.5156, 38.0035 ], [ -78.5154, 38.008 ], [ -78.5098, 38.0079 ], [ -78.5099, 38.0034 ], [ -78.5156, 38.0035 ] ] ] } },
{ "type": "Feature", "properties": { "factor_fine": 1.012 }, "geometry": { "type": "Polygon", "coordinates": [ [ [ -78.5099, 38.0034 ], [ -78.5098, 38.0079 ], [ -78.5041, 38.0078 ], [ -78.5042, 38.0033 ], [ -78.5099, 38.0034 ] ] ] } },
{ "type": "Feature", "properties": { "factor_fine": 1.012 }, "geometry": { "type": "Polygon", "coordinates": [ [ [ -78.5042, 38.0033 ], [ -78.5041, 38.0078 ], [ -78.4984, 38.0077 ], [ -78.4985, 38.0032 ], [ -78.5042, 38.0033 ] ] ] } },
{ "type": "Feature", "properties": { "factor_fine": 1.006 }, "geometry": { "type": "Polygon", "coordinates": [ [ [ -78.4985, 38.0032 ], [ -78.4984, 38.0077 ], [ -78.4927, 38.0075 ], [ -78.4928, 38.003 ], [ -78.4985, 38.0032 ] ] ] } },
{ "type": "Feature", "properties": { "factor_fine": 0.997 }, "geometry": { "type": "Polygon", "coordinates": [ [ [ -78.4928, 38.003 ], [ -78.4927, 38.0075 ], [ -78.487, 38.0074 ], [ -78.4872, 38.0029 ], [ -78.4928, 38.003 ] ] ] } },
{ "type": "Feature", "properties": { "factor_fine": 0.985 }, "geometry": { "type": "Polygon", "coordinates": [ [ [ -78.4872, 38.0029 ], [ -78.487, 38.0074 ], [ -78.4813, 38.0073 ], [ -78.4815, 38.0028 ], [ -78.4872, 38.0029 ] ] ] } },
{ "type": "Feature", "properties": { "factor_fine": 0.971 }, "geometry": { "type": "Polygon", "coordinates": [ [ [ -78.4815, 38.0028 ], [ -78.4813, 38.0073 ], [ -78.4756, 38.0072 ], [ -78.4758, 38.0027 ], [ -78.4815, 38.0028 ] ] ] } },
{ "type": "Feature", "properties": { "factor_fine": 0.957 }, "geometry": { "type": "Polygon", "coordinates": [ [ [ -78.4758, 38.0027 ], [ -78.4756, 38.0072 ], [ -78.4699, 38.007 ], [ -78.4701, 38.0025 ], [ -78.4758, 38.0027 ] ] ] } },
{ "type": "Feature", "properties": { "factor_fine": 0.945 }, "geometry": { "type": "Polygon", "coordinates": [ [ [ -78.4701, 38.0025 ], [ -78.4699, 38.007 ], [ -78.4642, 38.0069 ], [ -78.4644, 38.0024 ], [ -78.4701, 38.0025 ] ] ] } },
{ "type": "Feature", "properties": { "factor_fine": 0.936 }, "geometry": { "type": "Polygon", "coordinates": [ [ [ -78.4644, 38.0024 ], [ -78.4642, 38.0069 ], [ -78.4585, 38.0068 ], [ -78.4587, 38.0023 ], [ -78.4644, 38.0024 ] ] ] } },
{ "type": "Feature", "properties": { "factor_fine": 0.932 }, "geometry": { "type": "Polygon", "coordinates": [ [ [ -78.4587, 38.0023 ], [ -78.4585, 38.0068 ], [ -78.4529, 38.0067 ], [ -78.453, 38.0022 ], [ -78.4587, 38.0023 ] ] ] } },
{ "type": "Feature", "properties": { "factor_fine": 0.899 }, "geometry": { "type": "Polygon", "coordinates": [ [ [ -78.4303, 38.0017 ], [ -78.4301, 38.0062 ], [ -78.4244, 38.0061 ], [ -78.4246, 38.0016 ], [ -78.4303, 38.0017 ] ] ] } },
{ "type": "Feature", "properties": { "factor_fine": 0.912 }, "geometry": { "type": "Polygon", "coordinates": [ [ [ -78.4246, 38.0016 ], [ -78.4244, 38.0061 ], [ -78.4187, 38.0059 ], [ -78.4189, 38.0014 ], [ -78.4246, 38.0016 ] ] ] } },
{ "type": "Feature", "properties": { "factor_fine": 0.928 }, "geometry": { "type": "Polygon", "coordinates": [ [ [ -78.4189, 38.0014 ], [ -78.4187, 38.0059 ], [ -78.413, 38.0058 ], [ -78.4132, 38.0013 ], [ -78.4189, 38.0014 ] ] ] } },
{ "type": "Feature", "properties": { "factor_fine": 0.951 }, "geometry": { "type": "Polygon", "coordinates": [ [ [ -78.4132, 38.0013 ], [ -78.413, 38.0058 ], [ -78.4073, 38.0057 ], [ -78.4075, 38.0012 ], [ -78.4132, 38.0013 ] ] ] } },
{ "type": "Feature", "properties": { "factor_fine": 0.969 }, "geometry": { "type": "Polygon", "coordinates": [ [ [ -78.4075, 38.0012 ], [ -78.4073, 38.0057 ], [ -78.4017, 38.0056 ], [ -78.4018, 38.0011 ], [ -78.4075, 38.0012 ] ] ] } },
{ "type": "Feature", "properties": { "factor_fine": 0.967 }, "geometry": { "type": "Polygon", "coordinates": [ [ [ -78.4018, 38.0011 ], [ -78.4017, 38.0056 ], [ -78.396, 38.0054 ], [ -78.3961, 38.0009 ], [ -78.4018, 38.0011 ] ] ] } },
{ "type": "Feature", "properties": { "factor_fine": 0.965 }, "geometry": { "type": "Polygon", "coordinates": [ [ [ -78.3961, 38.0009 ], [ -78.396, 38.0054 ], [ -78.3903, 38.0053 ], [ -78.3904, 38.0008 ], [ -78.3961, 38.0009 ] ] ] } },
{ "type": "Feature", "properties": { "factor_fine": 0.969 }, "geometry": { "type": "Polygon", "coordinates": [ [ [ -78.3904, 38.0008 ], [ -78.3903, 38.0053 ], [ -78.3846, 38.0052 ], [ -78.3847, 38.0007 ], [ -78.3904, 38.0008 ] ] ] } },
{ "type": "Feature", "properties": { "factor_fine": 0.975 }, "geometry": { "type": "Polygon", "coordinates": [ [ [ -78.3847, 38.0007 ], [ -78.3846, 38.0052 ], [ -78.3789, 38.0051 ], [ -78.3791, 38.0006 ], [ -78.3847, 38.0007 ] ] ] } },
{ "type": "Feature", "properties": { "factor_fine": 0.98 }, "geometry": { "type": "Polygon", "coordinates": [ [ [ -78.3791, 38.0006 ], [ -78.3789, 38.0051 ], [ -78.3732, 38.0049 ], [ -78.3734, 38.0004 ], [ -78.3791, 38.0006 ] ] ] } },
{ "type": "Feature", "properties": { "factor_fine": 0.982 }, "geometry": { "type": "Polygon", "coordinates": [ [ [ -78.3734, 38.0004 ], [ -78.3732, 38.0049 ], [ -78.3675, 38.0048 ], [ -78.3677, 38.0003 ], [ -78.3734, 38.0004 ] ] ] } },
{ "type": "Feature", "properties": { "factor_fine": 0.979 }, "geometry": { "type": "Polygon", "coordinates": [ [ [ -78.3677, 38.0003 ], [ -78.3675, 38.0048 ], [ -78.3618, 38.0047 ], [ -78.362, 38.0002 ], [ -78.3677, 38.0003 ] ] ] } },
{ "type": "Feature", "properties": { "factor_fine": 0.968 }, "geometry": { "type": "Polygon", "coordinates": [ [ [ -78.362, 38.0002 ], [ -78.3618, 38.0047 ], [ -78.3561, 38.0045 ], [ -78.3563, 38.0 ], [ -78.362, 38.0002 ] ] ] } },
{ "type": "Feature", "properties": { "factor_fine": 0.947 }, "geometry": { "type": "Polygon", "coordinates": [ [ [ -78.3563, 38.0 ], [ -78.3561, 38.0045 ], [ -78.3504, 38.0044 ], [ -78.3506, 37.9999 ], [ -78.3563, 38.0 ] ] ] } },
{ "type": "Feature", "properties": { "factor_fine": 0.924 }, "geometry": { "type": "Polygon", "coordinates": [ [ [ -78.3506, 37.9999 ], [ -78.3504, 38.0044 ], [ -78.3448, 38.0043 ], [ -78.3449, 37.9998 ], [ -78.3506, 37.9999 ] ] ] } },
{ "type": "Feature", "properties": { "factor_fine": 0.899 }, "geometry": { "type": "Polygon", "coordinates": [ [ [ -78.3449, 37.9998 ], [ -78.3448, 38.0043 ], [ -78.3391, 38.0042 ], [ -78.3392, 37.9997 ], [ -78.3449, 37.9998 ] ] ] } },
{ "type": "Feature", "properties": { "factor_fine": 0.872 }, "geometry": { "type": "Polygon", "coordinates": [ [ [ -78.3392, 37.9997 ], [ -78.3391, 38.0042 ], [ -78.3334, 38.004 ], [ -78.3335, 37.9995 ], [ -78.3392, 37.9997 ] ] ] } },
{ "type": "Feature", "properties": { "factor_fine": 0.853 }, "geometry": { "type": "Polygon", "coordinates": [ [ [ -78.3335, 37.9995 ], [ -78.3334, 38.004 ], [ -78.3277, 38.0039 ], [ -78.3279, 37.9994 ], [ -78.3335, 37.9995 ] ] ] } },
{ "type": "Feature", "properties": { "factor_fine": 0.887 }, "geometry": { "type": "Polygon", "coordinates": [ [ [ -78.8228, 38.0141 ], [ -78.8226, 38.0186 ], [ -78.8169, 38.0185 ], [ -78.8171, 38.014 ], [ -78.8228, 38.0141 ] ] ] } },
{ "type": "Feature", "properties": { "factor_fine": 0.876 }, "geometry": { "type": "Polygon", "coordinates": [ [ [ -78.8171, 38.014 ], [ -78.8169, 38.0185 ], [ -78.8112, 38.0184 ], [ -78.8114, 38.0139 ], [ -78.8171, 38.014 ] ] ] } },
{ "type": "Feature", "properties": { "factor_fine": 0.872 }, "geometry": { "type": "Polygon", "coordinates": [ [ [ -78.8114, 38.0139 ], [ -78.8112, 38.0184 ], [ -78.8056, 38.0183 ], [ -78.8057, 38.0138 ], [ -78.8114, 38.0139 ] ] ] } },
{ "type": "Feature", "properties": { "factor_fine": 0.876 }, "geometry": { "type": "Polygon", "coordinates": [ [ [ -78.8057, 38.0138 ], [ -78.8056, 38.0183 ], [ -78.7999, 38.0182 ], [ -78.8, 38.0137 ], [ -78.8057, 38.0138 ] ] ] } },
{ "type": "Feature", "properties": { "factor_fine": 0.881 }, "geometry": { "type": "Polygon", "coordinates": [ [ [ -78.8, 38.0137 ], [ -78.7999, 38.0182 ], [ -78.7942, 38.0181 ], [ -78.7943, 38.0136 ], [ -78.8, 38.0137 ] ] ] } },
{ "type": "Feature", "properties": { "factor_fine": 0.883 }, "geometry": { "type": "Polygon", "coordinates": [ [ [ -78.7943, 38.0136 ], [ -78.7942, 38.0181 ], [ -78.7885, 38.018 ], [ -78.7886, 38.0135 ], [ -78.7943, 38.0136 ] ] ] } },
{ "type": "Feature", "properties": { "factor_fine": 0.939 }, "geometry": { "type": "Polygon", "coordinates": [ [ [ -78.7658, 38.013 ], [ -78.7657, 38.0175 ], [ -78.76, 38.0174 ], [ -78.7602, 38.0129 ], [ -78.7658, 38.013 ] ] ] } },
{ "type": "Feature", "properties": { "factor_fine": 0.941 }, "geometry": { "type": "Polygon", "coordinates": [ [ [ -78.7602, 38.0129 ], [ -78.76, 38.0174 ], [ -78.7543, 38.0173 ], [ -78.7545, 38.0128 ], [ -78.7602, 38.0129 ] ] ] } },
{ "type": "Feature", "properties": { "factor_fine": 0.938 }, "geometry": { "type": "Polygon", "coordinates": [ [ [ -78.7545, 38.0128 ], [ -78.7543, 38.0173 ], [ -78.7486, 38.0172 ], [ -78.7488, 38.0127 ], [ -78.7545, 38.0128 ] ] ] } },
{ "type": "Feature", "properties": { "factor_fine": 0.93 }, "geometry": { "type": "Polygon", "coordinates": [ [ [ -78.7488, 38.0127 ], [ -78.7486, 38.0172 ], [ -78.7429, 38.0171 ], [ -78.7431, 38.0126 ], [ -78.7488, 38.0127 ] ] ] } },
{ "type": "Feature", "properties": { "factor_fine": 0.923 }, "geometry": { "type": "Polygon", "coordinates": [ [ [ -78.7431, 38.0126 ], [ -78.7429, 38.0171 ], [ -78.7373, 38.017 ], [ -78.7374, 38.0125 ], [ -78.7431, 38.0126 ] ] ] } },
{ "type": "Feature", "properties": { "factor_fine": 0.926 }, "geometry": { "type": "Polygon", "coordinates": [ [ [ -78.7374, 38.0125 ], [ -78.7373, 38.017 ], [ -78.7316, 38.0169 ], [ -78.7317, 38.0124 ], [ -78.7374, 38.0125 ] ] ] } },
{ "type": "Feature", "properties": { "factor_fine": 0.935 }, "geometry": { "type": "Polygon", "coordinates": [ [ [ -78.7317, 38.0124 ], [ -78.7316, 38.0169 ], [ -78.7259, 38.0168 ], [ -78.726, 38.0123 ], [ -78.7317, 38.0124 ] ] ] } },
{ "type": "Feature", "properties": { "factor_fine": 0.912 }, "geometry": { "type": "Polygon", "coordinates": [ [ [ -78.6691, 38.0112 ], [ -78.669, 38.0157 ], [ -78.6633, 38.0156 ], [ -78.6634, 38.0111 ], [ -78.6691, 38.0112 ] ] ] } },
{ "type": "Feature", "properties": { "factor_fine": 0.911 }, "geometry": { "type": "Polygon", "coordinates": [ [ [ -78.6634, 38.0111 ], [ -78.6633, 38.0156 ], [ -78.6576, 38.0154 ], [ -78.6577, 38.0109 ], [ -78.6634, 38.0111 ] ] ] } },
{ "type": "Feature", "properties": { "factor_fine": 0.912 }, "geometry": { "type": "Polygon", "coordinates": [ [ [ -78.6577, 38.0109 ], [ -78.6576, 38.0154 ], [ -78.6519, 38.0153 ], [ -78.652, 38.0108 ], [ -78.6577, 38.0109 ] ] ] } },
{ "type": "Feature", "properties": { "factor_fine": 0.917 }, "geometry": { "type": "Polygon", "coordinates": [ [ [ -78.652, 38.0108 ], [ -78.6519, 38.0153 ], [ -78.6462, 38.0152 ], [ -78.6463, 38.0107 ], [ -78.652, 38.0108 ] ] ] } },
{ "type": "Feature", "properties": { "factor_fine": 0.924 }, "geometry": { "type": "Polygon", "coordinates": [ [ [ -78.6463, 38.0107 ], [ -78.6462, 38.0152 ], [ -78.6405, 38.0151 ], [ -78.6406, 38.0106 ], [ -78.6463, 38.0107 ] ] ] } },
{ "type": "Feature", "properties": { "factor_fine": 0.933 }, "geometry": { "type": "Polygon", "coordinates": [ [ [ -78.6349, 38.0105 ], [ -78.6348, 38.015 ], [ -78.6291, 38.0149 ], [ -78.6293, 38.0104 ], [ -78.6349, 38.0105 ] ] ] } },
{ "type": "Feature", "properties": { "factor_fine": 0.93 }, "geometry": { "type": "Polygon", "coordinates": [ [ [ -78.6293, 38.0104 ], [ -78.6291, 38.0149 ], [ -78.6234, 38.0148 ], [ -78.6236, 38.0103 ], [ -78.6293, 38.0104 ] ] ] } },
{ "type": "Feature", "properties": { "factor_fine": 0.922 }, "geometry": { "type": "Polygon", "coordinates": [ [ [ -78.6236, 38.0103 ], [ -78.6234, 38.0148 ], [ -78.6177, 38.0146 ], [ -78.6179, 38.0101 ], [ -78.6236, 38.0103 ] ] ] } },
{ "type": "Feature", "properties": { "factor_fine": 0.915 }, "geometry": { "type": "Polygon", "coordinates": [ [ [ -78.6179, 38.0101 ], [ -78.6177, 38.0146 ], [ -78.612, 38.0145 ], [ -78.6122, 38.01 ], [ -78.6179, 38.0101 ] ] ] } },
{ "type": "Feature", "properties": { "factor_fine": 0.919 }, "geometry": { "type": "Polygon", "coordinates": [ [ [ -78.6122, 38.01 ], [ -78.612, 38.0145 ], [ -78.6063, 38.0144 ], [ -78.6065, 38.0099 ], [ -78.6122, 38.01 ] ] ] } },
{ "type": "Feature", "properties": { "factor_fine": 1.0 }, "geometry": { "type": "Polygon", "coordinates": [ [ [ -78.5553, 38.0089 ], [ -78.5551, 38.0134 ], [ -78.5494, 38.0132 ], [ -78.5496, 38.0087 ], [ -78.5553, 38.0089 ] ] ] } },
{ "type": "Feature", "properties": { "factor_fine": 1.008 }, "geometry": { "type": "Polygon", "coordinates": [ [ [ -78.5496, 38.0087 ], [ -78.5494, 38.0132 ], [ -78.5437, 38.0131 ], [ -78.5439, 38.0086 ], [ -78.5496, 38.0087 ] ] ] } },
{ "type": "Feature", "properties": { "factor_fine": 1.005 }, "geometry": { "type": "Polygon", "coordinates": [ [ [ -78.5439, 38.0086 ], [ -78.5437, 38.0131 ], [ -78.5381, 38.013 ], [ -78.5382, 38.0085 ], [ -78.5439, 38.0086 ] ] ] } },
{ "type": "Feature", "properties": { "factor_fine": 0.993 }, "geometry": { "type": "Polygon", "coordinates": [ [ [ -78.5382, 38.0085 ], [ -78.5381, 38.013 ], [ -78.5324, 38.0129 ], [ -78.5325, 38.0084 ], [ -78.5382, 38.0085 ] ] ] } },
{ "type": "Feature", "properties": { "factor_fine": 0.977 }, "geometry": { "type": "Polygon", "coordinates": [ [ [ -78.5325, 38.0084 ], [ -78.5324, 38.0129 ], [ -78.5267, 38.0128 ], [ -78.5268, 38.0083 ], [ -78.5325, 38.0084 ] ] ] } },
{ "type": "Feature", "properties": { "factor_fine": 0.967 }, "geometry": { "type": "Polygon", "coordinates": [ [ [ -78.5268, 38.0083 ], [ -78.5267, 38.0128 ], [ -78.521, 38.0126 ], [ -78.5211, 38.0081 ], [ -78.5268, 38.0083 ] ] ] } },
{ "type": "Feature", "properties": { "factor_fine": 0.969 }, "geometry": { "type": "Polygon", "coordinates": [ [ [ -78.5211, 38.0081 ], [ -78.521, 38.0126 ], [ -78.5153, 38.0125 ], [ -78.5154, 38.008 ], [ -78.5211, 38.0081 ] ] ] } },
{ "type": "Feature", "properties": { "factor_fine": 0.981 }, "geometry": { "type": "Polygon", "coordinates": [ [ [ -78.5154, 38.008 ], [ -78.5153, 38.0125 ], [ -78.5096, 38.0124 ], [ -78.5098, 38.0079 ], [ -78.5154, 38.008 ] ] ] } },
{ "type": "Feature", "properties": { "factor_fine": 0.988 }, "geometry": { "type": "Polygon", "coordinates": [ [ [ -78.5098, 38.0079 ], [ -78.5096, 38.0124 ], [ -78.5039, 38.0123 ], [ -78.5041, 38.0078 ], [ -78.5098, 38.0079 ] ] ] } },
{ "type": "Feature", "properties": { "factor_fine": 0.98 }, "geometry": { "type": "Polygon", "coordinates": [ [ [ -78.5041, 38.0078 ], [ -78.5039, 38.0123 ], [ -78.4982, 38.0122 ], [ -78.4984, 38.0077 ], [ -78.5041, 38.0078 ] ] ] } },
{ "type": "Feature", "properties": { "factor_fine": 0.967 }, "geometry": { "type": "Polygon", "coordinates": [ [ [ -78.4984, 38.0077 ], [ -78.4982, 38.0122 ], [ -78.4925, 38.012 ], [ -78.4927, 38.0075 ], [ -78.4984, 38.0077 ] ] ] } },
{ "type": "Feature", "properties": { "factor_fine": 0.959 }, "geometry": { "type": "Polygon", "coordinates": [ [ [ -78.4927, 38.0075 ], [ -78.4925, 38.012 ], [ -78.4868, 38.0119 ], [ -78.487, 38.0074 ], [ -78.4927, 38.0075 ] ] ] } },
{ "type": "Feature", "properties": { "factor_fine": 0.959 }, "geometry": { "type": "Polygon", "coordinates": [ [ [ -78.487, 38.0074 ], [ -78.4868, 38.0119 ], [ -78.4812, 38.0118 ], [ -78.4813, 38.0073 ], [ -78.487, 38.0074 ] ] ] } },
{ "type": "Feature", "properties": { "factor_fine": 0.958 }, "geometry": { "type": "Polygon", "coordinates": [ [ [ -78.4813, 38.0073 ], [ -78.4812, 38.0118 ], [ -78.4755, 38.0117 ], [ -78.4756, 38.0072 ], [ -78.4813, 38.0073 ] ] ] } },
{ "type": "Feature", "properties": { "factor_fine": 0.953 }, "geometry": { "type": "Polygon", "coordinates": [ [ [ -78.4756, 38.0072 ], [ -78.4755, 38.0117 ], [ -78.4698, 38.0116 ], [ -78.4699, 38.007 ], [ -78.4756, 38.0072 ] ] ] } },
{ "type": "Feature", "properties": { "factor_fine": 0.946 }, "geometry": { "type": "Polygon", "coordinates": [ [ [ -78.4699, 38.007 ], [ -78.4698, 38.0116 ], [ -78.4641, 38.0114 ], [ -78.4642, 38.0069 ], [ -78.4699, 38.007 ] ] ] } },
{ "type": "Feature", "properties": { "factor_fine": 0.94 }, "geometry": { "type": "Polygon", "coordinates": [ [ [ -78.4642, 38.0069 ], [ -78.4641, 38.0114 ], [ -78.4584, 38.0113 ], [ -78.4585, 38.0068 ], [ -78.4642, 38.0069 ] ] ] } },
{ "type": "Feature", "properties": { "factor_fine": 0.939 }, "geometry": { "type": "Polygon", "coordinates": [ [ [ -78.4585, 38.0068 ], [ -78.4584, 38.0113 ], [ -78.4527, 38.0112 ], [ -78.4529, 38.0067 ], [ -78.4585, 38.0068 ] ] ] } },
{ "type": "Feature", "properties": { "factor_fine": 0.948 }, "geometry": { "type": "Polygon", "coordinates": [ [ [ -78.4529, 38.0067 ], [ -78.4527, 38.0112 ], [ -78.447, 38.0111 ], [ -78.4472, 38.0066 ], [ -78.4529, 38.0067 ] ] ] } },
{ "type": "Feature", "properties": { "factor_fine": 0.966 }, "geometry": { "type": "Polygon", "coordinates": [ [ [ -78.4472, 38.0066 ], [ -78.447, 38.0111 ], [ -78.4413, 38.0109 ], [ -78.4415, 38.0064 ], [ -78.4472, 38.0066 ] ] ] } },
{ "type": "Feature", "properties": { "factor_fine": 0.929 }, "geometry": { "type": "Polygon", "coordinates": [ [ [ -78.4244, 38.0061 ], [ -78.4243, 38.0106 ], [ -78.4186, 38.0104 ], [ -78.4187, 38.0059 ], [ -78.4244, 38.0061 ] ] ] } },
{ "type": "Feature", "properties": { "factor_fine": 0.944 }, "geometry": { "type": "Polygon", "coordinates": [ [ [ -78.4187, 38.0059 ], [ -78.4186, 38.0104 ], [ -78.4129, 38.0103 ], [ -78.413, 38.0058 ], [ -78.4187, 38.0059 ] ] ] } },
{ "type": "Feature", "properties": { "factor_fine": 0.972 }, "geometry": { "type": "Polygon", "coordinates": [ [ [ -78.413, 38.0058 ], [ -78.4129, 38.0103 ], [ -78.4072, 38.0102 ], [ -78.4073, 38.0057 ], [ -78.413, 38.0058 ] ] ] } },
{ "type": "Feature", "properties": { "factor_fine": 0.985 }, "geometry": { "type": "Polygon", "coordinates": [ [ [ -78.4073, 38.0057 ], [ -78.4072, 38.0102 ], [ -78.4015, 38.0101 ], [ -78.4017, 38.0056 ], [ -78.4073, 38.0057 ] ] ] } },
{ "type": "Feature", "properties": { "factor_fine": 0.976 }, "geometry": { "type": "Polygon", "coordinates": [ [ [ -78.4017, 38.0056 ], [ -78.4015, 38.0101 ], [ -78.3958, 38.0099 ], [ -78.396, 38.0054 ], [ -78.4017, 38.0056 ] ] ] } },
{ "type": "Feature", "properties": { "factor_fine": 0.975 }, "geometry": { "type": "Polygon", "coordinates": [ [ [ -78.396, 38.0054 ], [ -78.3958, 38.0099 ], [ -78.3901, 38.0098 ], [ -78.3903, 38.0053 ], [ -78.396, 38.0054 ] ] ] } },
{ "type": "Feature", "properties": { "factor_fine": 0.983 }, "geometry": { "type": "Polygon", "coordinates": [ [ [ -78.3903, 38.0053 ], [ -78.3901, 38.0098 ], [ -78.3844, 38.0097 ], [ -78.3846, 38.0052 ], [ -78.3903, 38.0053 ] ] ] } },
{ "type": "Feature", "properties": { "factor_fine": 0.992 }, "geometry": { "type": "Polygon", "coordinates": [ [ [ -78.3846, 38.0052 ], [ -78.3844, 38.0097 ], [ -78.3787, 38.0096 ], [ -78.3789, 38.0051 ], [ -78.3846, 38.0052 ] ] ] } },
{ "type": "Feature", "properties": { "factor_fine": 0.998 }, "geometry": { "type": "Polygon", "coordinates": [ [ [ -78.3789, 38.0051 ], [ -78.3787, 38.0096 ], [ -78.373, 38.0094 ], [ -78.3732, 38.0049 ], [ -78.3789, 38.0051 ] ] ] } },
{ "type": "Feature", "properties": { "factor_fine": 0.999 }, "geometry": { "type": "Polygon", "coordinates": [ [ [ -78.3732, 38.0049 ], [ -78.373, 38.0094 ], [ -78.3674, 38.0093 ], [ -78.3675, 38.0048 ], [ -78.3732, 38.0049 ] ] ] } },
{ "type": "Feature", "properties": { "factor_fine": 0.992 }, "geometry": { "type": "Polygon", "coordinates": [ [ [ -78.3675, 38.0048 ], [ -78.3674, 38.0093 ], [ -78.3617, 38.0092 ], [ -78.3618, 38.0047 ], [ -78.3675, 38.0048 ] ] ] } },
{ "type": "Feature", "properties": { "factor_fine": 0.973 }, "geometry": { "type": "Polygon", "coordinates": [ [ [ -78.3618, 38.0047 ], [ -78.3617, 38.0092 ], [ -78.356, 38.009 ], [ -78.3561, 38.0045 ], [ -78.3618, 38.0047 ] ] ] } },
{ "type": "Feature", "properties": { "factor_fine": 0.947 }, "geometry": { "type": "Polygon", "coordinates": [ [ [ -78.3561, 38.0045 ], [ -78.356, 38.009 ], [ -78.3503, 38.0089 ], [ -78.3504, 38.0044 ], [ -78.3561, 38.0045 ] ] ] } },
{ "type": "Feature", "properties": { "factor_fine": 0.928 }, "geometry": { "type": "Polygon", "coordinates": [ [ [ -78.3504, 38.0044 ], [ -78.3503, 38.0089 ], [ -78.3446, 38.0088 ], [ -78.3448, 38.0043 ], [ -78.3504, 38.0044 ] ] ] } },
{ "type": "Feature", "properties": { "factor_fine": 0.914 }, "geometry": { "type": "Polygon", "coordinates": [ [ [ -78.3448, 38.0043 ], [ -78.3446, 38.0088 ], [ -78.3389, 38.0087 ], [ -78.3391, 38.0042 ], [ -78.3448, 38.0043 ] ] ] } },
{ "type": "Feature", "properties": { "factor_fine": 0.899 }, "geometry": { "type": "Polygon", "coordinates": [ [ [ -78.3391, 38.0042 ], [ -78.3389, 38.0087 ], [ -78.3332, 38.0085 ], [ -78.3334, 38.004 ], [ -78.3391, 38.0042 ] ] ] } },
{ "type": "Feature", "properties": { "factor_fine": 0.884 }, "geometry": { "type": "Polygon", "coordinates": [ [ [ -78.3334, 38.004 ], [ -78.3332, 38.0085 ], [ -78.3275, 38.0084 ], [ -78.3277, 38.0039 ], [ -78.3334, 38.004 ] ] ] } },
{ "type": "Feature", "properties": { "factor_fine": 0.918 }, "geometry": { "type": "Polygon", "coordinates": [ [ [ -78.8226, 38.0186 ], [ -78.8225, 38.0231 ], [ -78.8168, 38.023 ], [ -78.8169, 38.0185 ], [ -78.8226, 38.0186 ] ] ] } },
{ "type": "Feature", "properties": { "factor_fine": 0.912 }, "geometry": { "type": "Polygon", "coordinates": [ [ [ -78.8169, 38.0185 ], [ -78.8168, 38.023 ], [ -78.8111, 38.0229 ], [ -78.8112, 38.0184 ], [ -78.8169, 38.0185 ] ] ] } },
{ "type": "Feature", "properties": { "factor_fine": 0.899 }, "geometry": { "type": "Polygon", "coordinates": [ [ [ -78.8112, 38.0184 ], [ -78.8111, 38.0229 ], [ -78.8054, 38.0228 ], [ -78.8056, 38.0183 ], [ -78.8112, 38.0184 ] ] ] } },
{ "type": "Feature", "properties": { "factor_fine": 0.882 }, "geometry": { "type": "Polygon", "coordinates": [ [ [ -78.8056, 38.0183 ], [ -78.8054, 38.0228 ], [ -78.7997, 38.0227 ], [ -78.7999, 38.0182 ], [ -78.8056, 38.0183 ] ] ] } },
{ "type": "Feature", "properties": { "factor_fine": 0.87 }, "geometry": { "type": "Polygon", "coordinates": [ [ [ -78.7999, 38.0182 ], [ -78.7997, 38.0227 ], [ -78.794, 38.0226 ], [ -78.7942, 38.0181 ], [ -78.7999, 38.0182 ] ] ] } },
{ "type": "Feature", "properties": { "factor_fine": 0.866 }, "geometry": { "type": "Polygon", "coordinates": [ [ [ -78.7942, 38.0181 ], [ -78.794, 38.0226 ], [ -78.7883, 38.0225 ], [ -78.7885, 38.018 ], [ -78.7942, 38.0181 ] ] ] } },
{ "type": "Feature", "properties": { "factor_fine": 0.954 }, "geometry": { "type": "Polygon", "coordinates": [ [ [ -78.7316, 38.0169 ], [ -78.7314, 38.0214 ], [ -78.7257, 38.0213 ], [ -78.7259, 38.0168 ], [ -78.7316, 38.0169 ] ] ] } },
{ "type": "Feature", "properties": { "factor_fine": 0.965 }, "geometry": { "type": "Polygon", "coordinates": [ [ [ -78.7259, 38.0168 ], [ -78.7257, 38.0213 ], [ -78.72, 38.0212 ], [ -78.7202, 38.0167 ], [ -78.7259, 38.0168 ] ] ] } },
{ "type": "Feature", "properties": { "factor_fine": 0.891 }, "geometry": { "type": "Polygon", "coordinates": [ [ [ -78.6746, 38.0158 ], [ -78.6745, 38.0203 ], [ -78.6688, 38.0202 ], [ -78.669, 38.0157 ], [ -78.6746, 38.0158 ] ] ] } },
{ "type": "Feature", "properties": { "factor_fine": 0.898 }, "geometry": { "type": "Polygon", "coordinates": [ [ [ -78.669, 38.0157 ], [ -78.6688, 38.0202 ], [ -78.6631, 38.0201 ], [ -78.6633, 38.0156 ], [ -78.669, 38.0157 ] ] ] } },
{ "type": "Feature", "properties": { "factor_fine": 0.905 }, "geometry": { "type": "Polygon", "coordinates": [ [ [ -78.6633, 38.0156 ], [ -78.6631, 38.0201 ], [ -78.6574, 38.0199 ], [ -78.6576, 38.0154 ], [ -78.6633, 38.0156 ] ] ] } },
{ "type": "Feature", "properties": { "factor_fine": 0.916 }, "geometry": { "type": "Polygon", "coordinates": [ [ [ -78.6576, 38.0154 ], [ -78.6574, 38.0199 ], [ -78.6517, 38.0198 ], [ -78.6519, 38.0153 ], [ -78.6576, 38.0154 ] ] ] } },
{ "type": "Feature", "properties": { "factor_fine": 0.93 }, "geometry": { "type": "Polygon", "coordinates": [ [ [ -78.6519, 38.0153 ], [ -78.6517, 38.0198 ], [ -78.646, 38.0197 ], [ -78.6462, 38.0152 ], [ -78.6519, 38.0153 ] ] ] } },
{ "type": "Feature", "properties": { "factor_fine": 0.942 }, "geometry": { "type": "Polygon", "coordinates": [ [ [ -78.6462, 38.0152 ], [ -78.646, 38.0197 ], [ -78.6404, 38.0196 ], [ -78.6405, 38.0151 ], [ -78.6462, 38.0152 ] ] ] } },
{ "type": "Feature", "properties": { "factor_fine": 0.947 }, "geometry": { "type": "Polygon", "coordinates": [ [ [ -78.6405, 38.0151 ], [ -78.6404, 38.0196 ], [ -78.6347, 38.0195 ], [ -78.6348, 38.015 ], [ -78.6405, 38.0151 ] ] ] } },
{ "type": "Feature", "properties": { "factor_fine": 0.945 }, "geometry": { "type": "Polygon", "coordinates": [ [ [ -78.6348, 38.015 ], [ -78.6347, 38.0195 ], [ -78.629, 38.0194 ], [ -78.6291, 38.0149 ], [ -78.6348, 38.015 ] ] ] } },
{ "type": "Feature", "properties": { "factor_fine": 0.937 }, "geometry": { "type": "Polygon", "coordinates": [ [ [ -78.6291, 38.0149 ], [ -78.629, 38.0194 ], [ -78.6233, 38.0193 ], [ -78.6234, 38.0148 ], [ -78.6291, 38.0149 ] ] ] } },
{ "type": "Feature", "properties": { "factor_fine": 0.929 }, "geometry": { "type": "Polygon", "coordinates": [ [ [ -78.6234, 38.0148 ], [ -78.6233, 38.0193 ], [ -78.6176, 38.0191 ], [ -78.6177, 38.0146 ], [ -78.6234, 38.0148 ] ] ] } },
{ "type": "Feature", "properties": { "factor_fine": 0.931 }, "geometry": { "type": "Polygon", "coordinates": [ [ [ -78.6177, 38.0146 ], [ -78.6176, 38.0191 ], [ -78.6119, 38.019 ], [ -78.612, 38.0145 ], [ -78.6177, 38.0146 ] ] ] } },
{ "type": "Feature", "properties": { "factor_fine": 0.947 }, "geometry": { "type": "Polygon", "coordinates": [ [ [ -78.612, 38.0145 ], [ -78.6119, 38.019 ], [ -78.6062, 38.0189 ], [ -78.6063, 38.0144 ], [ -78.612, 38.0145 ] ] ] } },
{ "type": "Feature", "properties": { "factor_fine": 0.968 }, "geometry": { "type": "Polygon", "coordinates": [ [ [ -78.6063, 38.0144 ], [ -78.6062, 38.0189 ], [ -78.6005, 38.0188 ], [ -78.6007, 38.0143 ], [ -78.6063, 38.0144 ] ] ] } },
{ "type": "Feature", "properties": { "factor_fine": 0.983 }, "geometry": { "type": "Polygon", "coordinates": [ [ [ -78.6007, 38.0143 ], [ -78.6005, 38.0188 ], [ -78.5948, 38.0187 ], [ -78.595, 38.0142 ], [ -78.6007, 38.0143 ] ] ] } },
{ "type": "Feature", "properties": { "factor_fine": 0.997 }, "geometry": { "type": "Polygon", "coordinates": [ [ [ -78.5551, 38.0134 ], [ -78.555, 38.0179 ], [ -78.5493, 38.0177 ], [ -78.5494, 38.0132 ], [ -78.5551, 38.0134 ] ] ] } },
{ "type": "Feature", "properties": { "factor_fine": 1.001 }, "geometry": { "type": "Polygon", "coordinates": [ [ [ -78.5494, 38.0132 ], [ -78.5493, 38.0177 ], [ -78.5436, 38.0176 ], [ -78.5437, 38.0131 ], [ -78.5494, 38.0132 ] ] ] } },
{ "type": "Feature", "properties": { "factor_fine": 0.993 }, "geometry": { "type": "Polygon", "coordinates": [ [ [ -78.5437, 38.0131 ], [ -78.5436, 38.0176 ], [ -78.5379, 38.0175 ], [ -78.5381, 38.013 ], [ -78.5437, 38.0131 ] ] ] } },
{ "type": "Feature", "properties": { "factor_fine": 0.974 }, "geometry": { "type": "Polygon", "coordinates": [ [ [ -78.5381, 38.013 ], [ -78.5379, 38.0175 ], [ -78.5322, 38.0174 ], [ -78.5324, 38.0129 ], [ -78.5381, 38.013 ] ] ] } },
{ "type": "Feature", "properties": { "factor_fine": 0.955 }, "geometry": { "type": "Polygon", "coordinates": [ [ [ -78.5324, 38.0129 ], [ -78.5322, 38.0174 ], [ -78.5265, 38.0173 ], [ -78.5267, 38.0128 ], [ -78.5324, 38.0129 ] ] ] } },
{ "type": "Feature", "properties": { "factor_fine": 0.946 }, "geometry": { "type": "Polygon", "coordinates": [ [ [ -78.5267, 38.0128 ], [ -78.5265, 38.0173 ], [ -78.5208, 38.0171 ], [ -78.521, 38.0126 ], [ -78.5267, 38.0128 ] ] ] } },
{ "type": "Feature", "properties": { "factor_fine": 0.954 }, "geometry": { "type": "Polygon", "coordinates": [ [ [ -78.521, 38.0126 ], [ -78.5208, 38.0171 ], [ -78.5151, 38.017 ], [ -78.5153, 38.0125 ], [ -78.521, 38.0126 ] ] ] } },
{ "type": "Feature", "properties": { "factor_fine": 0.97 }, "geometry": { "type": "Polygon", "coordinates": [ [ [ -78.5153, 38.0125 ], [ -78.5151, 38.017 ], [ -78.5095, 38.0169 ], [ -78.5096, 38.0124 ], [ -78.5153, 38.0125 ] ] ] } },
{ "type": "Feature", "properties": { "factor_fine": 0.975 }, "geometry": { "type": "Polygon", "coordinates": [ [ [ -78.5096, 38.0124 ], [ -78.5095, 38.0169 ], [ -78.5038, 38.0168 ], [ -78.5039, 38.0123 ], [ -78.5096, 38.0124 ] ] ] } },
{ "type": "Feature", "properties": { "factor_fine": 0.963 }, "geometry": { "type": "Polygon", "coordinates": [ [ [ -78.5039, 38.0123 ], [ -78.5038, 38.0168 ], [ -78.4981, 38.0167 ], [ -78.4982, 38.0122 ], [ -78.5039, 38.0123 ] ] ] } },
{ "type": "Feature", "properties": { "factor_fine": 0.95 }, "geometry": { "type": "Polygon", "coordinates": [ [ [ -78.4982, 38.0122 ], [ -78.4981, 38.0167 ], [ -78.4924, 38.0165 ], [ -78.4925, 38.012 ], [ -78.4982, 38.0122 ] ] ] } },
{ "type": "Feature", "properties": { "factor_fine": 0.949 }, "geometry": { "type": "Polygon", "coordinates": [ [ [ -78.4925, 38.012 ], [ -78.4924, 38.0165 ], [ -78.4867, 38.0164 ], [ -78.4868, 38.0119 ], [ -78.4925, 38.012 ] ] ] } },
{ "type": "Feature", "properties": { "factor_fine": 0.96 }, "geometry": { "type": "Polygon", "coordinates": [ [ [ -78.4868, 38.0119 ], [ -78.4867, 38.0164 ], [ -78.481, 38.0163 ], [ -78.4812, 38.0118 ], [ -78.4868, 38.0119 ] ] ] } },
{ "type": "Feature", "properties": { "factor_fine": 0.968 }, "geometry": { "type": "Polygon", "coordinates": [ [ [ -78.4812, 38.0118 ], [ -78.481, 38.0163 ], [ -78.4753, 38.0162 ], [ -78.4755, 38.0117 ], [ -78.4812, 38.0118 ] ] ] } },
{ "type": "Feature", "properties": { "factor_fine": 0.967 }, "geometry": { "type": "Polygon", "coordinates": [ [ [ -78.4755, 38.0117 ], [ -78.4753, 38.0162 ], [ -78.4696, 38.0161 ], [ -78.4698, 38.0116 ], [ -78.4755, 38.0117 ] ] ] } },
{ "type": "Feature", "properties": { "factor_fine": 0.962 }, "geometry": { "type": "Polygon", "coordinates": [ [ [ -78.4698, 38.0116 ], [ -78.4696, 38.0161 ], [ -78.4639, 38.0159 ], [ -78.4641, 38.0114 ], [ -78.4698, 38.0116 ] ] ] } },
{ "type": "Feature", "properties": { "factor_fine": 0.957 }, "geometry": { "type": "Polygon", "coordinates": [ [ [ -78.4641, 38.0114 ], [ -78.4639, 38.0159 ], [ -78.4582, 38.0158 ], [ -78.4584, 38.0113 ], [ -78.4641, 38.0114 ] ] ] } },
{ "type": "Feature", "properties": { "factor_fine": 0.959 }, "geometry": { "type": "Polygon", "coordinates": [ [ [ -78.4584, 38.0113 ], [ -78.4582, 38.0158 ], [ -78.4525, 38.0157 ], [ -78.4527, 38.0112 ], [ -78.4584, 38.0113 ] ] ] } },
{ "type": "Feature", "properties": { "factor_fine": 0.972 }, "geometry": { "type": "Polygon", "coordinates": [ [ [ -78.4527, 38.0112 ], [ -78.4525, 38.0157 ], [ -78.4469, 38.0156 ], [ -78.447, 38.0111 ], [ -78.4527, 38.0112 ] ] ] } },
{ "type": "Feature", "properties": { "factor_fine": 0.994 }, "geometry": { "type": "Polygon", "coordinates": [ [ [ -78.447, 38.0111 ], [ -78.4469, 38.0156 ], [ -78.4412, 38.0154 ], [ -78.4413, 38.0109 ], [ -78.447, 38.0111 ] ] ] } },
{ "type": "Feature", "properties": { "factor_fine": 1.017 }, "geometry": { "type": "Polygon", "coordinates": [ [ [ -78.4413, 38.0109 ], [ -78.4412, 38.0154 ], [ -78.4355, 38.0153 ], [ -78.4356, 38.0108 ], [ -78.4413, 38.0109 ] ] ] } },
{ "type": "Feature", "properties": { "factor_fine": 1.022 }, "geometry": { "type": "Polygon", "coordinates": [ [ [ -78.4356, 38.0108 ], [ -78.4355, 38.0153 ], [ -78.4298, 38.0152 ], [ -78.4299, 38.0107 ], [ -78.4356, 38.0108 ] ] ] } },
{ "type": "Feature", "properties": { "factor_fine": 0.993 }, "geometry": { "type": "Polygon", "coordinates": [ [ [ -78.4299, 38.0107 ], [ -78.4298, 38.0152 ], [ -78.4241, 38.0151 ], [ -78.4243, 38.0106 ], [ -78.4299, 38.0107 ] ] ] } },
{ "type": "Feature", "properties": { "factor_fine": 0.98 }, "geometry": { "type": "Polygon", "coordinates": [ [ [ -78.4129, 38.0103 ], [ -78.4127, 38.0148 ], [ -78.407, 38.0147 ], [ -78.4072, 38.0102 ], [ -78.4129, 38.0103 ] ] ] } },
{ "type": "Feature", "properties": { "factor_fine": 0.991 }, "geometry": { "type": "Polygon", "coordinates": [ [ [ -78.4072, 38.0102 ], [ -78.407, 38.0147 ], [ -78.4013, 38.0146 ], [ -78.4015, 38.0101 ], [ -78.4072, 38.0102 ] ] ] } },
{ "type": "Feature", "properties": { "factor_fine": 0.978 }, "geometry": { "type": "Polygon", "coordinates": [ [ [ -78.4015, 38.0101 ], [ -78.4013, 38.0146 ], [ -78.3956, 38.0144 ], [ -78.3958, 38.0099 ], [ -78.4015, 38.0101 ] ] ] } },
{ "type": "Feature", "properties": { "factor_fine": 0.979 }, "geometry": { "type": "Polygon", "coordinates": [ [ [ -78.3958, 38.0099 ], [ -78.3956, 38.0144 ], [ -78.39, 38.0143 ], [ -78.3901, 38.0098 ], [ -78.3958, 38.0099 ] ] ] } },
{ "type": "Feature", "properties": { "factor_fine": 0.989 }, "geometry": { "type": "Polygon", "coordinates": [ [ [ -78.3901, 38.0098 ], [ -78.39, 38.0143 ], [ -78.3843, 38.0142 ], [ -78.3844, 38.0097 ], [ -78.3901, 38.0098 ] ] ] } },
{ "type": "Feature", "properties": { "factor_fine": 1.0 }, "geometry": { "type": "Polygon", "coordinates": [ [ [ -78.3844, 38.0097 ], [ -78.3843, 38.0142 ], [ -78.3786, 38.0141 ], [ -78.3787, 38.0096 ], [ -78.3844, 38.0097 ] ] ] } },
{ "type": "Feature", "properties": { "factor_fine": 1.006 }, "geometry": { "type": "Polygon", "coordinates": [ [ [ -78.3787, 38.0096 ], [ -78.3786, 38.0141 ], [ -78.3729, 38.0139 ], [ -78.373, 38.0094 ], [ -78.3787, 38.0096 ] ] ] } },
{ "type": "Feature", "properties": { "factor_fine": 1.003 }, "geometry": { "type": "Polygon", "coordinates": [ [ [ -78.373, 38.0094 ], [ -78.3729, 38.0139 ], [ -78.3672, 38.0138 ], [ -78.3674, 38.0093 ], [ -78.373, 38.0094 ] ] ] } },
{ "type": "Feature", "properties": { "factor_fine": 0.986 }, "geometry": { "type": "Polygon", "coordinates": [ [ [ -78.3674, 38.0093 ], [ -78.3672, 38.0138 ], [ -78.3615, 38.0137 ], [ -78.3617, 38.0092 ], [ -78.3674, 38.0093 ] ] ] } },
{ "type": "Feature", "properties": { "factor_fine": 0.953 }, "geometry": { "type": "Polygon", "coordinates": [ [ [ -78.3617, 38.0092 ], [ -78.3615, 38.0137 ], [ -78.3558, 38.0135 ], [ -78.356, 38.009 ], [ -78.3617, 38.0092 ] ] ] } },
{ "type": "Feature", "properties": { "factor_fine": 0.921 }, "geometry": { "type": "Polygon", "coordinates": [ [ [ -78.356, 38.009 ], [ -78.3558, 38.0135 ], [ -78.3501, 38.0134 ], [ -78.3503, 38.0089 ], [ -78.356, 38.009 ] ] ] } },
{ "type": "Feature", "properties": { "factor_fine": 0.905 }, "geometry": { "type": "Polygon", "coordinates": [ [ [ -78.3503, 38.0089 ], [ -78.3501, 38.0134 ], [ -78.3444, 38.0133 ], [ -78.3446, 38.0088 ], [ -78.3503, 38.0089 ] ] ] } },
{ "type": "Feature", "properties": { "factor_fine": 0.901 }, "geometry": { "type": "Polygon", "coordinates": [ [ [ -78.3446, 38.0088 ], [ -78.3444, 38.0133 ], [ -78.3387, 38.0132 ], [ -78.3389, 38.0087 ], [ -78.3446, 38.0088 ] ] ] } },
{ "type": "Feature", "properties": { "factor_fine": 0.904 }, "geometry": { "type": "Polygon", "coordinates": [ [ [ -78.3389, 38.0087 ], [ -78.3387, 38.0132 ], [ -78.3331, 38.013 ], [ -78.3332, 38.0085 ], [ -78.3389, 38.0087 ] ] ] } },
{ "type": "Feature", "properties": { "factor_fine": 0.936 }, "geometry": { "type": "Polygon", "coordinates": [ [ [ -78.8282, 38.0232 ], [ -78.8281, 38.0277 ], [ -78.8224, 38.0276 ], [ -78.8225, 38.0231 ], [ -78.8282, 38.0232 ] ] ] } },
{ "type": "Feature", "properties": { "factor_fine": 0.935 }, "geometry": { "type": "Polygon", "coordinates": [ [ [ -78.8225, 38.0231 ], [ -78.8224, 38.0276 ], [ -78.8167, 38.0275 ], [ -78.8168, 38.023 ], [ -78.8225, 38.0231 ] ] ] } },
{ "type": "Feature", "properties": { "factor_fine": 0.924 }, "geometry": { "type": "Polygon", "coordinates": [ [ [ -78.8168, 38.023 ], [ -78.8167, 38.0275 ], [ -78.811, 38.0274 ], [ -78.8111, 38.0229 ], [ -78.8168, 38.023 ] ] ] } },
{ "type": "Feature", "properties": { "factor_fine": 0.892 }, "geometry": { "type": "Polygon", "coordinates": [ [ [ -78.8111, 38.0229 ], [ -78.811, 38.0274 ], [ -78.8053, 38.0273 ], [ -78.8054, 38.0228 ], [ -78.8111, 38.0229 ] ] ] } },
{ "type": "Feature", "properties": { "factor_fine": 0.849 }, "geometry": { "type": "Polygon", "coordinates": [ [ [ -78.8054, 38.0228 ], [ -78.8053, 38.0273 ], [ -78.7996, 38.0272 ], [ -78.7997, 38.0227 ], [ -78.8054, 38.0228 ] ] ] } },
{ "type": "Feature", "properties": { "factor_fine": 0.826 }, "geometry": { "type": "Polygon", "coordinates": [ [ [ -78.7997, 38.0227 ], [ -78.7996, 38.0272 ], [ -78.7939, 38.0271 ], [ -78.794, 38.0226 ], [ -78.7997, 38.0227 ] ] ] } },
{ "type": "Feature", "properties": { "factor_fine": 0.83 }, "geometry": { "type": "Polygon", "coordinates": [ [ [ -78.794, 38.0226 ], [ -78.7939, 38.0271 ], [ -78.7882, 38.027 ], [ -78.7883, 38.0225 ], [ -78.794, 38.0226 ] ] ] } },
{ "type": "Feature", "properties": { "factor_fine": 0.966 }, "geometry": { "type": "Polygon", "coordinates": [ [ [ -78.7314, 38.0214 ], [ -78.7313, 38.0259 ], [ -78.7256, 38.0258 ], [ -78.7257, 38.0213 ], [ -78.7314, 38.0214 ] ] ] } },
{ "type": "Feature", "properties": { "factor_fine": 0.972 }, "geometry": { "type": "Polygon", "coordinates": [ [ [ -78.7257, 38.0213 ], [ -78.7256, 38.0258 ], [ -78.7199, 38.0257 ], [ -78.72, 38.0212 ], [ -78.7257, 38.0213 ] ] ] } },
{ "type": "Feature", "properties": { "factor_fine": 0.973 }, "geometry": { "type": "Polygon", "coordinates": [ [ [ -78.72, 38.0212 ], [ -78.7199, 38.0257 ], [ -78.7142, 38.0256 ], [ -78.7143, 38.0211 ], [ -78.72, 38.0212 ] ] ] } },
{ "type": "Feature", "properties": { "factor_fine": 0.967 }, "geometry": { "type": "Polygon", "coordinates": [ [ [ -78.7143, 38.0211 ], [ -78.7142, 38.0256 ], [ -78.7085, 38.0255 ], [ -78.7087, 38.021 ], [ -78.7143, 38.0211 ] ] ] } },
{ "type": "Feature", "properties": { "factor_fine": 0.954 }, "geometry": { "type": "Polygon", "coordinates": [ [ [ -78.7087, 38.021 ], [ -78.7085, 38.0255 ], [ -78.7028, 38.0253 ], [ -78.703, 38.0208 ], [ -78.7087, 38.021 ] ] ] } },
{ "type": "Feature", "properties": { "factor_fine": 0.937 }, "geometry": { "type": "Polygon", "coordinates": [ [ [ -78.703, 38.0208 ], [ -78.7028, 38.0253 ], [ -78.6971, 38.0252 ], [ -78.6973, 38.0207 ], [ -78.703, 38.0208 ] ] ] } },
{ "type": "Feature", "properties": { "factor_fine": 0.864 }, "geometry": { "type": "Polygon", "coordinates": [ [ [ -78.6745, 38.0203 ], [ -78.6744, 38.0248 ], [ -78.6687, 38.0247 ], [ -78.6688, 38.0202 ], [ -78.6745, 38.0203 ] ] ] } },
{ "type": "Feature", "properties": { "factor_fine": 0.874 }, "geometry": { "type": "Polygon", "coordinates": [ [ [ -78.6688, 38.0202 ], [ -78.6687, 38.0247 ], [ -78.663, 38.0246 ], [ -78.6631, 38.0201 ], [ -78.6688, 38.0202 ] ] ] } },
{ "type": "Feature", "properties": { "factor_fine": 0.891 }, "geometry": { "type": "Polygon", "coordinates": [ [ [ -78.6631, 38.0201 ], [ -78.663, 38.0246 ], [ -78.6573, 38.0244 ], [ -78.6574, 38.0199 ], [ -78.6631, 38.0201 ] ] ] } },
{ "type": "Feature", "properties": { "factor_fine": 0.914 }, "geometry": { "type": "Polygon", "coordinates": [ [ [ -78.6574, 38.0199 ], [ -78.6573, 38.0244 ], [ -78.6516, 38.0243 ], [ -78.6517, 38.0198 ], [ -78.6574, 38.0199 ] ] ] } },
{ "type": "Feature", "properties": { "factor_fine": 0.937 }, "geometry": { "type": "Polygon", "coordinates": [ [ [ -78.6517, 38.0198 ], [ -78.6516, 38.0243 ], [ -78.6459, 38.0242 ], [ -78.646, 38.0197 ], [ -78.6517, 38.0198 ] ] ] } },
{ "type": "Feature", "properties": { "factor_fine": 0.954 }, "geometry": { "type": "Polygon", "coordinates": [ [ [ -78.646, 38.0197 ], [ -78.6459, 38.0242 ], [ -78.6402, 38.0241 ], [ -78.6404, 38.0196 ], [ -78.646, 38.0197 ] ] ] } },
{ "type": "Feature", "properties": { "factor_fine": 0.961 }, "geometry": { "type": "Polygon", "coordinates": [ [ [ -78.6404, 38.0196 ], [ -78.6402, 38.0241 ], [ -78.6345, 38.024 ], [ -78.6347, 38.0195 ], [ -78.6404, 38.0196 ] ] ] } },
{ "type": "Feature", "properties": { "factor_fine": 0.956 }, "geometry": { "type": "Polygon", "coordinates": [ [ [ -78.6347, 38.0195 ], [ -78.6345, 38.024 ], [ -78.6288, 38.0239 ], [ -78.629, 38.0194 ], [ -78.6347, 38.0195 ] ] ] } },
{ "type": "Feature", "properties": { "factor_fine": 0.943 }, "geometry": { "type": "Polygon", "coordinates": [ [ [ -78.629, 38.0194 ], [ -78.6288, 38.0239 ], [ -78.6231, 38.0238 ], [ -78.6233, 38.0193 ], [ -78.629, 38.0194 ] ] ] } },
{ "type": "Feature", "properties": { "factor_fine": 0.935 }, "geometry": { "type": "Polygon", "coordinates": [ [ [ -78.6233, 38.0193 ], [ -78.6231, 38.0238 ], [ -78.6174, 38.0236 ], [ -78.6176, 38.0191 ], [ -78.6233, 38.0193 ] ] ] } },
{ "type": "Feature", "properties": { "factor_fine": 0.941 }, "geometry": { "type": "Polygon", "coordinates": [ [ [ -78.6176, 38.0191 ], [ -78.6174, 38.0236 ], [ -78.6117, 38.0235 ], [ -78.6119, 38.019 ], [ -78.6176, 38.0191 ] ] ] } },
{ "type": "Feature", "properties": { "factor_fine": 0.963 }, "geometry": { "type": "Polygon", "coordinates": [ [ [ -78.6119, 38.019 ], [ -78.6117, 38.0235 ], [ -78.6061, 38.0234 ], [ -78.6062, 38.0189 ], [ -78.6119, 38.019 ] ] ] } },
{ "type": "Feature", "properties": { "factor_fine": 0.988 }, "geometry": { "type": "Polygon", "coordinates": [ [ [ -78.6062, 38.0189 ], [ -78.6061, 38.0234 ], [ -78.6004, 38.0233 ], [ -78.6005, 38.0188 ], [ -78.6062, 38.0189 ] ] ] } },
{ "type": "Feature", "properties": { "factor_fine": 1.002 }, "geometry": { "type": "Polygon", "coordinates": [ [ [ -78.6005, 38.0188 ], [ -78.6004, 38.0233 ], [ -78.5947, 38.0232 ], [ -78.5948, 38.0187 ], [ -78.6005, 38.0188 ] ] ] } },
{ "type": "Feature", "properties": { "factor_fine": 1.004 }, "geometry": { "type": "Polygon", "coordinates": [ [ [ -78.5948, 38.0187 ], [ -78.5947, 38.0232 ], [ -78.589, 38.0231 ], [ -78.5891, 38.0186 ], [ -78.5948, 38.0187 ] ] ] } },
{ "type": "Feature", "properties": { "factor_fine": 1.01 }, "geometry": { "type": "Polygon", "coordinates": [ [ [ -78.555, 38.0179 ], [ -78.5548, 38.0224 ], [ -78.5491, 38.0222 ], [ -78.5493, 38.0177 ], [ -78.555, 38.0179 ] ] ] } },
{ "type": "Feature", "properties": { "factor_fine": 1.005 }, "geometry": { "type": "Polygon", "coordinates": [ [ [ -78.5493, 38.0177 ], [ -78.5491, 38.0222 ], [ -78.5434, 38.0221 ], [ -78.5436, 38.0176 ], [ -78.5493, 38.0177 ] ] ] } },
{ "type": "Feature", "properties": { "factor_fine": 0.989 }, "geometry": { "type": "Polygon", "coordinates": [ [ [ -78.5436, 38.0176 ], [ -78.5434, 38.0221 ], [ -78.5378, 38.022 ], [ -78.5379, 38.0175 ], [ -78.5436, 38.0176 ] ] ] } },
{ "type": "Feature", "properties": { "factor_fine": 0.963 }, "geometry": { "type": "Polygon", "coordinates": [ [ [ -78.5379, 38.0175 ], [ -78.5378, 38.022 ], [ -78.5321, 38.0219 ], [ -78.5322, 38.0174 ], [ -78.5379, 38.0175 ] ] ] } },
{ "type": "Feature", "properties": { "factor_fine": 0.942 }, "geometry": { "type": "Polygon", "coordinates": [ [ [ -78.5322, 38.0174 ], [ -78.5321, 38.0219 ], [ -78.5264, 38.0218 ], [ -78.5265, 38.0173 ], [ -78.5322, 38.0174 ] ] ] } },
{ "type": "Feature", "properties": { "factor_fine": 0.938 }, "geometry": { "type": "Polygon", "coordinates": [ [ [ -78.5265, 38.0173 ], [ -78.5264, 38.0218 ], [ -78.5207, 38.0216 ], [ -78.5208, 38.0171 ], [ -78.5265, 38.0173 ] ] ] } },
{ "type": "Feature", "properties": { "factor_fine": 0.954 }, "geometry": { "type": "Polygon", "coordinates": [ [ [ -78.5208, 38.0171 ], [ -78.5207, 38.0216 ], [ -78.515, 38.0215 ], [ -78.5151, 38.017 ], [ -78.5208, 38.0171 ] ] ] } },
{ "type": "Feature", "properties": { "factor_fine": 0.973 }, "geometry": { "type": "Polygon", "coordinates": [ [ [ -78.5151, 38.017 ], [ -78.515, 38.0215 ], [ -78.5093, 38.0214 ], [ -78.5095, 38.0169 ], [ -78.5151, 38.017 ] ] ] } },
{ "type": "Feature", "properties": { "factor_fine": 0.976 }, "geometry": { "type": "Polygon", "coordinates": [ [ [ -78.5095, 38.0169 ], [ -78.5093, 38.0214 ], [ -78.5036, 38.0213 ], [ -78.5038, 38.0168 ], [ -78.5095, 38.0169 ] ] ] } },
{ "type": "Feature", "properties": { "factor_fine": 0.964 }, "geometry": { "type": "Polygon", "coordinates": [ [ [ -78.5038, 38.0168 ], [ -78.5036, 38.0213 ], [ -78.4979, 38.0212 ], [ -78.4981, 38.0167 ], [ -78.5038, 38.0168 ] ] ] } },
{ "type": "Feature", "properties": { "factor_fine": 0.953 }, "geometry": { "type": "Polygon", "coordinates": [ [ [ -78.4981, 38.0167 ], [ -78.4979, 38.0212 ], [ -78.4922, 38.021 ], [ -78.4924, 38.0165 ], [ -78.4981, 38.0167 ] ] ] } },
{ "type": "Feature", "properties": { "factor_fine": 0.96 }, "geometry": { "type": "Polygon", "coordinates": [ [ [ -78.4924, 38.0165 ], [ -78.4922, 38.021 ], [ -78.4865, 38.0209 ], [ -78.4867, 38.0164 ], [ -78.4924, 38.0165 ] ] ] } },
{ "type": "Feature", "properties": { "factor_fine": 0.98 }, "geometry": { "type": "Polygon", "coordinates": [ [ [ -78.4867, 38.0164 ], [ -78.4865, 38.0209 ], [ -78.4808, 38.0208 ], [ -78.481, 38.0163 ], [ -78.4867, 38.0164 ] ] ] } },
{ "type": "Feature", "properties": { "factor_fine": 0.994 }, "geometry": { "type": "Polygon", "coordinates": [ [ [ -78.481, 38.0163 ], [ -78.4808, 38.0208 ], [ -78.4752, 38.0207 ], [ -78.4753, 38.0162 ], [ -78.481, 38.0163 ] ] ] } },
{ "type": "Feature", "properties": { "factor_fine": 0.997 }, "geometry": { "type": "Polygon", "coordinates": [ [ [ -78.4753, 38.0162 ], [ -78.4752, 38.0207 ], [ -78.4695, 38.0206 ], [ -78.4696, 38.0161 ], [ -78.4753, 38.0162 ] ] ] } },
{ "type": "Feature", "properties": { "factor_fine": 0.992 }, "geometry": { "type": "Polygon", "coordinates": [ [ [ -78.4696, 38.0161 ], [ -78.4695, 38.0206 ], [ -78.4638, 38.0204 ], [ -78.4639, 38.0159 ], [ -78.4696, 38.0161 ] ] ] } },
{ "type": "Feature", "properties": { "factor_fine": 0.987 }, "geometry": { "type": "Polygon", "coordinates": [ [ [ -78.4639, 38.0159 ], [ -78.4638, 38.0204 ], [ -78.4581, 38.0203 ], [ -78.4582, 38.0158 ], [ -78.4639, 38.0159 ] ] ] } },
{ "type": "Feature", "properties": { "factor_fine": 0.988 }, "geometry": { "type": "Polygon", "coordinates": [ [ [ -78.4582, 38.0158 ], [ -78.4581, 38.0203 ], [ -78.4524, 38.0202 ], [ -78.4525, 38.0157 ], [ -78.4582, 38.0158 ] ] ] } },
{ "type": "Feature", "properties": { "factor_fine": 0.999 }, "geometry": { "type": "Polygon", "coordinates": [ [ [ -78.4525, 38.0157 ], [ -78.4524, 38.0202 ], [ -78.4467, 38.0201 ], [ -78.4469, 38.0156 ], [ -78.4525, 38.0157 ] ] ] } },
{ "type": "Feature", "properties": { "factor_fine": 1.017 }, "geometry": { "type": "Polygon", "coordinates": [ [ [ -78.4469, 38.0156 ], [ -78.4467, 38.0201 ], [ -78.441, 38.0199 ], [ -78.4412, 38.0154 ], [ -78.4469, 38.0156 ] ] ] } },
{ "type": "Feature", "properties": { "factor_fine": 1.035 }, "geometry": { "type": "Polygon", "coordinates": [ [ [ -78.4412, 38.0154 ], [ -78.441, 38.0199 ], [ -78.4353, 38.0198 ], [ -78.4355, 38.0153 ], [ -78.4412, 38.0154 ] ] ] } },
{ "type": "Feature", "properties": { "factor_fine": 1.041 }, "geometry": { "type": "Polygon", "coordinates": [ [ [ -78.4355, 38.0153 ], [ -78.4353, 38.0198 ], [ -78.4296, 38.0197 ], [ -78.4298, 38.0152 ], [ -78.4355, 38.0153 ] ] ] } },
{ "type": "Feature", "properties": { "factor_fine": 1.025 }, "geometry": { "type": "Polygon", "coordinates": [ [ [ -78.4298, 38.0152 ], [ -78.4296, 38.0197 ], [ -78.4239, 38.0196 ], [ -78.4241, 38.0151 ], [ -78.4298, 38.0152 ] ] ] } },
{ "type": "Feature", "properties": { "factor_fine": 0.986 }, "geometry": { "type": "Polygon", "coordinates": [ [ [ -78.4241, 38.0151 ], [ -78.4239, 38.0196 ], [ -78.4182, 38.0194 ], [ -78.4184, 38.0149 ], [ -78.4241, 38.0151 ] ] ] } },
{ "type": "Feature", "properties": { "factor_fine": 0.946 }, "geometry": { "type": "Polygon", "coordinates": [ [ [ -78.4184, 38.0149 ], [ -78.4182, 38.0194 ], [ -78.4126, 38.0193 ], [ -78.4127, 38.0148 ], [ -78.4184, 38.0149 ] ] ] } },
{ "type": "Feature", "properties": { "factor_fine": 0.965 }, "geometry": { "type": "Polygon", "coordinates": [ [ [ -78.4013, 38.0146 ], [ -78.4012, 38.0191 ], [ -78.3955, 38.0189 ], [ -78.3956, 38.0144 ], [ -78.4013, 38.0146 ] ] ] } },
{ "type": "Feature", "properties": { "factor_fine": 0.973 }, "geometry": { "type": "Polygon", "coordinates": [ [ [ -78.3956, 38.0144 ], [ -78.3955, 38.0189 ], [ -78.3898, 38.0188 ], [ -78.39, 38.0143 ], [ -78.3956, 38.0144 ] ] ] } },
{ "type": "Feature", "properties": { "factor_fine": 0.986 }, "geometry": { "type": "Polygon", "coordinates": [ [ [ -78.39, 38.0143 ], [ -78.3898, 38.0188 ], [ -78.3841, 38.0187 ], [ -78.3843, 38.0142 ], [ -78.39, 38.0143 ] ] ] } },
{ "type": "Feature", "properties": { "factor_fine": 0.997 }, "geometry": { "type": "Polygon", "coordinates": [ [ [ -78.3843, 38.0142 ], [ -78.3841, 38.0187 ], [ -78.3784, 38.0186 ], [ -78.3786, 38.0141 ], [ -78.3843, 38.0142 ] ] ] } },
{ "type": "Feature", "properties": { "factor_fine": 1.0 }, "geometry": { "type": "Polygon", "coordinates": [ [ [ -78.3786, 38.0141 ], [ -78.3784, 38.0186 ], [ -78.3727, 38.0184 ], [ -78.3729, 38.0139 ], [ -78.3786, 38.0141 ] ] ] } },
{ "type": "Feature", "properties": { "factor_fine": 0.99 }, "geometry": { "type": "Polygon", "coordinates": [ [ [ -78.3729, 38.0139 ], [ -78.3727, 38.0184 ], [ -78.367, 38.0183 ], [ -78.3672, 38.0138 ], [ -78.3729, 38.0139 ] ] ] } },
{ "type": "Feature", "properties": { "factor_fine": 0.957 }, "geometry": { "type": "Polygon", "coordinates": [ [ [ -78.3672, 38.0138 ], [ -78.367, 38.0183 ], [ -78.3613, 38.0182 ], [ -78.3615, 38.0137 ], [ -78.3672, 38.0138 ] ] ] } },
{ "type": "Feature", "properties": { "factor_fine": 0.908 }, "geometry": { "type": "Polygon", "coordinates": [ [ [ -78.3615, 38.0137 ], [ -78.3613, 38.0182 ], [ -78.3557, 38.018 ], [ -78.3558, 38.0135 ], [ -78.3615, 38.0137 ] ] ] } },
{ "type": "Feature", "properties": { "factor_fine": 0.873 }, "geometry": { "type": "Polygon", "coordinates": [ [ [ -78.3558, 38.0135 ], [ -78.3557, 38.018 ], [ -78.35, 38.0179 ], [ -78.3501, 38.0134 ], [ -78.3558, 38.0135 ] ] ] } },
{ "type": "Feature", "properties": { "factor_fine": 0.862 }, "geometry": { "type": "Polygon", "coordinates": [ [ [ -78.3501, 38.0134 ], [ -78.35, 38.0179 ], [ -78.3443, 38.0178 ], [ -78.3444, 38.0133 ], [ -78.3501, 38.0134 ] ] ] } },
{ "type": "Feature", "properties": { "factor_fine": 0.868 }, "geometry": { "type": "Polygon", "coordinates": [ [ [ -78.3444, 38.0133 ], [ -78.3443, 38.0178 ], [ -78.3386, 38.0177 ], [ -78.3387, 38.0132 ], [ -78.3444, 38.0133 ] ] ] } },
{ "type": "Feature", "properties": { "factor_fine": 0.884 }, "geometry": { "type": "Polygon", "coordinates": [ [ [ -78.3387, 38.0132 ], [ -78.3386, 38.0177 ], [ -78.3329, 38.0175 ], [ -78.3331, 38.013 ], [ -78.3387, 38.0132 ] ] ] } },
{ "type": "Feature", "properties": { "factor_fine": 0.905 }, "geometry": { "type": "Polygon", "coordinates": [ [ [ -78.3331, 38.013 ], [ -78.3329, 38.0175 ], [ -78.3272, 38.0174 ], [ -78.3274, 38.0129 ], [ -78.3331, 38.013 ] ] ] } },
{ "type": "Feature", "properties": { "factor_fine": 0.937 }, "geometry": { "type": "Polygon", "coordinates": [ [ [ -78.8224, 38.0276 ], [ -78.8222, 38.0321 ], [ -78.8165, 38.032 ], [ -78.8167, 38.0275 ], [ -78.8224, 38.0276 ] ] ] } },
{ "type": "Feature", "properties": { "factor_fine": 0.917 }, "geometry": { "type": "Polygon", "coordinates": [ [ [ -78.8167, 38.0275 ], [ -78.8165, 38.032 ], [ -78.8108, 38.0319 ], [ -78.811, 38.0274 ], [ -78.8167, 38.0275 ] ] ] } },
{ "type": "Feature", "properties": { "factor_fine": 0.866 }, "geometry": { "type": "Polygon", "coordinates": [ [ [ -78.811, 38.0274 ], [ -78.8108, 38.0319 ], [ -78.8052, 38.0318 ], [ -78.8053, 38.0273 ], [ -78.811, 38.0274 ] ] ] } },
{ "type": "Feature", "properties": { "factor_fine": 0.813 }, "geometry": { "type": "Polygon", "coordinates": [ [ [ -78.8053, 38.0273 ], [ -78.8052, 38.0318 ], [ -78.7995, 38.0317 ], [ -78.7996, 38.0272 ], [ -78.8053, 38.0273 ] ] ] } },
{ "type": "Feature", "properties": { "factor_fine": 0.795 }, "geometry": { "type": "Polygon", "coordinates": [ [ [ -78.7996, 38.0272 ], [ -78.7995, 38.0317 ], [ -78.7938, 38.0316 ], [ -78.7939, 38.0271 ], [ -78.7996, 38.0272 ] ] ] } },
{ "type": "Feature", "properties": { "factor_fine": 0.808 }, "geometry": { "type": "Polygon", "coordinates": [ [ [ -78.7939, 38.0271 ], [ -78.7938, 38.0316 ], [ -78.7881, 38.0315 ], [ -78.7882, 38.027 ], [ -78.7939, 38.0271 ] ] ] } },
{ "type": "Feature", "properties": { "factor_fine": 0.835 }, "geometry": { "type": "Polygon", "coordinates": [ [ [ -78.7882, 38.027 ], [ -78.7881, 38.0315 ], [ -78.7824, 38.0314 ], [ -78.7825, 38.0269 ], [ -78.7882, 38.027 ] ] ] } },
{ "type": "Feature", "properties": { "factor_fine": 0.96 }, "geometry": { "type": "Polygon", "coordinates": [ [ [ -78.7313, 38.0259 ], [ -78.7311, 38.0304 ], [ -78.7255, 38.0303 ], [ -78.7256, 38.0258 ], [ -78.7313, 38.0259 ] ] ] } },
{ "type": "Feature", "properties": { "factor_fine": 0.965 }, "geometry": { "type": "Polygon", "coordinates": [ [ [ -78.7256, 38.0258 ], [ -78.7255, 38.0303 ], [ -78.7198, 38.0302 ], [ -78.7199, 38.0257 ], [ -78.7256, 38.0258 ] ] ] } },
{ "type": "Feature", "properties": { "factor_fine": 0.965 }, "geometry": { "type": "Polygon", "coordinates": [ [ [ -78.7199, 38.0257 ], [ -78.7198, 38.0302 ], [ -78.7141, 38.0301 ], [ -78.7142, 38.0256 ], [ -78.7199, 38.0257 ] ] ] } },
{ "type": "Feature", "properties": { "factor_fine": 0.96 }, "geometry": { "type": "Polygon", "coordinates": [ [ [ -78.7142, 38.0256 ], [ -78.7141, 38.0301 ], [ -78.7084, 38.03 ], [ -78.7085, 38.0255 ], [ -78.7142, 38.0256 ] ] ] } },
{ "type": "Feature", "properties": { "factor_fine": 0.949 }, "geometry": { "type": "Polygon", "coordinates": [ [ [ -78.7085, 38.0255 ], [ -78.7084, 38.03 ], [ -78.7027, 38.0299 ], [ -78.7028, 38.0253 ], [ -78.7085, 38.0255 ] ] ] } },
{ "type": "Feature", "properties": { "factor_fine": 0.934 }, "geometry": { "type": "Polygon", "coordinates": [ [ [ -78.7028, 38.0253 ], [ -78.7027, 38.0299 ], [ -78.697, 38.0297 ], [ -78.6971, 38.0252 ], [ -78.7028, 38.0253 ] ] ] } },
{ "type": "Feature", "properties": { "factor_fine": 0.853 }, "geometry": { "type": "Polygon", "coordinates": [ [ [ -78.6744, 38.0248 ], [ -78.6742, 38.0293 ], [ -78.6685, 38.0292 ], [ -78.6687, 38.0247 ], [ -78.6744, 38.0248 ] ] ] } },
{ "type": "Feature", "properties": { "factor_fine": 0.863 }, "geometry": { "type": "Polygon", "coordinates": [ [ [ -78.6687, 38.0247 ], [ -78.6685, 38.0292 ], [ -78.6628, 38.0291 ], [ -78.663, 38.0246 ], [ -78.6687, 38.0247 ] ] ] } },
{ "type": "Feature", "properties": { "factor_fine": 0.887 }, "geometry": { "type": "Polygon", "coordinates": [ [ [ -78.663, 38.0246 ], [ -78.6628, 38.0291 ], [ -78.6571, 38.029 ], [ -78.6573, 38.0244 ], [ -78.663, 38.0246 ] ] ] } },
{ "type": "Feature", "properties": { "factor_fine": 0.916 }, "geometry": { "type": "Polygon", "coordinates": [ [ [ -78.6573, 38.0244 ], [ -78.6571, 38.029 ], [ -78.6514, 38.0288 ], [ -78.6516, 38.0243 ], [ -78.6573, 38.0244 ] ] ] } },
{ "type": "Feature", "properties": { "factor_fine": 0.94 }, "geometry": { "type": "Polygon", "coordinates": [ [ [ -78.6516, 38.0243 ], [ -78.6514, 38.0288 ], [ -78.6458, 38.0287 ], [ -78.6459, 38.0242 ], [ -78.6516, 38.0243 ] ] ] } },
{ "type": "Feature", "properties": { "factor_fine": 0.955 }, "geometry": { "type": "Polygon", "coordinates": [ [ [ -78.6459, 38.0242 ], [ -78.6458, 38.0287 ], [ -78.6401, 38.0286 ], [ -78.6402, 38.0241 ], [ -78.6459, 38.0242 ] ] ] } },
{ "type": "Feature", "properties": { "factor_fine": 0.961 }, "geometry": { "type": "Polygon", "coordinates": [ [ [ -78.6402, 38.0241 ], [ -78.6401, 38.0286 ], [ -78.6344, 38.0285 ], [ -78.6345, 38.024 ], [ -78.6402, 38.0241 ] ] ] } },
{ "type": "Feature", "properties": { "factor_fine": 0.955 }, "geometry": { "type": "Polygon", "coordinates": [ [ [ -78.6345, 38.024 ], [ -78.6344, 38.0285 ], [ -78.6287, 38.0284 ], [ -78.6288, 38.0239 ], [ -78.6345, 38.024 ] ] ] } },
{ "type": "Feature", "properties": { "factor_fine": 0.94 }, "geometry": { "type": "Polygon", "coordinates": [ [ [ -78.6288, 38.0239 ], [ -78.6287, 38.0284 ], [ -78.623, 38.0283 ], [ -78.6231, 38.0238 ], [ -78.6288, 38.0239 ] ] ] } },
{ "type": "Feature", "properties": { "factor_fine": 0.931 }, "geometry": { "type": "Polygon", "coordinates": [ [ [ -78.6231, 38.0238 ], [ -78.623, 38.0283 ], [ -78.6173, 38.0282 ], [ -78.6174, 38.0236 ], [ -78.6231, 38.0238 ] ] ] } },
{ "type": "Feature", "properties": { "factor_fine": 0.94 }, "geometry": { "type": "Polygon", "coordinates": [ [ [ -78.6174, 38.0236 ], [ -78.6173, 38.0282 ], [ -78.6116, 38.028 ], [ -78.6117, 38.0235 ], [ -78.6174, 38.0236 ] ] ] } },
{ "type": "Feature", "properties": { "factor_fine": 0.967 }, "geometry": { "type": "Polygon", "coordinates": [ [ [ -78.6117, 38.0235 ], [ -78.6116, 38.028 ], [ -78.6059, 38.0279 ], [ -78.6061, 38.0234 ], [ -78.6117, 38.0235 ] ] ] } },
{ "type": "Feature", "properties": { "factor_fine": 0.994 }, "geometry": { "type": "Polygon", "coordinates": [ [ [ -78.6061, 38.0234 ], [ -78.6059, 38.0279 ], [ -78.6002, 38.0278 ], [ -78.6004, 38.0233 ], [ -78.6061, 38.0234 ] ] ] } },
{ "type": "Feature", "properties": { "factor_fine": 1.008 }, "geometry": { "type": "Polygon", "coordinates": [ [ [ -78.6004, 38.0233 ], [ -78.6002, 38.0278 ], [ -78.5945, 38.0277 ], [ -78.5947, 38.0232 ], [ -78.6004, 38.0233 ] ] ] } },
{ "type": "Feature", "properties": { "factor_fine": 1.009 }, "geometry": { "type": "Polygon", "coordinates": [ [ [ -78.5947, 38.0232 ], [ -78.5945, 38.0277 ], [ -78.5888, 38.0276 ], [ -78.589, 38.0231 ], [ -78.5947, 38.0232 ] ] ] } },
{ "type": "Feature", "properties": { "factor_fine": 1.101 }, "geometry": { "type": "Polygon", "coordinates": [ [ [ -78.5548, 38.0224 ], [ -78.5547, 38.0269 ], [ -78.549, 38.0267 ], [ -78.5491, 38.0222 ], [ -78.5548, 38.0224 ] ] ] } },
{ "type": "Feature", "properties": { "factor_fine": 1.056 }, "geometry": { "type": "Polygon", "coordinates": [ [ [ -78.5491, 38.0222 ], [ -78.549, 38.0267 ], [ -78.5433, 38.0266 ], [ -78.5434, 38.0221 ], [ -78.5491, 38.0222 ] ] ] } },
{ "type": "Feature", "properties": { "factor_fine": 1.019 }, "geometry": { "type": "Polygon", "coordinates": [ [ [ -78.5434, 38.0221 ], [ -78.5433, 38.0266 ], [ -78.5376, 38.0265 ], [ -78.5378, 38.022 ], [ -78.5434, 38.0221 ] ] ] } },
{ "type": "Feature", "properties": { "factor_fine": 0.981 }, "geometry": { "type": "Polygon", "coordinates": [ [ [ -78.5378, 38.022 ], [ -78.5376, 38.0265 ], [ -78.5319, 38.0264 ], [ -78.5321, 38.0219 ], [ -78.5378, 38.022 ] ] ] } },
{ "type": "Feature", "properties": { "factor_fine": 0.956 }, "geometry": { "type": "Polygon", "coordinates": [ [ [ -78.5321, 38.0219 ], [ -78.5319, 38.0264 ], [ -78.5262, 38.0263 ], [ -78.5264, 38.0218 ], [ -78.5321, 38.0219 ] ] ] } },
{ "type": "Feature", "properties": { "factor_fine": 0.954 }, "geometry": { "type": "Polygon", "coordinates": [ [ [ -78.5264, 38.0218 ], [ -78.5262, 38.0263 ], [ -78.5205, 38.0261 ], [ -78.5207, 38.0216 ], [ -78.5264, 38.0218 ] ] ] } },
{ "type": "Feature", "properties": { "factor_fine": 0.972 }, "geometry": { "type": "Polygon", "coordinates": [ [ [ -78.5207, 38.0216 ], [ -78.5205, 38.0261 ], [ -78.5148, 38.026 ], [ -78.515, 38.0215 ], [ -78.5207, 38.0216 ] ] ] } },
{ "type": "Feature", "properties": { "factor_fine": 0.989 }, "geometry": { "type": "Polygon", "coordinates": [ [ [ -78.515, 38.0215 ], [ -78.5148, 38.026 ], [ -78.5091, 38.0259 ], [ -78.5093, 38.0214 ], [ -78.515, 38.0215 ] ] ] } },
{ "type": "Feature", "properties": { "factor_fine": 0.99 }, "geometry": { "type": "Polygon", "coordinates": [ [ [ -78.5093, 38.0214 ], [ -78.5091, 38.0259 ], [ -78.5035, 38.0258 ], [ -78.5036, 38.0213 ], [ -78.5093, 38.0214 ] ] ] } },
{ "type": "Feature", "properties": { "factor_fine": 0.977 }, "geometry": { "type": "Polygon", "coordinates": [ [ [ -78.5036, 38.0213 ], [ -78.5035, 38.0258 ], [ -78.4978, 38.0257 ], [ -78.4979, 38.0212 ], [ -78.5036, 38.0213 ] ] ] } },
{ "type": "Feature", "properties": { "factor_fine": 0.971 }, "geometry": { "type": "Polygon", "coordinates": [ [ [ -78.4979, 38.0212 ], [ -78.4978, 38.0257 ], [ -78.4921, 38.0255 ], [ -78.4922, 38.021 ], [ -78.4979, 38.0212 ] ] ] } },
{ "type": "Feature", "properties": { "factor_fine": 0.986 }, "geometry": { "type": "Polygon", "coordinates": [ [ [ -78.4922, 38.021 ], [ -78.4921, 38.0255 ], [ -78.4864, 38.0254 ], [ -78.4865, 38.0209 ], [ -78.4922, 38.021 ] ] ] } },
{ "type": "Feature", "properties": { "factor_fine": 1.015 }, "geometry": { "type": "Polygon", "coordinates": [ [ [ -78.4865, 38.0209 ], [ -78.4864, 38.0254 ], [ -78.4807, 38.0253 ], [ -78.4808, 38.0208 ], [ -78.4865, 38.0209 ] ] ] } },
{ "type": "Feature", "properties": { "factor_fine": 1.037 }, "geometry": { "type": "Polygon", "coordinates": [ [ [ -78.4808, 38.0208 ], [ -78.4807, 38.0253 ], [ -78.475, 38.0252 ], [ -78.4752, 38.0207 ], [ -78.4808, 38.0208 ] ] ] } },
{ "type": "Feature", "properties": { "factor_fine": 1.042 }, "geometry": { "type": "Polygon", "coordinates": [ [ [ -78.4752, 38.0207 ], [ -78.475, 38.0252 ], [ -78.4693, 38.0251 ], [ -78.4695, 38.0206 ], [ -78.4752, 38.0207 ] ] ] } },
{ "type": "Feature", "properties": { "factor_fine": 1.034 }, "geometry": { "type": "Polygon", "coordinates": [ [ [ -78.4695, 38.0206 ], [ -78.4693, 38.0251 ], [ -78.4636, 38.0249 ], [ -78.4638, 38.0204 ], [ -78.4695, 38.0206 ] ] ] } },
{ "type": "Feature", "properties": { "factor_fine": 1.024 }, "geometry": { "type": "Polygon", "coordinates": [ [ [ -78.4638, 38.0204 ], [ -78.4636, 38.0249 ], [ -78.4579, 38.0248 ], [ -78.4581, 38.0203 ], [ -78.4638, 38.0204 ] ] ] } },
{ "type": "Feature", "properties": { "factor_fine": 1.018 }, "geometry": { "type": "Polygon", "coordinates": [ [ [ -78.4581, 38.0203 ], [ -78.4579, 38.0248 ], [ -78.4522, 38.0247 ], [ -78.4524, 38.0202 ], [ -78.4581, 38.0203 ] ] ] } },
{ "type": "Feature", "properties": { "factor_fine": 1.024 }, "geometry": { "type": "Polygon", "coordinates": [ [ [ -78.4524, 38.0202 ], [ -78.4522, 38.0247 ], [ -78.4465, 38.0246 ], [ -78.4467, 38.0201 ], [ -78.4524, 38.0202 ] ] ] } },
{ "type": "Feature", "properties": { "factor_fine": 1.037 }, "geometry": { "type": "Polygon", "coordinates": [ [ [ -78.4467, 38.0201 ], [ -78.4465, 38.0246 ], [ -78.4409, 38.0244 ], [ -78.441, 38.0199 ], [ -78.4467, 38.0201 ] ] ] } },
{ "type": "Feature", "properties": { "factor_fine": 1.048 }, "geometry": { "type": "Polygon", "coordinates": [ [ [ -78.441, 38.0199 ], [ -78.4409, 38.0244 ], [ -78.4352, 38.0243 ], [ -78.4353, 38.0198 ], [ -78.441, 38.0199 ] ] ] } },
{ "type": "Feature", "properties": { "factor_fine": 1.051 }, "geometry": { "type": "Polygon", "coordinates": [ [ [ -78.4353, 38.0198 ], [ -78.4352, 38.0243 ], [ -78.4295, 38.0242 ], [ -78.4296, 38.0197 ], [ -78.4353, 38.0198 ] ] ] } },
{ "type": "Feature", "properties": { "factor_fine": 1.038 }, "geometry": { "type": "Polygon", "coordinates": [ [ [ -78.4296, 38.0197 ], [ -78.4295, 38.0242 ], [ -78.4238, 38.0241 ], [ -78.4239, 38.0196 ], [ -78.4296, 38.0197 ] ] ] } },
{ "type": "Feature", "properties": { "factor_fine": 1.007 }, "geometry": { "type": "Polygon", "coordinates": [ [ [ -78.4239, 38.0196 ], [ -78.4238, 38.0241 ], [ -78.4181, 38.0239 ], [ -78.4182, 38.0194 ], [ -78.4239, 38.0196 ] ] ] } },
{ "type": "Feature", "properties": { "factor_fine": 0.958 }, "geometry": { "type": "Polygon", "coordinates": [ [ [ -78.4182, 38.0194 ], [ -78.4181, 38.0239 ], [ -78.4124, 38.0238 ], [ -78.4126, 38.0193 ], [ -78.4182, 38.0194 ] ] ] } },
{ "type": "Feature", "properties": { "factor_fine": 0.955 }, "geometry": { "type": "Polygon", "coordinates": [ [ [ -78.3955, 38.0189 ], [ -78.3953, 38.0234 ], [ -78.3896, 38.0233 ], [ -78.3898, 38.0188 ], [ -78.3955, 38.0189 ] ] ] } },
{ "type": "Feature", "properties": { "factor_fine": 0.973 }, "geometry": { "type": "Polygon", "coordinates": [ [ [ -78.3898, 38.0188 ], [ -78.3896, 38.0233 ], [ -78.3839, 38.0232 ], [ -78.3841, 38.0187 ], [ -78.3898, 38.0188 ] ] ] } },
{ "type": "Feature", "properties": { "factor_fine": 0.983 }, "geometry": { "type": "Polygon", "coordinates": [ [ [ -78.3841, 38.0187 ], [ -78.3839, 38.0232 ], [ -78.3783, 38.0231 ], [ -78.3784, 38.0186 ], [ -78.3841, 38.0187 ] ] ] } },
{ "type": "Feature", "properties": { "factor_fine": 0.981 }, "geometry": { "type": "Polygon", "coordinates": [ [ [ -78.3784, 38.0186 ], [ -78.3783, 38.0231 ], [ -78.3726, 38.0229 ], [ -78.3727, 38.0184 ], [ -78.3784, 38.0186 ] ] ] } },
{ "type": "Feature", "properties": { "factor_fine": 0.958 }, "geometry": { "type": "Polygon", "coordinates": [ [ [ -78.3727, 38.0184 ], [ -78.3726, 38.0229 ], [ -78.3669, 38.0228 ], [ -78.367, 38.0183 ], [ -78.3727, 38.0184 ] ] ] } },
{ "type": "Feature", "properties": { "factor_fine": 0.907 }, "geometry": { "type": "Polygon", "coordinates": [ [ [ -78.367, 38.0183 ], [ -78.3669, 38.0228 ], [ -78.3612, 38.0227 ], [ -78.3613, 38.0182 ], [ -78.367, 38.0183 ] ] ] } },
{ "type": "Feature", "properties": { "factor_fine": 0.847 }, "geometry": { "type": "Polygon", "coordinates": [ [ [ -78.3613, 38.0182 ], [ -78.3612, 38.0227 ], [ -78.3555, 38.0226 ], [ -78.3557, 38.018 ], [ -78.3613, 38.0182 ] ] ] } },
{ "type": "Feature", "properties": { "factor_fine": 0.816 }, "geometry": { "type": "Polygon", "coordinates": [ [ [ -78.3557, 38.018 ], [ -78.3555, 38.0226 ], [ -78.3498, 38.0224 ], [ -78.35, 38.0179 ], [ -78.3557, 38.018 ] ] ] } },
{ "type": "Feature", "properties": { "factor_fine": 0.813 }, "geometry": { "type": "Polygon", "coordinates": [ [ [ -78.35, 38.0179 ], [ -78.3498, 38.0224 ], [ -78.3441, 38.0223 ], [ -78.3443, 38.0178 ], [ -78.35, 38.0179 ] ] ] } },
{ "type": "Feature", "properties": { "factor_fine": 0.829 }, "geometry": { "type": "Polygon", "coordinates": [ [ [ -78.3443, 38.0178 ], [ -78.3441, 38.0223 ], [ -78.3384, 38.0222 ], [ -78.3386, 38.0177 ], [ -78.3443, 38.0178 ] ] ] } },
{ "type": "Feature", "properties": { "factor_fine": 0.855 }, "geometry": { "type": "Polygon", "coordinates": [ [ [ -78.3386, 38.0177 ], [ -78.3384, 38.0222 ], [ -78.3327, 38.022 ], [ -78.3329, 38.0175 ], [ -78.3386, 38.0177 ] ] ] } },
{ "type": "Feature", "properties": { "factor_fine": 0.883 }, "geometry": { "type": "Polygon", "coordinates": [ [ [ -78.3329, 38.0175 ], [ -78.3327, 38.022 ], [ -78.327, 38.0219 ], [ -78.3272, 38.0174 ], [ -78.3329, 38.0175 ] ] ] } },
{ "type": "Feature", "properties": { "factor_fine": 0.894 }, "geometry": { "type": "Polygon", "coordinates": [ [ [ -78.8165, 38.032 ], [ -78.8164, 38.0365 ], [ -78.8107, 38.0364 ], [ -78.8108, 38.0319 ], [ -78.8165, 38.032 ] ] ] } },
{ "type": "Feature", "properties": { "factor_fine": 0.84 }, "geometry": { "type": "Polygon", "coordinates": [ [ [ -78.8108, 38.0319 ], [ -78.8107, 38.0364 ], [ -78.805, 38.0363 ], [ -78.8052, 38.0318 ], [ -78.8108, 38.0319 ] ] ] } },
{ "type": "Feature", "properties": { "factor_fine": 0.796 }, "geometry": { "type": "Polygon", "coordinates": [ [ [ -78.8052, 38.0318 ], [ -78.805, 38.0363 ], [ -78.7993, 38.0362 ], [ -78.7995, 38.0317 ], [ -78.8052, 38.0318 ] ] ] } },
{ "type": "Feature", "properties": { "factor_fine": 0.791 }, "geometry": { "type": "Polygon", "coordinates": [ [ [ -78.7995, 38.0317 ], [ -78.7993, 38.0362 ], [ -78.7936, 38.0361 ], [ -78.7938, 38.0316 ], [ -78.7995, 38.0317 ] ] ] } },
{ "type": "Feature", "properties": { "factor_fine": 0.81 }, "geometry": { "type": "Polygon", "coordinates": [ [ [ -78.7938, 38.0316 ], [ -78.7936, 38.0361 ], [ -78.7879, 38.036 ], [ -78.7881, 38.0315 ], [ -78.7938, 38.0316 ] ] ] } },
{ "type": "Feature", "properties": { "factor_fine": 0.836 }, "geometry": { "type": "Polygon", "coordinates": [ [ [ -78.7881, 38.0315 ], [ -78.7879, 38.036 ], [ -78.7822, 38.0359 ], [ -78.7824, 38.0314 ], [ -78.7881, 38.0315 ] ] ] } },
{ "type": "Feature", "properties": { "factor_fine": 0.938 }, "geometry": { "type": "Polygon", "coordinates": [ [ [ -78.7368, 38.0305 ], [ -78.7367, 38.035 ], [ -78.731, 38.0349 ], [ -78.7311, 38.0304 ], [ -78.7368, 38.0305 ] ] ] } },
{ "type": "Feature", "properties": { "factor_fine": 0.946 }, "geometry": { "type": "Polygon", "coordinates": [ [ [ -78.7311, 38.0304 ], [ -78.731, 38.0349 ], [ -78.7253, 38.0348 ], [ -78.7255, 38.0303 ], [ -78.7311, 38.0304 ] ] ] } },
{ "type": "Feature", "properties": { "factor_fine": 0.955 }, "geometry": { "type": "Polygon", "coordinates": [ [ [ -78.7255, 38.0303 ], [ -78.7253, 38.0348 ], [ -78.7196, 38.0347 ], [ -78.7198, 38.0302 ], [ -78.7255, 38.0303 ] ] ] } },
{ "type": "Feature", "properties": { "factor_fine": 0.961 }, "geometry": { "type": "Polygon", "coordinates": [ [ [ -78.7198, 38.0302 ], [ -78.7196, 38.0347 ], [ -78.7139, 38.0346 ], [ -78.7141, 38.0301 ], [ -78.7198, 38.0302 ] ] ] } },
{ "type": "Feature", "properties": { "factor_fine": 0.959 }, "geometry": { "type": "Polygon", "coordinates": [ [ [ -78.7141, 38.0301 ], [ -78.7139, 38.0346 ], [ -78.7082, 38.0345 ], [ -78.7084, 38.03 ], [ -78.7141, 38.0301 ] ] ] } },
{ "type": "Feature", "properties": { "factor_fine": 0.949 }, "geometry": { "type": "Polygon", "coordinates": [ [ [ -78.7084, 38.03 ], [ -78.7082, 38.0345 ], [ -78.7025, 38.0344 ], [ -78.7027, 38.0299 ], [ -78.7084, 38.03 ] ] ] } },
{ "type": "Feature", "properties": { "factor_fine": 0.931 }, "geometry": { "type": "Polygon", "coordinates": [ [ [ -78.7027, 38.0299 ], [ -78.7025, 38.0344 ], [ -78.6968, 38.0342 ], [ -78.697, 38.0297 ], [ -78.7027, 38.0299 ] ] ] } },
{ "type": "Feature", "properties": { "factor_fine": 0.912 }, "geometry": { "type": "Polygon", "coordinates": [ [ [ -78.697, 38.0297 ], [ -78.6968, 38.0342 ], [ -78.6912, 38.0341 ], [ -78.6913, 38.0296 ], [ -78.697, 38.0297 ] ] ] } },
{ "type": "Feature", "properties": { "factor_fine": 0.88 }, "geometry": { "type": "Polygon", "coordinates": [ [ [ -78.6742, 38.0293 ], [ -78.6741, 38.0338 ], [ -78.6684, 38.0337 ], [ -78.6685, 38.0292 ], [ -78.6742, 38.0293 ] ] ] } },
{ "type": "Feature", "properties": { "factor_fine": 0.881 }, "geometry": { "type": "Polygon", "coordinates": [ [ [ -78.6685, 38.0292 ], [ -78.6684, 38.0337 ], [ -78.6627, 38.0336 ], [ -78.6628, 38.0291 ], [ -78.6685, 38.0292 ] ] ] } },
{ "type": "Feature", "properties": { "factor_fine": 0.9 }, "geometry": { "type": "Polygon", "coordinates": [ [ [ -78.6628, 38.0291 ], [ -78.6627, 38.0336 ], [ -78.657, 38.0335 ], [ -78.6571, 38.029 ], [ -78.6628, 38.0291 ] ] ] } },
{ "type": "Feature", "properties": { "factor_fine": 0.922 }, "geometry": { "type": "Polygon", "coordinates": [ [ [ -78.6571, 38.029 ], [ -78.657, 38.0335 ], [ -78.6513, 38.0333 ], [ -78.6514, 38.0288 ], [ -78.6571, 38.029 ] ] ] } },
{ "type": "Feature", "properties": { "factor_fine": 0.939 }, "geometry": { "type": "Polygon", "coordinates": [ [ [ -78.6514, 38.0288 ], [ -78.6513, 38.0333 ], [ -78.6456, 38.0332 ], [ -78.6458, 38.0287 ], [ -78.6514, 38.0288 ] ] ] } },
{ "type": "Feature", "properties": { "factor_fine": 0.95 }, "geometry": { "type": "Polygon", "coordinates": [ [ [ -78.6458, 38.0287 ], [ -78.6456, 38.0332 ], [ -78.6399, 38.0331 ], [ -78.6401, 38.0286 ], [ -78.6458, 38.0287 ] ] ] } },
{ "type": "Feature", "properties": { "factor_fine": 0.952 }, "geometry": { "type": "Polygon", "coordinates": [ [ [ -78.6401, 38.0286 ], [ -78.6399, 38.0331 ], [ -78.6342, 38.033 ], [ -78.6344, 38.0285 ], [ -78.6401, 38.0286 ] ] ] } },
{ "type": "Feature", "properties": { "factor_fine": 0.943 }, "geometry": { "type": "Polygon", "coordinates": [ [ [ -78.6344, 38.0285 ], [ -78.6342, 38.033 ], [ -78.6285, 38.0329 ], [ -78.6287, 38.0284 ], [ -78.6344, 38.0285 ] ] ] } },
{ "type": "Feature", "properties": { "factor_fine": 0.925 }, "geometry": { "type": "Polygon", "coordinates": [ [ [ -78.6287, 38.0284 ], [ -78.6285, 38.0329 ], [ -78.6228, 38.0328 ], [ -78.623, 38.0283 ], [ -78.6287, 38.0284 ] ] ] } },
{ "type": "Feature", "properties": { "factor_fine": 0.913 }, "geometry": { "type": "Polygon", "coordinates": [ [ [ -78.623, 38.0283 ], [ -78.6228, 38.0328 ], [ -78.6171, 38.0327 ], [ -78.6173, 38.0282 ], [ -78.623, 38.0283 ] ] ] } },
{ "type": "Feature", "properties": { "factor_fine": 0.924 }, "geometry": { "type": "Polygon", "coordinates": [ [ [ -78.6173, 38.0282 ], [ -78.6171, 38.0327 ], [ -78.6115, 38.0325 ], [ -78.6116, 38.028 ], [ -78.6173, 38.0282 ] ] ] } },
{ "type": "Feature", "properties": { "factor_fine": 0.955 }, "geometry": { "type": "Polygon", "coordinates": [ [ [ -78.6116, 38.028 ], [ -78.6115, 38.0325 ], [ -78.6058, 38.0324 ], [ -78.6059, 38.0279 ], [ -78.6116, 38.028 ] ] ] } },
{ "type": "Feature", "properties": { "factor_fine": 0.987 }, "geometry": { "type": "Polygon", "coordinates": [ [ [ -78.6059, 38.0279 ], [ -78.6058, 38.0324 ], [ -78.6001, 38.0323 ], [ -78.6002, 38.0278 ], [ -78.6059, 38.0279 ] ] ] } },
{ "type": "Feature", "properties": { "factor_fine": 1.003 }, "geometry": { "type": "Polygon", "coordinates": [ [ [ -78.6002, 38.0278 ], [ -78.6001, 38.0323 ], [ -78.5944, 38.0322 ], [ -78.5945, 38.0277 ], [ -78.6002, 38.0278 ] ] ] } },
{ "type": "Feature", "properties": { "factor_fine": 1.003 }, "geometry": { "type": "Polygon", "coordinates": [ [ [ -78.5945, 38.0277 ], [ -78.5944, 38.0322 ], [ -78.5887, 38.0321 ], [ -78.5888, 38.0276 ], [ -78.5945, 38.0277 ] ] ] } },
{ "type": "Feature", "properties": { "factor_fine": 1.352 }, "geometry": { "type": "Polygon", "coordinates": [ [ [ -78.5604, 38.027 ], [ -78.5602, 38.0315 ], [ -78.5545, 38.0314 ], [ -78.5547, 38.0269 ], [ -78.5604, 38.027 ] ] ] } },
{ "type": "Feature", "properties": { "factor_fine": 1.316 }, "geometry": { "type": "Polygon", "coordinates": [ [ [ -78.5547, 38.0269 ], [ -78.5545, 38.0314 ], [ -78.5488, 38.0312 ], [ -78.549, 38.0267 ], [ -78.5547, 38.0269 ] ] ] } },
{ "type": "Feature", "properties": { "factor_fine": 1.24 }, "geometry": { "type": "Polygon", "coordinates": [ [ [ -78.549, 38.0267 ], [ -78.5488, 38.0312 ], [ -78.5431, 38.0311 ], [ -78.5433, 38.0266 ], [ -78.549, 38.0267 ] ] ] } },
{ "type": "Feature", "properties": { "factor_fine": 1.152 }, "geometry": { "type": "Polygon", "coordinates": [ [ [ -78.5433, 38.0266 ], [ -78.5431, 38.0311 ], [ -78.5375, 38.031 ], [ -78.5376, 38.0265 ], [ -78.5433, 38.0266 ] ] ] } },
{ "type": "Feature", "properties": { "factor_fine": 1.071 }, "geometry": { "type": "Polygon", "coordinates": [ [ [ -78.5376, 38.0265 ], [ -78.5375, 38.031 ], [ -78.5318, 38.0309 ], [ -78.5319, 38.0264 ], [ -78.5376, 38.0265 ] ] ] } },
{ "type": "Feature", "properties": { "factor_fine": 1.017 }, "geometry": { "type": "Polygon", "coordinates": [ [ [ -78.5319, 38.0264 ], [ -78.5318, 38.0309 ], [ -78.5261, 38.0308 ], [ -78.5262, 38.0263 ], [ -78.5319, 38.0264 ] ] ] } },
{ "type": "Feature", "properties": { "factor_fine": 1.0 }, "geometry": { "type": "Polygon", "coordinates": [ [ [ -78.5262, 38.0263 ], [ -78.5261, 38.0308 ], [ -78.5204, 38.0307 ], [ -78.5205, 38.0261 ], [ -78.5262, 38.0263 ] ] ] } },
{ "type": "Feature", "properties": { "factor_fine": 1.009 }, "geometry": { "type": "Polygon", "coordinates": [ [ [ -78.5205, 38.0261 ], [ -78.5204, 38.0307 ], [ -78.5147, 38.0305 ], [ -78.5148, 38.026 ], [ -78.5205, 38.0261 ] ] ] } },
{ "type": "Feature", "properties": { "factor_fine": 1.018 }, "geometry": { "type": "Polygon", "coordinates": [ [ [ -78.5148, 38.026 ], [ -78.5147, 38.0305 ], [ -78.509, 38.0304 ], [ -78.5091, 38.0259 ], [ -78.5148, 38.026 ] ] ] } },
{ "type": "Feature", "properties": { "factor_fine": 1.014 }, "geometry": { "type": "Polygon", "coordinates": [ [ [ -78.5091, 38.0259 ], [ -78.509, 38.0304 ], [ -78.5033, 38.0303 ], [ -78.5035, 38.0258 ], [ -78.5091, 38.0259 ] ] ] } },
{ "type": "Feature", "properties": { "factor_fine": 1.002 }, "geometry": { "type": "Polygon", "coordinates": [ [ [ -78.5035, 38.0258 ], [ -78.5033, 38.0303 ], [ -78.4976, 38.0302 ], [ -78.4978, 38.0257 ], [ -78.5035, 38.0258 ] ] ] } },
{ "type": "Feature", "properties": { "factor_fine": 1.0 }, "geometry": { "type": "Polygon", "coordinates": [ [ [ -78.4978, 38.0257 ], [ -78.4976, 38.0302 ], [ -78.4919, 38.03 ], [ -78.4921, 38.0255 ], [ -78.4978, 38.0257 ] ] ] } },
{ "type": "Feature", "properties": { "factor_fine": 1.022 }, "geometry": { "type": "Polygon", "coordinates": [ [ [ -78.4921, 38.0255 ], [ -78.4919, 38.03 ], [ -78.4862, 38.0299 ], [ -78.4864, 38.0254 ], [ -78.4921, 38.0255 ] ] ] } },
{ "type": "Feature", "properties": { "factor_fine": 1.06 }, "geometry": { "type": "Polygon", "coordinates": [ [ [ -78.4864, 38.0254 ], [ -78.4862, 38.0299 ], [ -78.4805, 38.0298 ], [ -78.4807, 38.0253 ], [ -78.4864, 38.0254 ] ] ] } },
{ "type": "Feature", "properties": { "factor_fine": 1.089 }, "geometry": { "type": "Polygon", "coordinates": [ [ [ -78.4807, 38.0253 ], [ -78.4805, 38.0298 ], [ -78.4748, 38.0297 ], [ -78.475, 38.0252 ], [ -78.4807, 38.0253 ] ] ] } },
{ "type": "Feature", "properties": { "factor_fine": 1.094 }, "geometry": { "type": "Polygon", "coordinates": [ [ [ -78.475, 38.0252 ], [ -78.4748, 38.0297 ], [ -78.4692, 38.0296 ], [ -78.4693, 38.0251 ], [ -78.475, 38.0252 ] ] ] } },
{ "type": "Feature", "properties": { "factor_fine": 1.079 }, "geometry": { "type": "Polygon", "coordinates": [ [ [ -78.4693, 38.0251 ], [ -78.4692, 38.0296 ], [ -78.4635, 38.0294 ], [ -78.4636, 38.0249 ], [ -78.4693, 38.0251 ] ] ] } },
{ "type": "Feature", "properties": { "factor_fine": 1.058 }, "geometry": { "type": "Polygon", "coordinates": [ [ [ -78.4636, 38.0249 ], [ -78.4635, 38.0294 ], [ -78.4578, 38.0293 ], [ -78.4579, 38.0248 ], [ -78.4636, 38.0249 ] ] ] } },
{ "type": "Feature", "properties": { "factor_fine": 1.044 }, "geometry": { "type": "Polygon", "coordinates": [ [ [ -78.4579, 38.0248 ], [ -78.4578, 38.0293 ], [ -78.4521, 38.0292 ], [ -78.4522, 38.0247 ], [ -78.4579, 38.0248 ] ] ] } },
{ "type": "Feature", "properties": { "factor_fine": 1.045 }, "geometry": { "type": "Polygon", "coordinates": [ [ [ -78.4522, 38.0247 ], [ -78.4521, 38.0292 ], [ -78.4464, 38.0291 ], [ -78.4465, 38.0246 ], [ -78.4522, 38.0247 ] ] ] } },
{ "type": "Feature", "properties": { "factor_fine": 1.054 }, "geometry": { "type": "Polygon", "coordinates": [ [ [ -78.4465, 38.0246 ], [ -78.4464, 38.0291 ], [ -78.4407, 38.0289 ], [ -78.4409, 38.0244 ], [ -78.4465, 38.0246 ] ] ] } },
{ "type": "Feature", "properties": { "factor_fine": 1.061 }, "geometry": { "type": "Polygon", "coordinates": [ [ [ -78.4409, 38.0244 ], [ -78.4407, 38.0289 ], [ -78.435, 38.0288 ], [ -78.4352, 38.0243 ], [ -78.4409, 38.0244 ] ] ] } },
{ "type": "Feature", "properties": { "factor_fine": 1.061 }, "geometry": { "type": "Polygon", "coordinates": [ [ [ -78.4352, 38.0243 ], [ -78.435, 38.0288 ], [ -78.4293, 38.0287 ], [ -78.4295, 38.0242 ], [ -78.4352, 38.0243 ] ] ] } },
{ "type": "Feature", "properties": { "factor_fine": 1.052 }, "geometry": { "type": "Polygon", "coordinates": [ [ [ -78.4295, 38.0242 ], [ -78.4293, 38.0287 ], [ -78.4236, 38.0286 ], [ -78.4238, 38.0241 ], [ -78.4295, 38.0242 ] ] ] } },
{ "type": "Feature", "properties": { "factor_fine": 1.029 }, "geometry": { "type": "Polygon", "coordinates": [ [ [ -78.4238, 38.0241 ], [ -78.4236, 38.0286 ], [ -78.4179, 38.0284 ], [ -78.4181, 38.0239 ], [ -78.4238, 38.0241 ] ] ] } },
{ "type": "Feature", "properties": { "factor_fine": 0.988 }, "geometry": { "type": "Polygon", "coordinates": [ [ [ -78.4181, 38.0239 ], [ -78.4179, 38.0284 ], [ -78.4122, 38.0283 ], [ -78.4124, 38.0238 ], [ -78.4181, 38.0239 ] ] ] } },
{ "type": "Feature", "properties": { "factor_fine": 0.937 }, "geometry": { "type": "Polygon", "coordinates": [ [ [ -78.4124, 38.0238 ], [ -78.4122, 38.0283 ], [ -78.4065, 38.0282 ], [ -78.4067, 38.0237 ], [ -78.4124, 38.0238 ] ] ] } },
{ "type": "Feature", "properties": { "factor_fine": 0.957 }, "geometry": { "type": "Polygon", "coordinates": [ [ [ -78.3839, 38.0232 ], [ -78.3838, 38.0277 ], [ -78.3781, 38.0276 ], [ -78.3783, 38.0231 ], [ -78.3839, 38.0232 ] ] ] } },
{ "type": "Feature", "properties": { "factor_fine": 0.947 }, "geometry": { "type": "Polygon", "coordinates": [ [ [ -78.3783, 38.0231 ], [ -78.3781, 38.0276 ], [ -78.3724, 38.0274 ], [ -78.3726, 38.0229 ], [ -78.3783, 38.0231 ] ] ] } },
{ "type": "Feature", "properties": { "factor_fine": 0.91 }, "geometry": { "type": "Polygon", "coordinates": [ [ [ -78.3726, 38.0229 ], [ -78.3724, 38.0274 ], [ -78.3667, 38.0273 ], [ -78.3669, 38.0228 ], [ -78.3726, 38.0229 ] ] ] } },
{ "type": "Feature", "properties": { "factor_fine": 0.845 }, "geometry": { "type": "Polygon", "coordinates": [ [ [ -78.3669, 38.0228 ], [ -78.3667, 38.0273 ], [ -78.361, 38.0272 ], [ -78.3612, 38.0227 ], [ -78.3669, 38.0228 ] ] ] } },
{ "type": "Feature", "properties": { "factor_fine": 0.789 }, "geometry": { "type": "Polygon", "coordinates": [ [ [ -78.3612, 38.0227 ], [ -78.361, 38.0272 ], [ -78.3553, 38.0271 ], [ -78.3555, 38.0226 ], [ -78.3612, 38.0227 ] ] ] } },
{ "type": "Feature", "properties": { "factor_fine": 0.768 }, "geometry": { "type": "Polygon", "coordinates": [ [ [ -78.3555, 38.0226 ], [ -78.3553, 38.0271 ], [ -78.3496, 38.0269 ], [ -78.3498, 38.0224 ], [ -78.3555, 38.0226 ] ] ] } },
{ "type": "Feature", "properties": { "factor_fine": 0.775 }, "geometry": { "type": "Polygon", "coordinates": [ [ [ -78.3498, 38.0224 ], [ -78.3496, 38.0269 ], [ -78.3439, 38.0268 ], [ -78.3441, 38.0223 ], [ -78.3498, 38.0224 ] ] ] } },
{ "type": "Feature", "properties": { "factor_fine": 0.8 }, "geometry": { "type": "Polygon", "coordinates": [ [ [ -78.3441, 38.0223 ], [ -78.3439, 38.0268 ], [ -78.3383, 38.0267 ], [ -78.3384, 38.0222 ], [ -78.3441, 38.0223 ] ] ] } },
{ "type": "Feature", "properties": { "factor_fine": 0.835 }, "geometry": { "type": "Polygon", "coordinates": [ [ [ -78.3384, 38.0222 ], [ -78.3383, 38.0267 ], [ -78.3326, 38.0265 ], [ -78.3327, 38.022 ], [ -78.3384, 38.0222 ] ] ] } },
{ "type": "Feature", "properties": { "factor_fine": 0.864 }, "geometry": { "type": "Polygon", "coordinates": [ [ [ -78.3327, 38.022 ], [ -78.3326, 38.0265 ], [ -78.3269, 38.0264 ], [ -78.327, 38.0219 ], [ -78.3327, 38.022 ] ] ] } },
{ "type": "Feature", "properties": { "factor_fine": 0.887 }, "geometry": { "type": "Polygon", "coordinates": [ [ [ -78.327, 38.0219 ], [ -78.3269, 38.0264 ], [ -78.3212, 38.0263 ], [ -78.3213, 38.0218 ], [ -78.327, 38.0219 ] ] ] } },
{ "type": "Feature", "properties": { "factor_fine": 0.796 }, "geometry": { "type": "Polygon", "coordinates": [ [ [ -78.805, 38.0363 ], [ -78.8049, 38.0408 ], [ -78.7992, 38.0407 ], [ -78.7993, 38.0362 ], [ -78.805, 38.0363 ] ] ] } },
{ "type": "Feature", "properties": { "factor_fine": 0.801 }, "geometry": { "type": "Polygon", "coordinates": [ [ [ -78.7993, 38.0362 ], [ -78.7992, 38.0407 ], [ -78.7935, 38.0406 ], [ -78.7936, 38.0361 ], [ -78.7993, 38.0362 ] ] ] } },
{ "type": "Feature", "properties": { "factor_fine": 0.819 }, "geometry": { "type": "Polygon", "coordinates": [ [ [ -78.7936, 38.0361 ], [ -78.7935, 38.0406 ], [ -78.7878, 38.0405 ], [ -78.7879, 38.036 ], [ -78.7936, 38.0361 ] ] ] } },
{ "type": "Feature", "properties": { "factor_fine": 0.833 }, "geometry": { "type": "Polygon", "coordinates": [ [ [ -78.7879, 38.036 ], [ -78.7878, 38.0405 ], [ -78.7821, 38.0404 ], [ -78.7822, 38.0359 ], [ -78.7879, 38.036 ] ] ] } },
{ "type": "Feature", "properties": { "factor_fine": 0.932 }, "geometry": { "type": "Polygon", "coordinates": [ [ [ -78.7367, 38.035 ], [ -78.7366, 38.0395 ], [ -78.7309, 38.0394 ], [ -78.731, 38.0349 ], [ -78.7367, 38.035 ] ] ] } },
{ "type": "Feature", "properties": { "factor_fine": 0.946 }, "geometry": { "type": "Polygon", "coordinates": [ [ [ -78.731, 38.0349 ], [ -78.7309, 38.0394 ], [ -78.7252, 38.0393 ], [ -78.7253, 38.0348 ], [ -78.731, 38.0349 ] ] ] } },
{ "type": "Feature", "properties": { "factor_fine": 0.968 }, "geometry": { "type": "Polygon", "coordinates": [ [ [ -78.7253, 38.0348 ], [ -78.7252, 38.0393 ], [ -78.7195, 38.0392 ], [ -78.7196, 38.0347 ], [ -78.7253, 38.0348 ] ] ] } },
{ "type": "Feature", "properties": { "factor_fine": 0.988 }, "geometry": { "type": "Polygon", "coordinates": [ [ [ -78.7196, 38.0347 ], [ -78.7195, 38.0392 ], [ -78.7138, 38.0391 ], [ -78.7139, 38.0346 ], [ -78.7196, 38.0347 ] ] ] } },
{ "type": "Feature", "properties": { "factor_fine": 0.993 }, "geometry": { "type": "Polygon", "coordinates": [ [ [ -78.7139, 38.0346 ], [ -78.7138, 38.0391 ], [ -78.7081, 38.039 ], [ -78.7082, 38.0345 ], [ -78.7139, 38.0346 ] ] ] } },
{ "type": "Feature", "properties": { "factor_fine": 0.979 }, "geometry": { "type": "Polygon", "coordinates": [ [ [ -78.7082, 38.0345 ], [ -78.7081, 38.039 ], [ -78.7024, 38.0389 ], [ -78.7025, 38.0344 ], [ -78.7082, 38.0345 ] ] ] } },
{ "type": "Feature", "properties": { "factor_fine": 0.952 }, "geometry": { "type": "Polygon", "coordinates": [ [ [ -78.7025, 38.0344 ], [ -78.7024, 38.0389 ], [ -78.6967, 38.0387 ], [ -78.6968, 38.0342 ], [ -78.7025, 38.0344 ] ] ] } },
{ "type": "Feature", "properties": { "factor_fine": 0.929 }, "geometry": { "type": "Polygon", "coordinates": [ [ [ -78.6968, 38.0342 ], [ -78.6967, 38.0387 ], [ -78.691, 38.0386 ], [ -78.6912, 38.0341 ], [ -78.6968, 38.0342 ] ] ] } },
{ "type": "Feature", "properties": { "factor_fine": 0.925 }, "geometry": { "type": "Polygon", "coordinates": [ [ [ -78.6912, 38.0341 ], [ -78.691, 38.0386 ], [ -78.6853, 38.0385 ], [ -78.6855, 38.034 ], [ -78.6912, 38.0341 ] ] ] } },
{ "type": "Feature", "properties": { "factor_fine": 0.937 }, "geometry": { "type": "Polygon", "coordinates": [ [ [ -78.6855, 38.034 ], [ -78.6853, 38.0385 ], [ -78.6796, 38.0384 ], [ -78.6798, 38.0339 ], [ -78.6855, 38.034 ] ] ] } },
{ "type": "Feature", "properties": { "factor_fine": 0.944 }, "geometry": { "type": "Polygon", "coordinates": [ [ [ -78.6798, 38.0339 ], [ -78.6796, 38.0384 ], [ -78.6739, 38.0383 ], [ -78.6741, 38.0338 ], [ -78.6798, 38.0339 ] ] ] } },
{ "type": "Feature", "properties": { "factor_fine": 0.927 }, "geometry": { "type": "Polygon", "coordinates": [ [ [ -78.6741, 38.0338 ], [ -78.6739, 38.0383 ], [ -78.6682, 38.0382 ], [ -78.6684, 38.0337 ], [ -78.6741, 38.0338 ] ] ] } },
{ "type": "Feature", "properties": { "factor_fine": 0.911 }, "geometry": { "type": "Polygon", "coordinates": [ [ [ -78.6684, 38.0337 ], [ -78.6682, 38.0382 ], [ -78.6625, 38.0381 ], [ -78.6627, 38.0336 ], [ -78.6684, 38.0337 ] ] ] } },
{ "type": "Feature", "properties": { "factor_fine": 0.913 }, "geometry": { "type": "Polygon", "coordinates": [ [ [ -78.6627, 38.0336 ], [ -78.6625, 38.0381 ], [ -78.6569, 38.038 ], [ -78.657, 38.0335 ], [ -78.6627, 38.0336 ] ] ] } },
{ "type": "Feature", "properties": { "factor_fine": 0.924 }, "geometry": { "type": "Polygon", "coordinates": [ [ [ -78.657, 38.0335 ], [ -78.6569, 38.038 ], [ -78.6512, 38.0378 ], [ -78.6513, 38.0333 ], [ -78.657, 38.0335 ] ] ] } },
{ "type": "Feature", "properties": { "factor_fine": 0.936 }, "geometry": { "type": "Polygon", "coordinates": [ [ [ -78.6513, 38.0333 ], [ -78.6512, 38.0378 ], [ -78.6455, 38.0377 ], [ -78.6456, 38.0332 ], [ -78.6513, 38.0333 ] ] ] } },
{ "type": "Feature", "properties": { "factor_fine": 0.945 }, "geometry": { "type": "Polygon", "coordinates": [ [ [ -78.6456, 38.0332 ], [ -78.6455, 38.0377 ], [ -78.6398, 38.0376 ], [ -78.6399, 38.0331 ], [ -78.6456, 38.0332 ] ] ] } },
{ "type": "Feature", "properties": { "factor_fine": 0.947 }, "geometry": { "type": "Polygon", "coordinates": [ [ [ -78.6399, 38.0331 ], [ -78.6398, 38.0376 ], [ -78.6341, 38.0375 ], [ -78.6342, 38.033 ], [ -78.6399, 38.0331 ] ] ] } },
{ "type": "Feature", "properties": { "factor_fine": 0.936 }, "geometry": { "type": "Polygon", "coordinates": [ [ [ -78.6342, 38.033 ], [ -78.6341, 38.0375 ], [ -78.6284, 38.0374 ], [ -78.6285, 38.0329 ], [ -78.6342, 38.033 ] ] ] } },
{ "type": "Feature", "properties": { "factor_fine": 0.915 }, "geometry": { "type": "Polygon", "coordinates": [ [ [ -78.6285, 38.0329 ], [ -78.6284, 38.0374 ], [ -78.6227, 38.0373 ], [ -78.6228, 38.0328 ], [ -78.6285, 38.0329 ] ] ] } },
{ "type": "Feature", "properties": { "factor_fine": 0.896 }, "geometry": { "type": "Polygon", "coordinates": [ [ [ -78.6228, 38.0328 ], [ -78.6227, 38.0373 ], [ -78.617, 38.0372 ], [ -78.6171, 38.0327 ], [ -78.6228, 38.0328 ] ] ] } },
{ "type": "Feature", "properties": { "factor_fine": 0.9 }, "geometry": { "type": "Polygon", "coordinates": [ [ [ -78.6171, 38.0327 ], [ -78.617, 38.0372 ], [ -78.6113, 38.037 ], [ -78.6115, 38.0325 ], [ -78.6171, 38.0327 ] ] ] } },
{ "type": "Feature", "properties": { "factor_fine": 0.929 }, "geometry": { "type": "Polygon", "coordinates": [ [ [ -78.6115, 38.0325 ], [ -78.6113, 38.037 ], [ -78.6056, 38.0369 ], [ -78.6058, 38.0324 ], [ -78.6115, 38.0325 ] ] ] } },
{ "type": "Feature", "properties": { "factor_fine": 0.965 }, "geometry": { "type": "Polygon", "coordinates": [ [ [ -78.6058, 38.0324 ], [ -78.6056, 38.0369 ], [ -78.5999, 38.0368 ], [ -78.6001, 38.0323 ], [ -78.6058, 38.0324 ] ] ] } },
{ "type": "Feature", "properties": { "factor_fine": 0.984 }, "geometry": { "type": "Polygon", "coordinates": [ [ [ -78.6001, 38.0323 ], [ -78.5999, 38.0368 ], [ -78.5942, 38.0367 ], [ -78.5944, 38.0322 ], [ -78.6001, 38.0323 ] ] ] } },
{ "type": "Feature", "properties": { "factor_fine": 0.984 }, "geometry": { "type": "Polygon", "coordinates": [ [ [ -78.5944, 38.0322 ], [ -78.5942, 38.0367 ], [ -78.5885, 38.0366 ], [ -78.5887, 38.0321 ], [ -78.5944, 38.0322 ] ] ] } },
{ "type": "Feature", "properties": { "factor_fine": 1.391 }, "geometry": { "type": "Polygon", "coordinates": [ [ [ -78.5659, 38.0316 ], [ -78.5658, 38.0361 ], [ -78.5601, 38.036 ], [ -78.5602, 38.0315 ], [ -78.5659, 38.0316 ] ] ] } },
{ "type": "Feature", "properties": { "factor_fine": 1.425 }, "geometry": { "type": "Polygon", "coordinates": [ [ [ -78.5602, 38.0315 ], [ -78.5601, 38.036 ], [ -78.5544, 38.0359 ], [ -78.5545, 38.0314 ], [ -78.5602, 38.0315 ] ] ] } },
{ "type": "Feature", "properties": { "factor_fine": 1.45 }, "geometry": { "type": "Polygon", "coordinates": [ [ [ -78.5545, 38.0314 ], [ -78.5544, 38.0359 ], [ -78.5487, 38.0358 ], [ -78.5488, 38.0312 ], [ -78.5545, 38.0314 ] ] ] } },
{ "type": "Feature", "properties": { "factor_fine": 1.449 }, "geometry": { "type": "Polygon", "coordinates": [ [ [ -78.5488, 38.0312 ], [ -78.5487, 38.0358 ], [ -78.543, 38.0356 ], [ -78.5431, 38.0311 ], [ -78.5488, 38.0312 ] ] ] } },
{ "type": "Feature", "properties": { "factor_fine": 1.387 }, "geometry": { "type": "Polygon", "coordinates": [ [ [ -78.5431, 38.0311 ], [ -78.543, 38.0356 ], [ -78.5373, 38.0355 ], [ -78.5375, 38.031 ], [ -78.5431, 38.0311 ] ] ] } },
{ "type": "Feature", "properties": { "factor_fine": 1.269 }, "geometry": { "type": "Polygon", "coordinates": [ [ [ -78.5375, 38.031 ], [ -78.5373, 38.0355 ], [ -78.5316, 38.0354 ], [ -78.5318, 38.0309 ], [ -78.5375, 38.031 ] ] ] } },
{ "type": "Feature", "properties": { "factor_fine": 1.154 }, "geometry": { "type": "Polygon", "coordinates": [ [ [ -78.5318, 38.0309 ], [ -78.5316, 38.0354 ], [ -78.5259, 38.0353 ], [ -78.5261, 38.0308 ], [ -78.5318, 38.0309 ] ] ] } },
{ "type": "Feature", "properties": { "factor_fine": 1.092 }, "geometry": { "type": "Polygon", "coordinates": [ [ [ -78.5261, 38.0308 ], [ -78.5259, 38.0353 ], [ -78.5202, 38.0352 ], [ -78.5204, 38.0307 ], [ -78.5261, 38.0308 ] ] ] } },
{ "type": "Feature", "properties": { "factor_fine": 1.073 }, "geometry": { "type": "Polygon", "coordinates": [ [ [ -78.5204, 38.0307 ], [ -78.5202, 38.0352 ], [ -78.5145, 38.035 ], [ -78.5147, 38.0305 ], [ -78.5204, 38.0307 ] ] ] } },
{ "type": "Feature", "properties": { "factor_fine": 1.065 }, "geometry": { "type": "Polygon", "coordinates": [ [ [ -78.5147, 38.0305 ], [ -78.5145, 38.035 ], [ -78.5088, 38.0349 ], [ -78.509, 38.0304 ], [ -78.5147, 38.0305 ] ] ] } },
{ "type": "Feature", "properties": { "factor_fine": 1.051 }, "geometry": { "type": "Polygon", "coordinates": [ [ [ -78.509, 38.0304 ], [ -78.5088, 38.0349 ], [ -78.5032, 38.0348 ], [ -78.5033, 38.0303 ], [ -78.509, 38.0304 ] ] ] } },
{ "type": "Feature", "properties": { "factor_fine": 1.036 }, "geometry": { "type": "Polygon", "coordinates": [ [ [ -78.5033, 38.0303 ], [ -78.5032, 38.0348 ], [ -78.4975, 38.0347 ], [ -78.4976, 38.0302 ], [ -78.5033, 38.0303 ] ] ] } },
{ "type": "Feature", "properties": { "factor_fine": 1.034 }, "geometry": { "type": "Polygon", "coordinates": [ [ [ -78.4976, 38.0302 ], [ -78.4975, 38.0347 ], [ -78.4918, 38.0345 ], [ -78.4919, 38.03 ], [ -78.4976, 38.0302 ] ] ] } },
{ "type": "Feature", "properties": { "factor_fine": 1.057 }, "geometry": { "type": "Polygon", "coordinates": [ [ [ -78.4919, 38.03 ], [ -78.4918, 38.0345 ], [ -78.4861, 38.0344 ], [ -78.4862, 38.0299 ], [ -78.4919, 38.03 ] ] ] } },
{ "type": "Feature", "properties": { "factor_fine": 1.097 }, "geometry": { "type": "Polygon", "coordinates": [ [ [ -78.4862, 38.0299 ], [ -78.4861, 38.0344 ], [ -78.4804, 38.0343 ], [ -78.4805, 38.0298 ], [ -78.4862, 38.0299 ] ] ] } },
{ "type": "Feature", "properties": { "factor_fine": 1.129 }, "geometry": { "type": "Polygon", "coordinates": [ [ [ -78.4805, 38.0298 ], [ -78.4804, 38.0343 ], [ -78.4747, 38.0342 ], [ -78.4748, 38.0297 ], [ -78.4805, 38.0298 ] ] ] } },
{ "type": "Feature", "properties": { "factor_fine": 1.131 }, "geometry": { "type": "Polygon", "coordinates": [ [ [ -78.4748, 38.0297 ], [ -78.4747, 38.0342 ], [ -78.469, 38.0341 ], [ -78.4692, 38.0296 ], [ -78.4748, 38.0297 ] ] ] } },
{ "type": "Feature", "properties": { "factor_fine": 1.107 }, "geometry": { "type": "Polygon", "coordinates": [ [ [ -78.4692, 38.0296 ], [ -78.469, 38.0341 ], [ -78.4633, 38.0339 ], [ -78.4635, 38.0294 ], [ -78.4692, 38.0296 ] ] ] } },
{ "type": "Feature", "properties": { "factor_fine": 1.079 }, "geometry": { "type": "Polygon", "coordinates": [ [ [ -78.4635, 38.0294 ], [ -78.4633, 38.0339 ], [ -78.4576, 38.0338 ], [ -78.4578, 38.0293 ], [ -78.4635, 38.0294 ] ] ] } },
{ "type": "Feature", "properties": { "factor_fine": 1.063 }, "geometry": { "type": "Polygon", "coordinates": [ [ [ -78.4578, 38.0293 ], [ -78.4576, 38.0338 ], [ -78.4519, 38.0337 ], [ -78.4521, 38.0292 ], [ -78.4578, 38.0293 ] ] ] } },
{ "type": "Feature", "properties": { "factor_fine": 1.064 }, "geometry": { "type": "Polygon", "coordinates": [ [ [ -78.4521, 38.0292 ], [ -78.4519, 38.0337 ], [ -78.4462, 38.0336 ], [ -78.4464, 38.0291 ], [ -78.4521, 38.0292 ] ] ] } },
{ "type": "Feature", "properties": { "factor_fine": 1.07 }, "geometry": { "type": "Polygon", "coordinates": [ [ [ -78.4464, 38.0291 ], [ -78.4462, 38.0336 ], [ -78.4405, 38.0334 ], [ -78.4407, 38.0289 ], [ -78.4464, 38.0291 ] ] ] } },
{ "type": "Feature", "properties": { "factor_fine": 1.073 }, "geometry": { "type": "Polygon", "coordinates": [ [ [ -78.4407, 38.0289 ], [ -78.4405, 38.0334 ], [ -78.4348, 38.0333 ], [ -78.435, 38.0288 ], [ -78.4407, 38.0289 ] ] ] } },
{ "type": "Feature", "properties": { "factor_fine": 1.073 }, "geometry": { "type": "Polygon", "coordinates": [ [ [ -78.435, 38.0288 ], [ -78.4348, 38.0333 ], [ -78.4292, 38.0332 ], [ -78.4293, 38.0287 ], [ -78.435, 38.0288 ] ] ] } },
{ "type": "Feature", "properties": { "factor_fine": 1.068 }, "geometry": { "type": "Polygon", "coordinates": [ [ [ -78.4293, 38.0287 ], [ -78.4292, 38.0332 ], [ -78.4235, 38.0331 ], [ -78.4236, 38.0286 ], [ -78.4293, 38.0287 ] ] ] } },
{ "type": "Feature", "properties": { "factor_fine": 1.055 }, "geometry": { "type": "Polygon", "coordinates": [ [ [ -78.4236, 38.0286 ], [ -78.4235, 38.0331 ], [ -78.4178, 38.0329 ], [ -78.4179, 38.0284 ], [ -78.4236, 38.0286 ] ] ] } },
{ "type": "Feature", "properties": { "factor_fine": 1.028 }, "geometry": { "type": "Polygon", "coordinates": [ [ [ -78.4179, 38.0284 ], [ -78.4178, 38.0329 ], [ -78.4121, 38.0328 ], [ -78.4122, 38.0283 ], [ -78.4179, 38.0284 ] ] ] } },
{ "type": "Feature", "properties": { "factor_fine": 0.986 }, "geometry": { "type": "Polygon", "coordinates": [ [ [ -78.4122, 38.0283 ], [ -78.4121, 38.0328 ], [ -78.4064, 38.0327 ], [ -78.4065, 38.0282 ], [ -78.4122, 38.0283 ] ] ] } },
{ "type": "Feature", "properties": { "factor_fine": 0.757 }, "geometry": { "type": "Polygon", "coordinates": [ [ [ -78.3496, 38.0269 ], [ -78.3495, 38.0314 ], [ -78.3438, 38.0313 ], [ -78.3439, 38.0268 ], [ -78.3496, 38.0269 ] ] ] } },
{ "type": "Feature", "properties": { "factor_fine": 0.791 }, "geometry": { "type": "Polygon", "coordinates": [ [ [ -78.3439, 38.0268 ], [ -78.3438, 38.0313 ], [ -78.3381, 38.0312 ], [ -78.3383, 38.0267 ], [ -78.3439, 38.0268 ] ] ] } },
{ "type": "Feature", "properties": { "factor_fine": 0.828 }, "geometry": { "type": "Polygon", "coordinates": [ [ [ -78.3383, 38.0267 ], [ -78.3381, 38.0312 ], [ -78.3324, 38.031 ], [ -78.3326, 38.0265 ], [ -78.3383, 38.0267 ] ] ] } },
{ "type": "Feature", "properties": { "factor_fine": 0.853 }, "geometry": { "type": "Polygon", "coordinates": [ [ [ -78.3326, 38.0265 ], [ -78.3324, 38.031 ], [ -78.3267, 38.0309 ], [ -78.3269, 38.0264 ], [ -78.3326, 38.0265 ] ] ] } },
{ "type": "Feature", "properties": { "factor_fine": 0.874 }, "geometry": { "type": "Polygon", "coordinates": [ [ [ -78.3269, 38.0264 ], [ -78.3267, 38.0309 ], [ -78.321, 38.0308 ], [ -78.3212, 38.0263 ], [ -78.3269, 38.0264 ] ] ] } },
{ "type": "Feature", "properties": { "factor_fine": 0.897 }, "geometry": { "type": "Polygon", "coordinates": [ [ [ -78.3212, 38.0263 ], [ -78.321, 38.0308 ], [ -78.3153, 38.0307 ], [ -78.3155, 38.0261 ], [ -78.3212, 38.0263 ] ] ] } },
{ "type": "Feature", "properties": { "factor_fine": 0.913 }, "geometry": { "type": "Polygon", "coordinates": [ [ [ -78.3155, 38.0261 ], [ -78.3153, 38.0307 ], [ -78.3096, 38.0305 ], [ -78.3098, 38.026 ], [ -78.3155, 38.0261 ] ] ] } },
{ "type": "Feature", "properties": { "factor_fine": 0.809 }, "geometry": { "type": "Polygon", "coordinates": [ [ [ -78.7992, 38.0407 ], [ -78.7991, 38.0452 ], [ -78.7934, 38.0451 ], [ -78.7935, 38.0406 ], [ -78.7992, 38.0407 ] ] ] } },
{ "type": "Feature", "properties": { "factor_fine": 0.817 }, "geometry": { "type": "Polygon", "coordinates": [ [ [ -78.7935, 38.0406 ], [ -78.7934, 38.0451 ], [ -78.7877, 38.045 ], [ -78.7878, 38.0405 ], [ -78.7935, 38.0406 ] ] ] } },
{ "type": "Feature", "properties": { "factor_fine": 0.817 }, "geometry": { "type": "Polygon", "coordinates": [ [ [ -78.7878, 38.0405 ], [ -78.7877, 38.045 ], [ -78.782, 38.0449 ], [ -78.7821, 38.0404 ], [ -78.7878, 38.0405 ] ] ] } },
{ "type": "Feature", "properties": { "factor_fine": 0.819 }, "geometry": { "type": "Polygon", "coordinates": [ [ [ -78.7821, 38.0404 ], [ -78.782, 38.0449 ], [ -78.7763, 38.0448 ], [ -78.7764, 38.0403 ], [ -78.7821, 38.0404 ] ] ] } },
{ "type": "Feature", "properties": { "factor_fine": 1.008 }, "geometry": { "type": "Polygon", "coordinates": [ [ [ -78.765, 38.0401 ], [ -78.7649, 38.0446 ], [ -78.7592, 38.0445 ], [ -78.7593, 38.04 ], [ -78.765, 38.0401 ] ] ] } },
{ "type": "Feature", "properties": { "factor_fine": 1.03 }, "geometry": { "type": "Polygon", "coordinates": [ [ [ -78.7593, 38.04 ], [ -78.7592, 38.0445 ], [ -78.7535, 38.0444 ], [ -78.7536, 38.0398 ], [ -78.7593, 38.04 ] ] ] } },
{ "type": "Feature", "properties": { "factor_fine": 1.033 }, "geometry": { "type": "Polygon", "coordinates": [ [ [ -78.7536, 38.0398 ], [ -78.7535, 38.0444 ], [ -78.7478, 38.0442 ], [ -78.7479, 38.0397 ], [ -78.7536, 38.0398 ] ] ] } },
{ "type": "Feature", "properties": { "factor_fine": 1.007 }, "geometry": { "type": "Polygon", "coordinates": [ [ [ -78.7479, 38.0397 ], [ -78.7478, 38.0442 ], [ -78.7421, 38.0441 ], [ -78.7423, 38.0396 ], [ -78.7479, 38.0397 ] ] ] } },
{ "type": "Feature", "properties": { "factor_fine": 0.963 }, "geometry": { "type": "Polygon", "coordinates": [ [ [ -78.7423, 38.0396 ], [ -78.7421, 38.0441 ], [ -78.7364, 38.044 ], [ -78.7366, 38.0395 ], [ -78.7423, 38.0396 ] ] ] } },
{ "type": "Feature", "properties": { "factor_fine": 0.956 }, "geometry": { "type": "Polygon", "coordinates": [ [ [ -78.7366, 38.0395 ], [ -78.7364, 38.044 ], [ -78.7307, 38.0439 ], [ -78.7309, 38.0394 ], [ -78.7366, 38.0395 ] ] ] } },
{ "type": "Feature", "properties": { "factor_fine": 0.982 }, "geometry": { "type": "Polygon", "coordinates": [ [ [ -78.7309, 38.0394 ], [ -78.7307, 38.0439 ], [ -78.725, 38.0438 ], [ -78.7252, 38.0393 ], [ -78.7309, 38.0394 ] ] ] } },
{ "type": "Feature", "properties": { "factor_fine": 1.014 }, "geometry": { "type": "Polygon", "coordinates": [ [ [ -78.7252, 38.0393 ], [ -78.725, 38.0438 ], [ -78.7193, 38.0437 ], [ -78.7195, 38.0392 ], [ -78.7252, 38.0393 ] ] ] } },
{ "type": "Feature", "properties": { "factor_fine": 1.037 }, "geometry": { "type": "Polygon", "coordinates": [ [ [ -78.7195, 38.0392 ], [ -78.7193, 38.0437 ], [ -78.7136, 38.0436 ], [ -78.7138, 38.0391 ], [ -78.7195, 38.0392 ] ] ] } },
{ "type": "Feature", "properties": { "factor_fine": 1.041 }, "geometry": { "type": "Polygon", "coordinates": [ [ [ -78.7138, 38.0391 ], [ -78.7136, 38.0436 ], [ -78.708, 38.0435 ], [ -78.7081, 38.039 ], [ -78.7138, 38.0391 ] ] ] } },
{ "type": "Feature", "properties": { "factor_fine": 1.025 }, "geometry": { "type": "Polygon", "coordinates": [ [ [ -78.7081, 38.039 ], [ -78.708, 38.0435 ], [ -78.7023, 38.0434 ], [ -78.7024, 38.0389 ], [ -78.7081, 38.039 ] ] ] } },
{ "type": "Feature", "properties": { "factor_fine": 0.994 }, "geometry": { "type": "Polygon", "coordinates": [ [ [ -78.7024, 38.0389 ], [ -78.7023, 38.0434 ], [ -78.6966, 38.0432 ], [ -78.6967, 38.0387 ], [ -78.7024, 38.0389 ] ] ] } },
{ "type": "Feature", "properties": { "factor_fine": 0.964 }, "geometry": { "type": "Polygon", "coordinates": [ [ [ -78.6967, 38.0387 ], [ -78.6966, 38.0432 ], [ -78.6909, 38.0431 ], [ -78.691, 38.0386 ], [ -78.6967, 38.0387 ] ] ] } },
{ "type": "Feature", "properties": { "factor_fine": 0.952 }, "geometry": { "type": "Polygon", "coordinates": [ [ [ -78.691, 38.0386 ], [ -78.6909, 38.0431 ], [ -78.6852, 38.043 ], [ -78.6853, 38.0385 ], [ -78.691, 38.0386 ] ] ] } },
{ "type": "Feature", "properties": { "factor_fine": 0.954 }, "geometry": { "type": "Polygon", "coordinates": [ [ [ -78.6853, 38.0385 ], [ -78.6852, 38.043 ], [ -78.6795, 38.0429 ], [ -78.6796, 38.0384 ], [ -78.6853, 38.0385 ] ] ] } },
{ "type": "Feature", "properties": { "factor_fine": 0.961 }, "geometry": { "type": "Polygon", "coordinates": [ [ [ -78.6796, 38.0384 ], [ -78.6795, 38.0429 ], [ -78.6738, 38.0428 ], [ -78.6739, 38.0383 ], [ -78.6796, 38.0384 ] ] ] } },
{ "type": "Feature", "properties": { "factor_fine": 0.959 }, "geometry": { "type": "Polygon", "coordinates": [ [ [ -78.6739, 38.0383 ], [ -78.6738, 38.0428 ], [ -78.6681, 38.0427 ], [ -78.6682, 38.0382 ], [ -78.6739, 38.0383 ] ] ] } },
{ "type": "Feature", "properties": { "factor_fine": 0.94 }, "geometry": { "type": "Polygon", "coordinates": [ [ [ -78.6682, 38.0382 ], [ -78.6681, 38.0427 ], [ -78.6624, 38.0426 ], [ -78.6625, 38.0381 ], [ -78.6682, 38.0382 ] ] ] } },
{ "type": "Feature", "properties": { "factor_fine": 0.925 }, "geometry": { "type": "Polygon", "coordinates": [ [ [ -78.6625, 38.0381 ], [ -78.6624, 38.0426 ], [ -78.6567, 38.0425 ], [ -78.6569, 38.038 ], [ -78.6625, 38.0381 ] ] ] } },
{ "type": "Feature", "properties": { "factor_fine": 0.926 }, "geometry": { "type": "Polygon", "coordinates": [ [ [ -78.6569, 38.038 ], [ -78.6567, 38.0425 ], [ -78.651, 38.0423 ], [ -78.6512, 38.0378 ], [ -78.6569, 38.038 ] ] ] } },
{ "type": "Feature", "properties": { "factor_fine": 0.935 }, "geometry": { "type": "Polygon", "coordinates": [ [ [ -78.6512, 38.0378 ], [ -78.651, 38.0423 ], [ -78.6453, 38.0422 ], [ -78.6455, 38.0377 ], [ -78.6512, 38.0378 ] ] ] } },
{ "type": "Feature", "properties": { "factor_fine": 0.945 }, "geometry": { "type": "Polygon", "coordinates": [ [ [ -78.6455, 38.0377 ], [ -78.6453, 38.0422 ], [ -78.6396, 38.0421 ], [ -78.6398, 38.0376 ], [ -78.6455, 38.0377 ] ] ] } },
{ "type": "Feature", "properties": { "factor_fine": 0.95 }, "geometry": { "type": "Polygon", "coordinates": [ [ [ -78.6398, 38.0376 ], [ -78.6396, 38.0421 ], [ -78.6339, 38.042 ], [ -78.6341, 38.0375 ], [ -78.6398, 38.0376 ] ] ] } },
{ "type": "Feature", "properties": { "factor_fine": 0.944 }, "geometry": { "type": "Polygon", "coordinates": [ [ [ -78.6341, 38.0375 ], [ -78.6339, 38.042 ], [ -78.6282, 38.0419 ], [ -78.6284, 38.0374 ], [ -78.6341, 38.0375 ] ] ] } },
{ "type": "Feature", "properties": { "factor_fine": 0.927 }, "geometry": { "type": "Polygon", "coordinates": [ [ [ -78.6284, 38.0374 ], [ -78.6282, 38.0419 ], [ -78.6225, 38.0418 ], [ -78.6227, 38.0373 ], [ -78.6284, 38.0374 ] ] ] } },
{ "type": "Feature", "properties": { "factor_fine": 0.905 }, "geometry": { "type": "Polygon", "coordinates": [ [ [ -78.6227, 38.0373 ], [ -78.6225, 38.0418 ], [ -78.6169, 38.0417 ], [ -78.617, 38.0372 ], [ -78.6227, 38.0373 ] ] ] } },
{ "type": "Feature", "properties": { "factor_fine": 0.896 }, "geometry": { "type": "Polygon", "coordinates": [ [ [ -78.617, 38.0372 ], [ -78.6169, 38.0417 ], [ -78.6112, 38.0415 ], [ -78.6113, 38.037 ], [ -78.617, 38.0372 ] ] ] } },
{ "type": "Feature", "properties": { "factor_fine": 0.912 }, "geometry": { "type": "Polygon", "coordinates": [ [ [ -78.6113, 38.037 ], [ -78.6112, 38.0415 ], [ -78.6055, 38.0414 ], [ -78.6056, 38.0369 ], [ -78.6113, 38.037 ] ] ] } },
{ "type": "Feature", "properties": { "factor_fine": 0.941 }, "geometry": { "type": "Polygon", "coordinates": [ [ [ -78.6056, 38.0369 ], [ -78.6055, 38.0414 ], [ -78.5998, 38.0413 ], [ -78.5999, 38.0368 ], [ -78.6056, 38.0369 ] ] ] } },
{ "type": "Feature", "properties": { "factor_fine": 0.961 }, "geometry": { "type": "Polygon", "coordinates": [ [ [ -78.5999, 38.0368 ], [ -78.5998, 38.0413 ], [ -78.5941, 38.0412 ], [ -78.5942, 38.0367 ], [ -78.5999, 38.0368 ] ] ] } },
{ "type": "Feature", "properties": { "factor_fine": 0.971 }, "geometry": { "type": "Polygon", "coordinates": [ [ [ -78.5942, 38.0367 ], [ -78.5941, 38.0412 ], [ -78.5884, 38.0411 ], [ -78.5885, 38.0366 ], [ -78.5942, 38.0367 ] ] ] } },
{ "type": "Feature", "properties": { "factor_fine": 0.981 }, "geometry": { "type": "Polygon", "coordinates": [ [ [ -78.5885, 38.0366 ], [ -78.5884, 38.0411 ], [ -78.5827, 38.041 ], [ -78.5828, 38.0365 ], [ -78.5885, 38.0366 ] ] ] } },
{ "type": "Feature", "properties": { "factor_fine": 1.319 }, "geometry": { "type": "Polygon", "coordinates": [ [ [ -78.5715, 38.0362 ], [ -78.5713, 38.0407 ], [ -78.5656, 38.0406 ], [ -78.5658, 38.0361 ], [ -78.5715, 38.0362 ] ] ] } },
{ "type": "Feature", "properties": { "factor_fine": 1.418 }, "geometry": { "type": "Polygon", "coordinates": [ [ [ -78.5658, 38.0361 ], [ -78.5656, 38.0406 ], [ -78.5599, 38.0405 ], [ -78.5601, 38.036 ], [ -78.5658, 38.0361 ] ] ] } },
{ "type": "Feature", "properties": { "factor_fine": 1.466 }, "geometry": { "type": "Polygon", "coordinates": [ [ [ -78.5601, 38.036 ], [ -78.5599, 38.0405 ], [ -78.5542, 38.0404 ], [ -78.5544, 38.0359 ], [ -78.5601, 38.036 ] ] ] } },
{ "type": "Feature", "properties": { "factor_fine": 1.506 }, "geometry": { "type": "Polygon", "coordinates": [ [ [ -78.5544, 38.0359 ], [ -78.5542, 38.0404 ], [ -78.5485, 38.0403 ], [ -78.5487, 38.0358 ], [ -78.5544, 38.0359 ] ] ] } },
{ "type": "Feature", "properties": { "factor_fine": 1.537 }, "geometry": { "type": "Polygon", "coordinates": [ [ [ -78.5487, 38.0358 ], [ -78.5485, 38.0403 ], [ -78.5428, 38.0401 ], [ -78.543, 38.0356 ], [ -78.5487, 38.0358 ] ] ] } },
{ "type": "Feature", "properties": { "factor_fine": 1.531 }, "geometry": { "type": "Polygon", "coordinates": [ [ [ -78.543, 38.0356 ], [ -78.5428, 38.0401 ], [ -78.5372, 38.04 ], [ -78.5373, 38.0355 ], [ -78.543, 38.0356 ] ] ] } },
{ "type": "Feature", "properties": { "factor_fine": 1.453 }, "geometry": { "type": "Polygon", "coordinates": [ [ [ -78.5373, 38.0355 ], [ -78.5372, 38.04 ], [ -78.5315, 38.0399 ], [ -78.5316, 38.0354 ], [ -78.5373, 38.0355 ] ] ] } },
{ "type": "Feature", "properties": { "factor_fine": 1.325 }, "geometry": { "type": "Polygon", "coordinates": [ [ [ -78.5316, 38.0354 ], [ -78.5315, 38.0399 ], [ -78.5258, 38.0398 ], [ -78.5259, 38.0353 ], [ -78.5316, 38.0354 ] ] ] } },
{ "type": "Feature", "properties": { "factor_fine": 1.221 }, "geometry": { "type": "Polygon", "coordinates": [ [ [ -78.5259, 38.0353 ], [ -78.5258, 38.0398 ], [ -78.5201, 38.0397 ], [ -78.5202, 38.0352 ], [ -78.5259, 38.0353 ] ] ] } },
{ "type": "Feature", "properties": { "factor_fine": 1.167 }, "geometry": { "type": "Polygon", "coordinates": [ [ [ -78.5202, 38.0352 ], [ -78.5201, 38.0397 ], [ -78.5144, 38.0395 ], [ -78.5145, 38.035 ], [ -78.5202, 38.0352 ] ] ] } },
{ "type": "Feature", "properties": { "factor_fine": 1.136 }, "geometry": { "type": "Polygon", "coordinates": [ [ [ -78.5145, 38.035 ], [ -78.5144, 38.0395 ], [ -78.5087, 38.0394 ], [ -78.5088, 38.0349 ], [ -78.5145, 38.035 ] ] ] } },
{ "type": "Feature", "properties": { "factor_fine": 1.108 }, "geometry": { "type": "Polygon", "coordinates": [ [ [ -78.5088, 38.0349 ], [ -78.5087, 38.0394 ], [ -78.503, 38.0393 ], [ -78.5032, 38.0348 ], [ -78.5088, 38.0349 ] ] ] } },
{ "type": "Feature", "properties": { "factor_fine": 1.082 }, "geometry": { "type": "Polygon", "coordinates": [ [ [ -78.5032, 38.0348 ], [ -78.503, 38.0393 ], [ -78.4973, 38.0392 ], [ -78.4975, 38.0347 ], [ -78.5032, 38.0348 ] ] ] } },
{ "type": "Feature", "properties": { "factor_fine": 1.071 }, "geometry": { "type": "Polygon", "coordinates": [ [ [ -78.4975, 38.0347 ], [ -78.4973, 38.0392 ], [ -78.4916, 38.0391 ], [ -78.4918, 38.0345 ], [ -78.4975, 38.0347 ] ] ] } },
{ "type": "Feature", "properties": { "factor_fine": 1.085 }, "geometry": { "type": "Polygon", "coordinates": [ [ [ -78.4918, 38.0345 ], [ -78.4916, 38.0391 ], [ -78.4859, 38.0389 ], [ -78.4861, 38.0344 ], [ -78.4918, 38.0345 ] ] ] } },
{ "type": "Feature", "properties": { "factor_fine": 1.116 }, "geometry": { "type": "Polygon", "coordinates": [ [ [ -78.4861, 38.0344 ], [ -78.4859, 38.0389 ], [ -78.4802, 38.0388 ], [ -78.4804, 38.0343 ], [ -78.4861, 38.0344 ] ] ] } },
{ "type": "Feature", "properties": { "factor_fine": 1.139 }, "geometry": { "type": "Polygon", "coordinates": [ [ [ -78.4804, 38.0343 ], [ -78.4802, 38.0388 ], [ -78.4745, 38.0387 ], [ -78.4747, 38.0342 ], [ -78.4804, 38.0343 ] ] ] } },
{ "type": "Feature", "properties": { "factor_fine": 1.133 }, "geometry": { "type": "Polygon", "coordinates": [ [ [ -78.4747, 38.0342 ], [ -78.4745, 38.0387 ], [ -78.4688, 38.0386 ], [ -78.469, 38.0341 ], [ -78.4747, 38.0342 ] ] ] } },
{ "type": "Feature", "properties": { "factor_fine": 1.105 }, "geometry": { "type": "Polygon", "coordinates": [ [ [ -78.469, 38.0341 ], [ -78.4688, 38.0386 ], [ -78.4632, 38.0384 ], [ -78.4633, 38.0339 ], [ -78.469, 38.0341 ] ] ] } },
{ "type": "Feature", "properties": { "factor_fine": 1.08 }, "geometry": { "type": "Polygon", "coordinates": [ [ [ -78.4633, 38.0339 ], [ -78.4632, 38.0384 ], [ -78.4575, 38.0383 ], [ -78.4576, 38.0338 ], [ -78.4633, 38.0339 ] ] ] } },
{ "type": "Feature", "properties": { "factor_fine": 1.072 }, "geometry": { "type": "Polygon", "coordinates": [ [ [ -78.4576, 38.0338 ], [ -78.4575, 38.0383 ], [ -78.4518, 38.0382 ], [ -78.4519, 38.0337 ], [ -78.4576, 38.0338 ] ] ] } },
{ "type": "Feature", "properties": { "factor_fine": 1.078 }, "geometry": { "type": "Polygon", "coordinates": [ [ [ -78.4519, 38.0337 ], [ -78.4518, 38.0382 ], [ -78.4461, 38.0381 ], [ -78.4462, 38.0336 ], [ -78.4519, 38.0337 ] ] ] } },
{ "type": "Feature", "properties": { "factor_fine": 1.084 }, "geometry": { "type": "Polygon", "coordinates": [ [ [ -78.4462, 38.0336 ], [ -78.4461, 38.0381 ], [ -78.4404, 38.0379 ], [ -78.4405, 38.0334 ], [ -78.4462, 38.0336 ] ] ] } },
{ "type": "Feature", "properties": { "factor_fine": 1.087 }, "geometry": { "type": "Polygon", "coordinates": [ [ [ -78.4405, 38.0334 ], [ -78.4404, 38.0379 ], [ -78.4347, 38.0378 ], [ -78.4348, 38.0333 ], [ -78.4405, 38.0334 ] ] ] } },
{ "type": "Feature", "properties": { "factor_fine": 1.087 }, "geometry": { "type": "Polygon", "coordinates": [ [ [ -78.4348, 38.0333 ], [ -78.4347, 38.0378 ], [ -78.429, 38.0377 ], [ -78.4292, 38.0332 ], [ -78.4348, 38.0333 ] ] ] } },
{ "type": "Feature", "properties": { "factor_fine": 1.086 }, "geometry": { "type": "Polygon", "coordinates": [ [ [ -78.4292, 38.0332 ], [ -78.429, 38.0377 ], [ -78.4233, 38.0376 ], [ -78.4235, 38.0331 ], [ -78.4292, 38.0332 ] ] ] } },
{ "type": "Feature", "properties": { "factor_fine": 1.084 }, "geometry": { "type": "Polygon", "coordinates": [ [ [ -78.4235, 38.0331 ], [ -78.4233, 38.0376 ], [ -78.4176, 38.0374 ], [ -78.4178, 38.0329 ], [ -78.4235, 38.0331 ] ] ] } },
{ "type": "Feature", "properties": { "factor_fine": 1.075 }, "geometry": { "type": "Polygon", "coordinates": [ [ [ -78.4178, 38.0329 ], [ -78.4176, 38.0374 ], [ -78.4119, 38.0373 ], [ -78.4121, 38.0328 ], [ -78.4178, 38.0329 ] ] ] } },
{ "type": "Feature", "properties": { "factor_fine": 1.051 }, "geometry": { "type": "Polygon", "coordinates": [ [ [ -78.4121, 38.0328 ], [ -78.4119, 38.0373 ], [ -78.4062, 38.0372 ], [ -78.4064, 38.0327 ], [ -78.4121, 38.0328 ] ] ] } },
{ "type": "Feature", "properties": { "factor_fine": 0.846 }, "geometry": { "type": "Polygon", "coordinates": [ [ [ -78.3324, 38.031 ], [ -78.3322, 38.0355 ], [ -78.3265, 38.0354 ], [ -78.3267, 38.0309 ], [ -78.3324, 38.031 ] ] ] } },
{ "type": "Feature", "properties": { "factor_fine": 0.865 }, "geometry": { "type": "Polygon", "coordinates": [ [ [ -78.3267, 38.0309 ], [ -78.3265, 38.0354 ], [ -78.3209, 38.0353 ], [ -78.321, 38.0308 ], [ -78.3267, 38.0309 ] ] ] } },
{ "type": "Feature", "properties": { "factor_fine": 0.888 }, "geometry": { "type": "Polygon", "coordinates": [ [ [ -78.321, 38.0308 ], [ -78.3209, 38.0353 ], [ -78.3152, 38.0352 ], [ -78.3153, 38.0307 ], [ -78.321, 38.0308 ] ] ] } },
{ "type": "Feature", "properties": { "factor_fine": 0.903 }, "geometry": { "type": "Polygon", "coordinates": [ [ [ -78.3153, 38.0307 ], [ -78.3152, 38.0352 ], [ -78.3095, 38.035 ], [ -78.3096, 38.0305 ], [ -78.3153, 38.0307 ] ] ] } },
{ "type": "Feature", "properties": { "factor_fine": 0.903 }, "geometry": { "type": "Polygon", "coordinates": [ [ [ -78.3096, 38.0305 ], [ -78.3095, 38.035 ], [ -78.3038, 38.0349 ], [ -78.3039, 38.0304 ], [ -78.3096, 38.0305 ] ] ] } },
{ "type": "Feature", "properties": { "factor_fine": 0.892 }, "geometry": { "type": "Polygon", "coordinates": [ [ [ -78.3039, 38.0304 ], [ -78.3038, 38.0349 ], [ -78.2981, 38.0348 ], [ -78.2983, 38.0303 ], [ -78.3039, 38.0304 ] ] ] } },
{ "type": "Feature", "properties": { "factor_fine": 0.803 }, "geometry": { "type": "Polygon", "coordinates": [ [ [ -78.7934, 38.0451 ], [ -78.7932, 38.0496 ], [ -78.7875, 38.0495 ], [ -78.7877, 38.045 ], [ -78.7934, 38.0451 ] ] ] } },
{ "type": "Feature", "properties": { "factor_fine": 0.797 }, "geometry": { "type": "Polygon", "coordinates": [ [ [ -78.7877, 38.045 ], [ -78.7875, 38.0495 ], [ -78.7818, 38.0494 ], [ -78.782, 38.0449 ], [ -78.7877, 38.045 ] ] ] } },
{ "type": "Feature", "properties": { "factor_fine": 0.807 }, "geometry": { "type": "Polygon", "coordinates": [ [ [ -78.782, 38.0449 ], [ -78.7818, 38.0494 ], [ -78.7761, 38.0493 ], [ -78.7763, 38.0448 ], [ -78.782, 38.0449 ] ] ] } },
{ "type": "Feature", "properties": { "factor_fine": 0.968 }, "geometry": { "type": "Polygon", "coordinates": [ [ [ -78.7706, 38.0447 ], [ -78.7704, 38.0492 ], [ -78.7648, 38.0491 ], [ -78.7649, 38.0446 ], [ -78.7706, 38.0447 ] ] ] } },
{ "type": "Feature", "properties": { "factor_fine": 1.022 }, "geometry": { "type": "Polygon", "coordinates": [ [ [ -78.7649, 38.0446 ], [ -78.7648, 38.0491 ], [ -78.7591, 38.049 ], [ -78.7592, 38.0445 ], [ -78.7649, 38.0446 ] ] ] } },
{ "type": "Feature", "properties": { "factor_fine": 1.043 }, "geometry": { "type": "Polygon", "coordinates": [ [ [ -78.7592, 38.0445 ], [ -78.7591, 38.049 ], [ -78.7534, 38.0489 ], [ -78.7535, 38.0444 ], [ -78.7592, 38.0445 ] ] ] } },
{ "type": "Feature", "properties": { "factor_fine": 1.05 }, "geometry": { "type": "Polygon", "coordinates": [ [ [ -78.7535, 38.0444 ], [ -78.7534, 38.0489 ], [ -78.7477, 38.0487 ], [ -78.7478, 38.0442 ], [ -78.7535, 38.0444 ] ] ] } },
{ "type": "Feature", "properties": { "factor_fine": 1.036 }, "geometry": { "type": "Polygon", "coordinates": [ [ [ -78.7478, 38.0442 ], [ -78.7477, 38.0487 ], [ -78.742, 38.0486 ], [ -78.7421, 38.0441 ], [ -78.7478, 38.0442 ] ] ] } },
{ "type": "Feature", "properties": { "factor_fine": 1.0 }, "geometry": { "type": "Polygon", "coordinates": [ [ [ -78.7421, 38.0441 ], [ -78.742, 38.0486 ], [ -78.7363, 38.0485 ], [ -78.7364, 38.044 ], [ -78.7421, 38.0441 ] ] ] } },
{ "type": "Feature", "properties": { "factor_fine": 1.001 }, "geometry": { "type": "Polygon", "coordinates": [ [ [ -78.7364, 38.044 ], [ -78.7363, 38.0485 ], [ -78.7306, 38.0484 ], [ -78.7307, 38.0439 ], [ -78.7364, 38.044 ] ] ] } },
{ "type": "Feature", "properties": { "factor_fine": 1.028 }, "geometry": { "type": "Polygon", "coordinates": [ [ [ -78.7307, 38.0439 ], [ -78.7306, 38.0484 ], [ -78.7249, 38.0483 ], [ -78.725, 38.0438 ], [ -78.7307, 38.0439 ] ] ] } },
{ "type": "Feature", "properties": { "factor_fine": 1.052 }, "geometry": { "type": "Polygon", "coordinates": [ [ [ -78.725, 38.0438 ], [ -78.7249, 38.0483 ], [ -78.7192, 38.0482 ], [ -78.7193, 38.0437 ], [ -78.725, 38.0438 ] ] ] } },
{ "type": "Feature", "properties": { "factor_fine": 1.064 }, "geometry": { "type": "Polygon", "coordinates": [ [ [ -78.7193, 38.0437 ], [ -78.7192, 38.0482 ], [ -78.7135, 38.0481 ], [ -78.7136, 38.0436 ], [ -78.7193, 38.0437 ] ] ] } },
{ "type": "Feature", "properties": { "factor_fine": 1.063 }, "geometry": { "type": "Polygon", "coordinates": [ [ [ -78.7136, 38.0436 ], [ -78.7135, 38.0481 ], [ -78.7078, 38.048 ], [ -78.708, 38.0435 ], [ -78.7136, 38.0436 ] ] ] } },
{ "type": "Feature", "properties": { "factor_fine": 1.05 }, "geometry": { "type": "Polygon", "coordinates": [ [ [ -78.708, 38.0435 ], [ -78.7078, 38.048 ], [ -78.7021, 38.0479 ], [ -78.7023, 38.0434 ], [ -78.708, 38.0435 ] ] ] } },
{ "type": "Feature", "properties": { "factor_fine": 1.023 }, "geometry": { "type": "Polygon", "coordinates": [ [ [ -78.7023, 38.0434 ], [ -78.7021, 38.0479 ], [ -78.6964, 38.0478 ], [ -78.6966, 38.0432 ], [ -78.7023, 38.0434 ] ] ] } },
{ "type": "Feature", "properties": { "factor_fine": 0.992 }, "geometry": { "type": "Polygon", "coordinates": [ [ [ -78.6966, 38.0432 ], [ -78.6964, 38.0478 ], [ -78.6907, 38.0476 ], [ -78.6909, 38.0431 ], [ -78.6966, 38.0432 ] ] ] } },
{ "type": "Feature", "properties": { "factor_fine": 0.974 }, "geometry": { "type": "Polygon", "coordinates": [ [ [ -78.6909, 38.0431 ], [ -78.6907, 38.0476 ], [ -78.685, 38.0475 ], [ -78.6852, 38.043 ], [ -78.6909, 38.0431 ] ] ] } },
{ "type": "Feature", "properties": { "factor_fine": 0.97 }, "geometry": { "type": "Polygon", "coordinates": [ [ [ -78.6852, 38.043 ], [ -78.685, 38.0475 ], [ -78.6793, 38.0474 ], [ -78.6795, 38.0429 ], [ -78.6852, 38.043 ] ] ] } },
{ "type": "Feature", "properties": { "factor_fine": 0.972 }, "geometry": { "type": "Polygon", "coordinates": [ [ [ -78.6795, 38.0429 ], [ -78.6793, 38.0474 ], [ -78.6736, 38.0473 ], [ -78.6738, 38.0428 ], [ -78.6795, 38.0429 ] ] ] } },
{ "type": "Feature", "properties": { "factor_fine": 0.974 }, "geometry": { "type": "Polygon", "coordinates": [ [ [ -78.6738, 38.0428 ], [ -78.6736, 38.0473 ], [ -78.668, 38.0472 ], [ -78.6681, 38.0427 ], [ -78.6738, 38.0428 ] ] ] } },
{ "type": "Feature", "properties": { "factor_fine": 0.966 }, "geometry": { "type": "Polygon", "coordinates": [ [ [ -78.6681, 38.0427 ], [ -78.668, 38.0472 ], [ -78.6623, 38.0471 ], [ -78.6624, 38.0426 ], [ -78.6681, 38.0427 ] ] ] } },
{ "type": "Feature", "properties": { "factor_fine": 0.944 }, "geometry": { "type": "Polygon", "coordinates": [ [ [ -78.6624, 38.0426 ], [ -78.6623, 38.0471 ], [ -78.6566, 38.047 ], [ -78.6567, 38.0425 ], [ -78.6624, 38.0426 ] ] ] } },
{ "type": "Feature", "properties": { "factor_fine": 0.934 }, "geometry": { "type": "Polygon", "coordinates": [ [ [ -78.6567, 38.0425 ], [ -78.6566, 38.047 ], [ -78.6509, 38.0468 ], [ -78.651, 38.0423 ], [ -78.6567, 38.0425 ] ] ] } },
{ "type": "Feature", "properties": { "factor_fine": 0.94 }, "geometry": { "type": "Polygon", "coordinates": [ [ [ -78.651, 38.0423 ], [ -78.6509, 38.0468 ], [ -78.6452, 38.0467 ], [ -78.6453, 38.0422 ], [ -78.651, 38.0423 ] ] ] } },
{ "type": "Feature", "properties": { "factor_fine": 0.952 }, "geometry": { "type": "Polygon", "coordinates": [ [ [ -78.6453, 38.0422 ], [ -78.6452, 38.0467 ], [ -78.6395, 38.0466 ], [ -78.6396, 38.0421 ], [ -78.6453, 38.0422 ] ] ] } },
{ "type": "Feature", "properties": { "factor_fine": 0.962 }, "geometry": { "type": "Polygon", "coordinates": [ [ [ -78.6396, 38.0421 ], [ -78.6395, 38.0466 ], [ -78.6338, 38.0465 ], [ -78.6339, 38.042 ], [ -78.6396, 38.0421 ] ] ] } },
{ "type": "Feature", "properties": { "factor_fine": 0.964 }, "geometry": { "type": "Polygon", "coordinates": [ [ [ -78.6339, 38.042 ], [ -78.6338, 38.0465 ], [ -78.6281, 38.0464 ], [ -78.6282, 38.0419 ], [ -78.6339, 38.042 ] ] ] } },
{ "type": "Feature", "properties": { "factor_fine": 0.957 }, "geometry": { "type": "Polygon", "coordinates": [ [ [ -78.6282, 38.0419 ], [ -78.6281, 38.0464 ], [ -78.6224, 38.0463 ], [ -78.6225, 38.0418 ], [ -78.6282, 38.0419 ] ] ] } },
{ "type": "Feature", "properties": { "factor_fine": 0.942 }, "geometry": { "type": "Polygon", "coordinates": [ [ [ -78.6225, 38.0418 ], [ -78.6224, 38.0463 ], [ -78.6167, 38.0462 ], [ -78.6169, 38.0417 ], [ -78.6225, 38.0418 ] ] ] } },
{ "type": "Feature", "properties": { "factor_fine": 0.93 }, "geometry": { "type": "Polygon", "coordinates": [ [ [ -78.6169, 38.0417 ], [ -78.6167, 38.0462 ], [ -78.611, 38.046 ], [ -78.6112, 38.0415 ], [ -78.6169, 38.0417 ] ] ] } },
{ "type": "Feature", "properties": { "factor_fine": 0.934 }, "geometry": { "type": "Polygon", "coordinates": [ [ [ -78.6112, 38.0415 ], [ -78.611, 38.046 ], [ -78.6053, 38.0459 ], [ -78.6055, 38.0414 ], [ -78.6112, 38.0415 ] ] ] } },
{ "type": "Feature", "properties": { "factor_fine": 0.951 }, "geometry": { "type": "Polygon", "coordinates": [ [ [ -78.6055, 38.0414 ], [ -78.6053, 38.0459 ], [ -78.5996, 38.0458 ], [ -78.5998, 38.0413 ], [ -78.6055, 38.0414 ] ] ] } },
{ "type": "Feature", "properties": { "factor_fine": 0.971 }, "geometry": { "type": "Polygon", "coordinates": [ [ [ -78.5998, 38.0413 ], [ -78.5996, 38.0458 ], [ -78.5939, 38.0457 ], [ -78.5941, 38.0412 ], [ -78.5998, 38.0413 ] ] ] } },
{ "type": "Feature", "properties": { "factor_fine": 0.991 }, "geometry": { "type": "Polygon", "coordinates": [ [ [ -78.5941, 38.0412 ], [ -78.5939, 38.0457 ], [ -78.5882, 38.0456 ], [ -78.5884, 38.0411 ], [ -78.5941, 38.0412 ] ] ] } },
{ "type": "Feature", "properties": { "factor_fine": 1.011 }, "geometry": { "type": "Polygon", "coordinates": [ [ [ -78.5884, 38.0411 ], [ -78.5882, 38.0456 ], [ -78.5825, 38.0455 ], [ -78.5827, 38.041 ], [ -78.5884, 38.0411 ] ] ] } },
{ "type": "Feature", "properties": { "factor_fine": 1.04 }, "geometry": { "type": "Polygon", "coordinates": [ [ [ -78.5827, 38.041 ], [ -78.5825, 38.0455 ], [ -78.5769, 38.0453 ], [ -78.577, 38.0408 ], [ -78.5827, 38.041 ] ] ] } },
{ "type": "Feature", "properties": { "factor_fine": 1.124 }, "geometry": { "type": "Polygon", "coordinates": [ [ [ -78.577, 38.0408 ], [ -78.5769, 38.0453 ], [ -78.5712, 38.0452 ], [ -78.5713, 38.0407 ], [ -78.577, 38.0408 ] ] ] } },
{ "type": "Feature", "properties": { "factor_fine": 1.299 }, "geometry": { "type": "Polygon", "coordinates": [ [ [ -78.5713, 38.0407 ], [ -78.5712, 38.0452 ], [ -78.5655, 38.0451 ], [ -78.5656, 38.0406 ], [ -78.5713, 38.0407 ] ] ] } },
{ "type": "Feature", "properties": { "factor_fine": 1.434 }, "geometry": { "type": "Polygon", "coordinates": [ [ [ -78.5656, 38.0406 ], [ -78.5655, 38.0451 ], [ -78.5598, 38.045 ], [ -78.5599, 38.0405 ], [ -78.5656, 38.0406 ] ] ] } },
{ "type": "Feature", "properties": { "factor_fine": 1.501 }, "geometry": { "type": "Polygon", "coordinates": [ [ [ -78.5599, 38.0405 ], [ -78.5598, 38.045 ], [ -78.5541, 38.0449 ], [ -78.5542, 38.0404 ], [ -78.5599, 38.0405 ] ] ] } },
{ "type": "Feature", "properties": { "factor_fine": 1.545 }, "geometry": { "type": "Polygon", "coordinates": [ [ [ -78.5542, 38.0404 ], [ -78.5541, 38.0449 ], [ -78.5484, 38.0448 ], [ -78.5485, 38.0403 ], [ -78.5542, 38.0404 ] ] ] } },
{ "type": "Feature", "properties": { "factor_fine": 1.574 }, "geometry": { "type": "Polygon", "coordinates": [ [ [ -78.5485, 38.0403 ], [ -78.5484, 38.0448 ], [ -78.5427, 38.0446 ], [ -78.5428, 38.0401 ], [ -78.5485, 38.0403 ] ] ] } },
{ "type": "Feature", "properties": { "factor_fine": 1.574 }, "geometry": { "type": "Polygon", "coordinates": [ [ [ -78.5428, 38.0401 ], [ -78.5427, 38.0446 ], [ -78.537, 38.0445 ], [ -78.5372, 38.04 ], [ -78.5428, 38.0401 ] ] ] } },
{ "type": "Feature", "properties": { "factor_fine": 1.514 }, "geometry": { "type": "Polygon", "coordinates": [ [ [ -78.5372, 38.04 ], [ -78.537, 38.0445 ], [ -78.5313, 38.0444 ], [ -78.5315, 38.0399 ], [ -78.5372, 38.04 ] ] ] } },
{ "type": "Feature", "properties": { "factor_fine": 1.401 }, "geometry": { "type": "Polygon", "coordinates": [ [ [ -78.5315, 38.0399 ], [ -78.5313, 38.0444 ], [ -78.5256, 38.0443 ], [ -78.5258, 38.0398 ], [ -78.5315, 38.0399 ] ] ] } },
{ "type": "Feature", "properties": { "factor_fine": 1.295 }, "geometry": { "type": "Polygon", "coordinates": [ [ [ -78.5258, 38.0398 ], [ -78.5256, 38.0443 ], [ -78.5199, 38.0442 ], [ -78.5201, 38.0397 ], [ -78.5258, 38.0398 ] ] ] } },
{ "type": "Feature", "properties": { "factor_fine": 1.233 }, "geometry": { "type": "Polygon", "coordinates": [ [ [ -78.5201, 38.0397 ], [ -78.5199, 38.0442 ], [ -78.5142, 38.044 ], [ -78.5144, 38.0395 ], [ -78.5201, 38.0397 ] ] ] } },
{ "type": "Feature", "properties": { "factor_fine": 1.2 }, "geometry": { "type": "Polygon", "coordinates": [ [ [ -78.5144, 38.0395 ], [ -78.5142, 38.044 ], [ -78.5085, 38.0439 ], [ -78.5087, 38.0394 ], [ -78.5144, 38.0395 ] ] ] } },
{ "type": "Feature", "properties": { "factor_fine": 1.17 }, "geometry": { "type": "Polygon", "coordinates": [ [ [ -78.5087, 38.0394 ], [ -78.5085, 38.0439 ], [ -78.5028, 38.0438 ], [ -78.503, 38.0393 ], [ -78.5087, 38.0394 ] ] ] } },
{ "type": "Feature", "properties": { "factor_fine": 1.138 }, "geometry": { "type": "Polygon", "coordinates": [ [ [ -78.503, 38.0393 ], [ -78.5028, 38.0438 ], [ -78.4972, 38.0437 ], [ -78.4973, 38.0392 ], [ -78.503, 38.0393 ] ] ] } },
{ "type": "Feature", "properties": { "factor_fine": 1.116 }, "geometry": { "type": "Polygon", "coordinates": [ [ [ -78.4973, 38.0392 ], [ -78.4972, 38.0437 ], [ -78.4915, 38.0436 ], [ -78.4916, 38.0391 ], [ -78.4973, 38.0392 ] ] ] } },
{ "type": "Feature", "properties": { "factor_fine": 1.112 }, "geometry": { "type": "Polygon", "coordinates": [ [ [ -78.4916, 38.0391 ], [ -78.4915, 38.0436 ], [ -78.4858, 38.0434 ], [ -78.4859, 38.0389 ], [ -78.4916, 38.0391 ] ] ] } },
{ "type": "Feature", "properties": { "factor_fine": 1.119 }, "geometry": { "type": "Polygon", "coordinates": [ [ [ -78.4859, 38.0389 ], [ -78.4858, 38.0434 ], [ -78.4801, 38.0433 ], [ -78.4802, 38.0388 ], [ -78.4859, 38.0389 ] ] ] } },
{ "type": "Feature", "properties": { "factor_fine": 1.121 }, "geometry": { "type": "Polygon", "coordinates": [ [ [ -78.4802, 38.0388 ], [ -78.4801, 38.0433 ], [ -78.4744, 38.0432 ], [ -78.4745, 38.0387 ], [ -78.4802, 38.0388 ] ] ] } },
{ "type": "Feature", "properties": { "factor_fine": 1.103 }, "geometry": { "type": "Polygon", "coordinates": [ [ [ -78.4745, 38.0387 ], [ -78.4744, 38.0432 ], [ -78.4687, 38.0431 ], [ -78.4688, 38.0386 ], [ -78.4745, 38.0387 ] ] ] } },
{ "type": "Feature", "properties": { "factor_fine": 1.078 }, "geometry": { "type": "Polygon", "coordinates": [ [ [ -78.4688, 38.0386 ], [ -78.4687, 38.0431 ], [ -78.463, 38.0429 ], [ -78.4632, 38.0384 ], [ -78.4688, 38.0386 ] ] ] } },
{ "type": "Feature", "properties": { "factor_fine": 1.063 }, "geometry": { "type": "Polygon", "coordinates": [ [ [ -78.4632, 38.0384 ], [ -78.463, 38.0429 ], [ -78.4573, 38.0428 ], [ -78.4575, 38.0383 ], [ -78.4632, 38.0384 ] ] ] } },
{ "type": "Feature", "properties": { "factor_fine": 1.067 }, "geometry": { "type": "Polygon", "coordinates": [ [ [ -78.4575, 38.0383 ], [ -78.4573, 38.0428 ], [ -78.4516, 38.0427 ], [ -78.4518, 38.0382 ], [ -78.4575, 38.0383 ] ] ] } },
{ "type": "Feature", "properties": { "factor_fine": 1.082 }, "geometry": { "type": "Polygon", "coordinates": [ [ [ -78.4518, 38.0382 ], [ -78.4516, 38.0427 ], [ -78.4459, 38.0426 ], [ -78.4461, 38.0381 ], [ -78.4518, 38.0382 ] ] ] } },
{ "type": "Feature", "properties": { "factor_fine": 1.093 }, "geometry": { "type": "Polygon", "coordinates": [ [ [ -78.4461, 38.0381 ], [ -78.4459, 38.0426 ], [ -78.4402, 38.0424 ], [ -78.4404, 38.0379 ], [ -78.4461, 38.0381 ] ] ] } },
{ "type": "Feature", "properties": { "factor_fine": 1.098 }, "geometry": { "type": "Polygon", "coordinates": [ [ [ -78.4404, 38.0379 ], [ -78.4402, 38.0424 ], [ -78.4345, 38.0423 ], [ -78.4347, 38.0378 ], [ -78.4404, 38.0379 ] ] ] } },
{ "type": "Feature", "properties": { "factor_fine": 1.1 }, "geometry": { "type": "Polygon", "coordinates": [ [ [ -78.4347, 38.0378 ], [ -78.4345, 38.0423 ], [ -78.4288, 38.0422 ], [ -78.429, 38.0377 ], [ -78.4347, 38.0378 ] ] ] } },
{ "type": "Feature", "properties": { "factor_fine": 1.104 }, "geometry": { "type": "Polygon", "coordinates": [ [ [ -78.429, 38.0377 ], [ -78.4288, 38.0422 ], [ -78.4231, 38.0421 ], [ -78.4233, 38.0376 ], [ -78.429, 38.0377 ] ] ] } },
{ "type": "Feature", "properties": { "factor_fine": 1.111 }, "geometry": { "type": "Polygon", "coordinates": [ [ [ -78.4233, 38.0376 ], [ -78.4231, 38.0421 ], [ -78.4175, 38.0419 ], [ -78.4176, 38.0374 ], [ -78.4233, 38.0376 ] ] ] } },
{ "type": "Feature", "properties": { "factor_fine": 1.118 }, "geometry": { "type": "Polygon", "coordinates": [ [ [ -78.4176, 38.0374 ], [ -78.4175, 38.0419 ], [ -78.4118, 38.0418 ], [ -78.4119, 38.0373 ], [ -78.4176, 38.0374 ] ] ] } },
{ "type": "Feature", "properties": { "factor_fine": 1.114 }, "geometry": { "type": "Polygon", "coordinates": [ [ [ -78.4119, 38.0373 ], [ -78.4118, 38.0418 ], [ -78.4061, 38.0417 ], [ -78.4062, 38.0372 ], [ -78.4119, 38.0373 ] ] ] } },
{ "type": "Feature", "properties": { "factor_fine": 0.885 }, "geometry": { "type": "Polygon", "coordinates": [ [ [ -78.3209, 38.0353 ], [ -78.3207, 38.0398 ], [ -78.315, 38.0397 ], [ -78.3152, 38.0352 ], [ -78.3209, 38.0353 ] ] ] } },
{ "type": "Feature", "properties": { "factor_fine": 0.898 }, "geometry": { "type": "Polygon", "coordinates": [ [ [ -78.3152, 38.0352 ], [ -78.315, 38.0397 ], [ -78.3093, 38.0395 ], [ -78.3095, 38.035 ], [ -78.3152, 38.0352 ] ] ] } },
{ "type": "Feature", "properties": { "factor_fine": 0.9 }, "geometry": { "type": "Polygon", "coordinates": [ [ [ -78.3095, 38.035 ], [ -78.3093, 38.0395 ], [ -78.3036, 38.0394 ], [ -78.3038, 38.0349 ], [ -78.3095, 38.035 ] ] ] } },
{ "type": "Feature", "properties": { "factor_fine": 0.896 }, "geometry": { "type": "Polygon", "coordinates": [ [ [ -78.3038, 38.0349 ], [ -78.3036, 38.0394 ], [ -78.2979, 38.0393 ], [ -78.2981, 38.0348 ], [ -78.3038, 38.0349 ] ] ] } },
{ "type": "Feature", "properties": { "factor_fine": 0.9 }, "geometry": { "type": "Polygon", "coordinates": [ [ [ -78.7761, 38.0493 ], [ -78.776, 38.0538 ], [ -78.7703, 38.0537 ], [ -78.7704, 38.0492 ], [ -78.7761, 38.0493 ] ] ] } },
{ "type": "Feature", "properties": { "factor_fine": 0.992 }, "geometry": { "type": "Polygon", "coordinates": [ [ [ -78.7704, 38.0492 ], [ -78.7703, 38.0537 ], [ -78.7646, 38.0536 ], [ -78.7648, 38.0491 ], [ -78.7704, 38.0492 ] ] ] } },
{ "type": "Feature", "properties": { "factor_fine": 1.032 }, "geometry": { "type": "Polygon", "coordinates": [ [ [ -78.7648, 38.0491 ], [ -78.7646, 38.0536 ], [ -78.7589, 38.0535 ], [ -78.7591, 38.049 ], [ -78.7648, 38.0491 ] ] ] } },
{ "type": "Feature", "properties": { "factor_fine": 1.048 }, "geometry": { "type": "Polygon", "coordinates": [ [ [ -78.7591, 38.049 ], [ -78.7589, 38.0535 ], [ -78.7532, 38.0534 ], [ -78.7534, 38.0489 ], [ -78.7591, 38.049 ] ] ] } },
{ "type": "Feature", "properties": { "factor_fine": 1.058 }, "geometry": { "type": "Polygon", "coordinates": [ [ [ -78.7534, 38.0489 ], [ -78.7532, 38.0534 ], [ -78.7475, 38.0532 ], [ -78.7477, 38.0487 ], [ -78.7534, 38.0489 ] ] ] } },
{ "type": "Feature", "properties": { "factor_fine": 1.056 }, "geometry": { "type": "Polygon", "coordinates": [ [ [ -78.7477, 38.0487 ], [ -78.7475, 38.0532 ], [ -78.7418, 38.0531 ], [ -78.742, 38.0486 ], [ -78.7477, 38.0487 ] ] ] } },
{ "type": "Feature", "properties": { "factor_fine": 1.039 }, "geometry": { "type": "Polygon", "coordinates": [ [ [ -78.742, 38.0486 ], [ -78.7418, 38.0531 ], [ -78.7361, 38.053 ], [ -78.7363, 38.0485 ], [ -78.742, 38.0486 ] ] ] } },
{ "type": "Feature", "properties": { "factor_fine": 1.043 }, "geometry": { "type": "Polygon", "coordinates": [ [ [ -78.7363, 38.0485 ], [ -78.7361, 38.053 ], [ -78.7304, 38.0529 ], [ -78.7306, 38.0484 ], [ -78.7363, 38.0485 ] ] ] } },
{ "type": "Feature", "properties": { "factor_fine": 1.058 }, "geometry": { "type": "Polygon", "coordinates": [ [ [ -78.7306, 38.0484 ], [ -78.7304, 38.0529 ], [ -78.7248, 38.0528 ], [ -78.7249, 38.0483 ], [ -78.7306, 38.0484 ] ] ] } },
{ "type": "Feature", "properties": { "factor_fine": 1.068 }, "geometry": { "type": "Polygon", "coordinates": [ [ [ -78.7249, 38.0483 ], [ -78.7248, 38.0528 ], [ -78.7191, 38.0527 ], [ -78.7192, 38.0482 ], [ -78.7249, 38.0483 ] ] ] } },
{ "type": "Feature", "properties": { "factor_fine": 1.072 }, "geometry": { "type": "Polygon", "coordinates": [ [ [ -78.7192, 38.0482 ], [ -78.7191, 38.0527 ], [ -78.7134, 38.0526 ], [ -78.7135, 38.0481 ], [ -78.7192, 38.0482 ] ] ] } },
{ "type": "Feature", "properties": { "factor_fine": 1.069 }, "geometry": { "type": "Polygon", "coordinates": [ [ [ -78.7135, 38.0481 ], [ -78.7134, 38.0526 ], [ -78.7077, 38.0525 ], [ -78.7078, 38.048 ], [ -78.7135, 38.0481 ] ] ] } },
{ "type": "Feature", "properties": { "factor_fine": 1.058 }, "geometry": { "type": "Polygon", "coordinates": [ [ [ -78.7078, 38.048 ], [ -78.7077, 38.0525 ], [ -78.702, 38.0524 ], [ -78.7021, 38.0479 ], [ -78.7078, 38.048 ] ] ] } },
{ "type": "Feature", "properties": { "factor_fine": 1.036 }, "geometry": { "type": "Polygon", "coordinates": [ [ [ -78.7021, 38.0479 ], [ -78.702, 38.0524 ], [ -78.6963, 38.0523 ], [ -78.6964, 38.0478 ], [ -78.7021, 38.0479 ] ] ] } },
{ "type": "Feature", "properties": { "factor_fine": 1.009 }, "geometry": { "type": "Polygon", "coordinates": [ [ [ -78.6964, 38.0478 ], [ -78.6963, 38.0523 ], [ -78.6906, 38.0521 ], [ -78.6907, 38.0476 ], [ -78.6964, 38.0478 ] ] ] } },
{ "type": "Feature", "properties": { "factor_fine": 0.991 }, "geometry": { "type": "Polygon", "coordinates": [ [ [ -78.6907, 38.0476 ], [ -78.6906, 38.0521 ], [ -78.6849, 38.052 ], [ -78.685, 38.0475 ], [ -78.6907, 38.0476 ] ] ] } },
{ "type": "Feature", "properties": { "factor_fine": 0.983 }, "geometry": { "type": "Polygon", "coordinates": [ [ [ -78.685, 38.0475 ], [ -78.6849, 38.052 ], [ -78.6792, 38.0519 ], [ -78.6793, 38.0474 ], [ -78.685, 38.0475 ] ] ] } },
{ "type": "Feature", "properties": { "factor_fine": 0.982 }, "geometry": { "type": "Polygon", "coordinates": [ [ [ -78.6793, 38.0474 ], [ -78.6792, 38.0519 ], [ -78.6735, 38.0518 ], [ -78.6736, 38.0473 ], [ -78.6793, 38.0474 ] ] ] } },
{ "type": "Feature", "properties": { "factor_fine": 0.981 }, "geometry": { "type": "Polygon", "coordinates": [ [ [ -78.6736, 38.0473 ], [ -78.6735, 38.0518 ], [ -78.6678, 38.0517 ], [ -78.668, 38.0472 ], [ -78.6736, 38.0473 ] ] ] } },
{ "type": "Feature", "properties": { "factor_fine": 0.975 }, "geometry": { "type": "Polygon", "coordinates": [ [ [ -78.668, 38.0472 ], [ -78.6678, 38.0517 ], [ -78.6621, 38.0516 ], [ -78.6623, 38.0471 ], [ -78.668, 38.0472 ] ] ] } },
{ "type": "Feature", "properties": { "factor_fine": 0.961 }, "geometry": { "type": "Polygon", "coordinates": [ [ [ -78.6623, 38.0471 ], [ -78.6621, 38.0516 ], [ -78.6564, 38.0515 ], [ -78.6566, 38.047 ], [ -78.6623, 38.0471 ] ] ] } },
{ "type": "Feature", "properties": { "factor_fine": 0.947 }, "geometry": { "type": "Polygon", "coordinates": [ [ [ -78.6566, 38.047 ], [ -78.6564, 38.0515 ], [ -78.6507, 38.0514 ], [ -78.6509, 38.0468 ], [ -78.6566, 38.047 ] ] ] } },
{ "type": "Feature", "properties": { "factor_fine": 0.949 }, "geometry": { "type": "Polygon", "coordinates": [ [ [ -78.6509, 38.0468 ], [ -78.6507, 38.0514 ], [ -78.645, 38.0512 ], [ -78.6452, 38.0467 ], [ -78.6509, 38.0468 ] ] ] } },
{ "type": "Feature", "properties": { "factor_fine": 0.962 }, "geometry": { "type": "Polygon", "coordinates": [ [ [ -78.6452, 38.0467 ], [ -78.645, 38.0512 ], [ -78.6393, 38.0511 ], [ -78.6395, 38.0466 ], [ -78.6452, 38.0467 ] ] ] } },
{ "type": "Feature", "properties": { "factor_fine": 0.975 }, "geometry": { "type": "Polygon", "coordinates": [ [ [ -78.6395, 38.0466 ], [ -78.6393, 38.0511 ], [ -78.6336, 38.051 ], [ -78.6338, 38.0465 ], [ -78.6395, 38.0466 ] ] ] } },
{ "type": "Feature", "properties": { "factor_fine": 0.982 }, "geometry": { "type": "Polygon", "coordinates": [ [ [ -78.6338, 38.0465 ], [ -78.6336, 38.051 ], [ -78.628, 38.0509 ], [ -78.6281, 38.0464 ], [ -78.6338, 38.0465 ] ] ] } },
{ "type": "Feature", "properties": { "factor_fine": 0.983 }, "geometry": { "type": "Polygon", "coordinates": [ [ [ -78.6281, 38.0464 ], [ -78.628, 38.0509 ], [ -78.6223, 38.0508 ], [ -78.6224, 38.0463 ], [ -78.6281, 38.0464 ] ] ] } },
{ "type": "Feature", "properties": { "factor_fine": 0.978 }, "geometry": { "type": "Polygon", "coordinates": [ [ [ -78.6224, 38.0463 ], [ -78.6223, 38.0508 ], [ -78.6166, 38.0507 ], [ -78.6167, 38.0462 ], [ -78.6224, 38.0463 ] ] ] } },
{ "type": "Feature", "properties": { "factor_fine": 0.97 }, "geometry": { "type": "Polygon", "coordinates": [ [ [ -78.6167, 38.0462 ], [ -78.6166, 38.0507 ], [ -78.6109, 38.0505 ], [ -78.611, 38.046 ], [ -78.6167, 38.0462 ] ] ] } },
{ "type": "Feature", "properties": { "factor_fine": 0.97 }, "geometry": { "type": "Polygon", "coordinates": [ [ [ -78.611, 38.046 ], [ -78.6109, 38.0505 ], [ -78.6052, 38.0504 ], [ -78.6053, 38.0459 ], [ -78.611, 38.046 ] ] ] } },
{ "type": "Feature", "properties": { "factor_fine": 0.984 }, "geometry": { "type": "Polygon", "coordinates": [ [ [ -78.6053, 38.0459 ], [ -78.6052, 38.0504 ], [ -78.5995, 38.0503 ], [ -78.5996, 38.0458 ], [ -78.6053, 38.0459 ] ] ] } },
{ "type": "Feature", "properties": { "factor_fine": 1.004 }, "geometry": { "type": "Polygon", "coordinates": [ [ [ -78.5996, 38.0458 ], [ -78.5995, 38.0503 ], [ -78.5938, 38.0502 ], [ -78.5939, 38.0457 ], [ -78.5996, 38.0458 ] ] ] } },
{ "type": "Feature", "properties": { "factor_fine": 1.025 }, "geometry": { "type": "Polygon", "coordinates": [ [ [ -78.5939, 38.0457 ], [ -78.5938, 38.0502 ], [ -78.5881, 38.0501 ], [ -78.5882, 38.0456 ], [ -78.5939, 38.0457 ] ] ] } },
{ "type": "Feature", "properties": { "factor_fine": 1.042 }, "geometry": { "type": "Polygon", "coordinates": [ [ [ -78.5882, 38.0456 ], [ -78.5881, 38.0501 ], [ -78.5824, 38.05 ], [ -78.5825, 38.0455 ], [ -78.5882, 38.0456 ] ] ] } },
{ "type": "Feature", "properties": { "factor_fine": 1.063 }, "geometry": { "type": "Polygon", "coordinates": [ [ [ -78.5825, 38.0455 ], [ -78.5824, 38.05 ], [ -78.5767, 38.0498 ], [ -78.5769, 38.0453 ], [ -78.5825, 38.0455 ] ] ] } },
{ "type": "Feature", "properties": { "factor_fine": 1.127 }, "geometry": { "type": "Polygon", "coordinates": [ [ [ -78.5769, 38.0453 ], [ -78.5767, 38.0498 ], [ -78.571, 38.0497 ], [ -78.5712, 38.0452 ], [ -78.5769, 38.0453 ] ] ] } },
{ "type": "Feature", "properties": { "factor_fine": 1.275 }, "geometry": { "type": "Polygon", "coordinates": [ [ [ -78.5712, 38.0452 ], [ -78.571, 38.0497 ], [ -78.5653, 38.0496 ], [ -78.5655, 38.0451 ], [ -78.5712, 38.0452 ] ] ] } },
{ "type": "Feature", "properties": { "factor_fine": 1.432 }, "geometry": { "type": "Polygon", "coordinates": [ [ [ -78.5655, 38.0451 ], [ -78.5653, 38.0496 ], [ -78.5596, 38.0495 ], [ -78.5598, 38.045 ], [ -78.5655, 38.0451 ] ] ] } },
{ "type": "Feature", "properties": { "factor_fine": 1.526 }, "geometry": { "type": "Polygon", "coordinates": [ [ [ -78.5598, 38.045 ], [ -78.5596, 38.0495 ], [ -78.5539, 38.0494 ], [ -78.5541, 38.0449 ], [ -78.5598, 38.045 ] ] ] } },
{ "type": "Feature", "properties": { "factor_fine": 1.576 }, "geometry": { "type": "Polygon", "coordinates": [ [ [ -78.5541, 38.0449 ], [ -78.5539, 38.0494 ], [ -78.5482, 38.0493 ], [ -78.5484, 38.0448 ], [ -78.5541, 38.0449 ] ] ] } },
{ "type": "Feature", "properties": { "factor_fine": 1.599 }, "geometry": { "type": "Polygon", "coordinates": [ [ [ -78.5484, 38.0448 ], [ -78.5482, 38.0493 ], [ -78.5425, 38.0491 ], [ -78.5427, 38.0446 ], [ -78.5484, 38.0448 ] ] ] } },
{ "type": "Feature", "properties": { "factor_fine": 1.588 }, "geometry": { "type": "Polygon", "coordinates": [ [ [ -78.5427, 38.0446 ], [ -78.5425, 38.0491 ], [ -78.5369, 38.049 ], [ -78.537, 38.0445 ], [ -78.5427, 38.0446 ] ] ] } },
{ "type": "Feature", "properties": { "factor_fine": 1.525 }, "geometry": { "type": "Polygon", "coordinates": [ [ [ -78.537, 38.0445 ], [ -78.5369, 38.049 ], [ -78.5312, 38.0489 ], [ -78.5313, 38.0444 ], [ -78.537, 38.0445 ] ] ] } },
{ "type": "Feature", "properties": { "factor_fine": 1.412 }, "geometry": { "type": "Polygon", "coordinates": [ [ [ -78.5313, 38.0444 ], [ -78.5312, 38.0489 ], [ -78.5255, 38.0488 ], [ -78.5256, 38.0443 ], [ -78.5313, 38.0444 ] ] ] } },
{ "type": "Feature", "properties": { "factor_fine": 1.3 }, "geometry": { "type": "Polygon", "coordinates": [ [ [ -78.5256, 38.0443 ], [ -78.5255, 38.0488 ], [ -78.5198, 38.0487 ], [ -78.5199, 38.0442 ], [ -78.5256, 38.0443 ] ] ] } },
{ "type": "Feature", "properties": { "factor_fine": 1.232 }, "geometry": { "type": "Polygon", "coordinates": [ [ [ -78.5199, 38.0442 ], [ -78.5198, 38.0487 ], [ -78.5141, 38.0485 ], [ -78.5142, 38.044 ], [ -78.5199, 38.0442 ] ] ] } },
{ "type": "Feature", "properties": { "factor_fine": 1.202 }, "geometry": { "type": "Polygon", "coordinates": [ [ [ -78.5142, 38.044 ], [ -78.5141, 38.0485 ], [ -78.5084, 38.0484 ], [ -78.5085, 38.0439 ], [ -78.5142, 38.044 ] ] ] } },
{ "type": "Feature", "properties": { "factor_fine": 1.188 }, "geometry": { "type": "Polygon", "coordinates": [ [ [ -78.5085, 38.0439 ], [ -78.5084, 38.0484 ], [ -78.5027, 38.0483 ], [ -78.5028, 38.0438 ], [ -78.5085, 38.0439 ] ] ] } },
{ "type": "Feature", "properties": { "factor_fine": 1.173 }, "geometry": { "type": "Polygon", "coordinates": [ [ [ -78.5028, 38.0438 ], [ -78.5027, 38.0483 ], [ -78.497, 38.0482 ], [ -78.4972, 38.0437 ], [ -78.5028, 38.0438 ] ] ] } },
{ "type": "Feature", "properties": { "factor_fine": 1.154 }, "geometry": { "type": "Polygon", "coordinates": [ [ [ -78.4972, 38.0437 ], [ -78.497, 38.0482 ], [ -78.4913, 38.0481 ], [ -78.4915, 38.0436 ], [ -78.4972, 38.0437 ] ] ] } },
{ "type": "Feature", "properties": { "factor_fine": 1.136 }, "geometry": { "type": "Polygon", "coordinates": [ [ [ -78.4915, 38.0436 ], [ -78.4913, 38.0481 ], [ -78.4856, 38.0479 ], [ -78.4858, 38.0434 ], [ -78.4915, 38.0436 ] ] ] } },
{ "type": "Feature", "properties": { "factor_fine": 1.119 }, "geometry": { "type": "Polygon", "coordinates": [ [ [ -78.4858, 38.0434 ], [ -78.4856, 38.0479 ], [ -78.4799, 38.0478 ], [ -78.4801, 38.0433 ], [ -78.4858, 38.0434 ] ] ] } },
{ "type": "Feature", "properties": { "factor_fine": 1.095 }, "geometry": { "type": "Polygon", "coordinates": [ [ [ -78.4801, 38.0433 ], [ -78.4799, 38.0478 ], [ -78.4742, 38.0477 ], [ -78.4744, 38.0432 ], [ -78.4801, 38.0433 ] ] ] } },
{ "type": "Feature", "properties": { "factor_fine": 1.068 }, "geometry": { "type": "Polygon", "coordinates": [ [ [ -78.4744, 38.0432 ], [ -78.4742, 38.0477 ], [ -78.4685, 38.0476 ], [ -78.4687, 38.0431 ], [ -78.4744, 38.0432 ] ] ] } },
{ "type": "Feature", "properties": { "factor_fine": 1.048 }, "geometry": { "type": "Polygon", "coordinates": [ [ [ -78.4687, 38.0431 ], [ -78.4685, 38.0476 ], [ -78.4628, 38.0474 ], [ -78.463, 38.0429 ], [ -78.4687, 38.0431 ] ] ] } },
{ "type": "Feature", "properties": { "factor_fine": 1.041 }, "geometry": { "type": "Polygon", "coordinates": [ [ [ -78.463, 38.0429 ], [ -78.4628, 38.0474 ], [ -78.4571, 38.0473 ], [ -78.4573, 38.0428 ], [ -78.463, 38.0429 ] ] ] } },
{ "type": "Feature", "properties": { "factor_fine": 1.05 }, "geometry": { "type": "Polygon", "coordinates": [ [ [ -78.4573, 38.0428 ], [ -78.4571, 38.0473 ], [ -78.4515, 38.0472 ], [ -78.4516, 38.0427 ], [ -78.4573, 38.0428 ] ] ] } },
{ "type": "Feature", "properties": { "factor_fine": 1.072 }, "geometry": { "type": "Polygon", "coordinates": [ [ [ -78.4516, 38.0427 ], [ -78.4515, 38.0472 ], [ -78.4458, 38.0471 ], [ -78.4459, 38.0426 ], [ -78.4516, 38.0427 ] ] ] } },
{ "type": "Feature", "properties": { "factor_fine": 1.093 }, "geometry": { "type": "Polygon", "coordinates": [ [ [ -78.4459, 38.0426 ], [ -78.4458, 38.0471 ], [ -78.4401, 38.047 ], [ -78.4402, 38.0424 ], [ -78.4459, 38.0426 ] ] ] } },
{ "type": "Feature", "properties": { "factor_fine": 1.103 }, "geometry": { "type": "Polygon", "coordinates": [ [ [ -78.4402, 38.0424 ], [ -78.4401, 38.047 ], [ -78.4344, 38.0468 ], [ -78.4345, 38.0423 ], [ -78.4402, 38.0424 ] ] ] } },
{ "type": "Feature", "properties": { "factor_fine": 1.109 }, "geometry": { "type": "Polygon", "coordinates": [ [ [ -78.4345, 38.0423 ], [ -78.4344, 38.0468 ], [ -78.4287, 38.0467 ], [ -78.4288, 38.0422 ], [ -78.4345, 38.0423 ] ] ] } },
{ "type": "Feature", "properties": { "factor_fine": 1.117 }, "geometry": { "type": "Polygon", "coordinates": [ [ [ -78.4288, 38.0422 ], [ -78.4287, 38.0467 ], [ -78.423, 38.0466 ], [ -78.4231, 38.0421 ], [ -78.4288, 38.0422 ] ] ] } },
{ "type": "Feature", "properties": { "factor_fine": 1.13 }, "geometry": { "type": "Polygon", "coordinates": [ [ [ -78.4231, 38.0421 ], [ -78.423, 38.0466 ], [ -78.4173, 38.0465 ], [ -78.4175, 38.0419 ], [ -78.4231, 38.0421 ] ] ] } },
{ "type": "Feature", "properties": { "factor_fine": 1.145 }, "geometry": { "type": "Polygon", "coordinates": [ [ [ -78.4175, 38.0419 ], [ -78.4173, 38.0465 ], [ -78.4116, 38.0463 ], [ -78.4118, 38.0418 ], [ -78.4175, 38.0419 ] ] ] } },
{ "type": "Feature", "properties": { "factor_fine": 1.154 }, "geometry": { "type": "Polygon", "coordinates": [ [ [ -78.4118, 38.0418 ], [ -78.4116, 38.0463 ], [ -78.4059, 38.0462 ], [ -78.4061, 38.0417 ], [ -78.4118, 38.0418 ] ] ] } },
{ "type": "Feature", "properties": { "factor_fine": 0.897 }, "geometry": { "type": "Polygon", "coordinates": [ [ [ -78.3207, 38.0398 ], [ -78.3205, 38.0443 ], [ -78.3148, 38.0442 ], [ -78.315, 38.0397 ], [ -78.3207, 38.0398 ] ] ] } },
{ "type": "Feature", "properties": { "factor_fine": 0.903 }, "geometry": { "type": "Polygon", "coordinates": [ [ [ -78.315, 38.0397 ], [ -78.3148, 38.0442 ], [ -78.3091, 38.044 ], [ -78.3093, 38.0395 ], [ -78.315, 38.0397 ] ] ] } },
{ "type": "Feature", "properties": { "factor_fine": 0.904 }, "geometry": { "type": "Polygon", "coordinates": [ [ [ -78.3093, 38.0395 ], [ -78.3091, 38.044 ], [ -78.3035, 38.0439 ], [ -78.3036, 38.0394 ], [ -78.3093, 38.0395 ] ] ] } },
{ "type": "Feature", "properties": { "factor_fine": 0.902 }, "geometry": { "type": "Polygon", "coordinates": [ [ [ -78.3036, 38.0394 ], [ -78.3035, 38.0439 ], [ -78.2978, 38.0438 ], [ -78.2979, 38.0393 ], [ -78.3036, 38.0394 ] ] ] } },
{ "type": "Feature", "properties": { "factor_fine": 1.011 }, "geometry": { "type": "Polygon", "coordinates": [ [ [ -78.7703, 38.0537 ], [ -78.7702, 38.0582 ], [ -78.7645, 38.0581 ], [ -78.7646, 38.0536 ], [ -78.7703, 38.0537 ] ] ] } },
{ "type": "Feature", "properties": { "factor_fine": 1.038 }, "geometry": { "type": "Polygon", "coordinates": [ [ [ -78.7646, 38.0536 ], [ -78.7645, 38.0581 ], [ -78.7588, 38.058 ], [ -78.7589, 38.0535 ], [ -78.7646, 38.0536 ] ] ] } },
{ "type": "Feature", "properties": { "factor_fine": 1.05 }, "geometry": { "type": "Polygon", "coordinates": [ [ [ -78.7589, 38.0535 ], [ -78.7588, 38.058 ], [ -78.7531, 38.0579 ], [ -78.7532, 38.0534 ], [ -78.7589, 38.0535 ] ] ] } },
{ "type": "Feature", "properties": { "factor_fine": 1.06 }, "geometry": { "type": "Polygon", "coordinates": [ [ [ -78.7532, 38.0534 ], [ -78.7531, 38.0579 ], [ -78.7474, 38.0578 ], [ -78.7475, 38.0532 ], [ -78.7532, 38.0534 ] ] ] } },
{ "type": "Feature", "properties": { "factor_fine": 1.065 }, "geometry": { "type": "Polygon", "coordinates": [ [ [ -78.7475, 38.0532 ], [ -78.7474, 38.0578 ], [ -78.7417, 38.0576 ], [ -78.7418, 38.0531 ], [ -78.7475, 38.0532 ] ] ] } },
{ "type": "Feature", "properties": { "factor_fine": 1.062 }, "geometry": { "type": "Polygon", "coordinates": [ [ [ -78.7418, 38.0531 ], [ -78.7417, 38.0576 ], [ -78.736, 38.0575 ], [ -78.7361, 38.053 ], [ -78.7418, 38.0531 ] ] ] } },
{ "type": "Feature", "properties": { "factor_fine": 1.062 }, "geometry": { "type": "Polygon", "coordinates": [ [ [ -78.7361, 38.053 ], [ -78.736, 38.0575 ], [ -78.7303, 38.0574 ], [ -78.7304, 38.0529 ], [ -78.7361, 38.053 ] ] ] } },
{ "type": "Feature", "properties": { "factor_fine": 1.066 }, "geometry": { "type": "Polygon", "coordinates": [ [ [ -78.7304, 38.0529 ], [ -78.7303, 38.0574 ], [ -78.7246, 38.0573 ], [ -78.7248, 38.0528 ], [ -78.7304, 38.0529 ] ] ] } },
{ "type": "Feature", "properties": { "factor_fine": 1.068 }, "geometry": { "type": "Polygon", "coordinates": [ [ [ -78.7248, 38.0528 ], [ -78.7246, 38.0573 ], [ -78.7189, 38.0572 ], [ -78.7191, 38.0527 ], [ -78.7248, 38.0528 ] ] ] } },
{ "type": "Feature", "properties": { "factor_fine": 1.068 }, "geometry": { "type": "Polygon", "coordinates": [ [ [ -78.7191, 38.0527 ], [ -78.7189, 38.0572 ], [ -78.7132, 38.0571 ], [ -78.7134, 38.0526 ], [ -78.7191, 38.0527 ] ] ] } },
{ "type": "Feature", "properties": { "factor_fine": 1.065 }, "geometry": { "type": "Polygon", "coordinates": [ [ [ -78.7134, 38.0526 ], [ -78.7132, 38.0571 ], [ -78.7075, 38.057 ], [ -78.7077, 38.0525 ], [ -78.7134, 38.0526 ] ] ] } },
{ "type": "Feature", "properties": { "factor_fine": 1.056 }, "geometry": { "type": "Polygon", "coordinates": [ [ [ -78.7077, 38.0525 ], [ -78.7075, 38.057 ], [ -78.7018, 38.0569 ], [ -78.702, 38.0524 ], [ -78.7077, 38.0525 ] ] ] } },
{ "type": "Feature", "properties": { "factor_fine": 1.039 }, "geometry": { "type": "Polygon", "coordinates": [ [ [ -78.702, 38.0524 ], [ -78.7018, 38.0569 ], [ -78.6961, 38.0568 ], [ -78.6963, 38.0523 ], [ -78.702, 38.0524 ] ] ] } },
{ "type": "Feature", "properties": { "factor_fine": 1.017 }, "geometry": { "type": "Polygon", "coordinates": [ [ [ -78.6963, 38.0523 ], [ -78.6961, 38.0568 ], [ -78.6904, 38.0566 ], [ -78.6906, 38.0521 ], [ -78.6963, 38.0523 ] ] ] } },
{ "type": "Feature", "properties": { "factor_fine": 1.002 }, "geometry": { "type": "Polygon", "coordinates": [ [ [ -78.6906, 38.0521 ], [ -78.6904, 38.0566 ], [ -78.6848, 38.0565 ], [ -78.6849, 38.052 ], [ -78.6906, 38.0521 ] ] ] } },
{ "type": "Feature", "properties": { "factor_fine": 0.995 }, "geometry": { "type": "Polygon", "coordinates": [ [ [ -78.6849, 38.052 ], [ -78.6848, 38.0565 ], [ -78.6791, 38.0564 ], [ -78.6792, 38.0519 ], [ -78.6849, 38.052 ] ] ] } },
{ "type": "Feature", "properties": { "factor_fine": 0.99 }, "geometry": { "type": "Polygon", "coordinates": [ [ [ -78.6792, 38.0519 ], [ -78.6791, 38.0564 ], [ -78.6734, 38.0563 ], [ -78.6735, 38.0518 ], [ -78.6792, 38.0519 ] ] ] } },
{ "type": "Feature", "properties": { "factor_fine": 0.983 }, "geometry": { "type": "Polygon", "coordinates": [ [ [ -78.6735, 38.0518 ], [ -78.6734, 38.0563 ], [ -78.6677, 38.0562 ], [ -78.6678, 38.0517 ], [ -78.6735, 38.0518 ] ] ] } },
{ "type": "Feature", "properties": { "factor_fine": 0.972 }, "geometry": { "type": "Polygon", "coordinates": [ [ [ -78.6678, 38.0517 ], [ -78.6677, 38.0562 ], [ -78.662, 38.0561 ], [ -78.6621, 38.0516 ], [ -78.6678, 38.0517 ] ] ] } },
{ "type": "Feature", "properties": { "factor_fine": 0.959 }, "geometry": { "type": "Polygon", "coordinates": [ [ [ -78.6621, 38.0516 ], [ -78.662, 38.0561 ], [ -78.6563, 38.056 ], [ -78.6564, 38.0515 ], [ -78.6621, 38.0516 ] ] ] } },
{ "type": "Feature", "properties": { "factor_fine": 0.947 }, "geometry": { "type": "Polygon", "coordinates": [ [ [ -78.6564, 38.0515 ], [ -78.6563, 38.056 ], [ -78.6506, 38.0559 ], [ -78.6507, 38.0514 ], [ -78.6564, 38.0515 ] ] ] } },
{ "type": "Feature", "properties": { "factor_fine": 0.946 }, "geometry": { "type": "Polygon", "coordinates": [ [ [ -78.6507, 38.0514 ], [ -78.6506, 38.0559 ], [ -78.6449, 38.0557 ], [ -78.645, 38.0512 ], [ -78.6507, 38.0514 ] ] ] } },
{ "type": "Feature", "properties": { "factor_fine": 0.961 }, "geometry": { "type": "Polygon", "coordinates": [ [ [ -78.645, 38.0512 ], [ -78.6449, 38.0557 ], [ -78.6392, 38.0556 ], [ -78.6393, 38.0511 ], [ -78.645, 38.0512 ] ] ] } },
{ "type": "Feature", "properties": { "factor_fine": 0.975 }, "geometry": { "type": "Polygon", "coordinates": [ [ [ -78.6393, 38.0511 ], [ -78.6392, 38.0556 ], [ -78.6335, 38.0555 ], [ -78.6336, 38.051 ], [ -78.6393, 38.0511 ] ] ] } },
{ "type": "Feature", "properties": { "factor_fine": 0.985 }, "geometry": { "type": "Polygon", "coordinates": [ [ [ -78.6336, 38.051 ], [ -78.6335, 38.0555 ], [ -78.6278, 38.0554 ], [ -78.628, 38.0509 ], [ -78.6336, 38.051 ] ] ] } },
{ "type": "Feature", "properties": { "factor_fine": 0.992 }, "geometry": { "type": "Polygon", "coordinates": [ [ [ -78.628, 38.0509 ], [ -78.6278, 38.0554 ], [ -78.6221, 38.0553 ], [ -78.6223, 38.0508 ], [ -78.628, 38.0509 ] ] ] } },
{ "type": "Feature", "properties": { "factor_fine": 0.994 }, "geometry": { "type": "Polygon", "coordinates": [ [ [ -78.6223, 38.0508 ], [ -78.6221, 38.0553 ], [ -78.6164, 38.0552 ], [ -78.6166, 38.0507 ], [ -78.6223, 38.0508 ] ] ] } },
{ "type": "Feature", "properties": { "factor_fine": 0.99 }, "geometry": { "type": "Polygon", "coordinates": [ [ [ -78.6166, 38.0507 ], [ -78.6164, 38.0552 ], [ -78.6107, 38.0551 ], [ -78.6109, 38.0505 ], [ -78.6166, 38.0507 ] ] ] } },
{ "type": "Feature", "properties": { "factor_fine": 0.993 }, "geometry": { "type": "Polygon", "coordinates": [ [ [ -78.6109, 38.0505 ], [ -78.6107, 38.0551 ], [ -78.605, 38.0549 ], [ -78.6052, 38.0504 ], [ -78.6109, 38.0505 ] ] ] } },
{ "type": "Feature", "properties": { "factor_fine": 1.01 }, "geometry": { "type": "Polygon", "coordinates": [ [ [ -78.6052, 38.0504 ], [ -78.605, 38.0549 ], [ -78.5993, 38.0548 ], [ -78.5995, 38.0503 ], [ -78.6052, 38.0504 ] ] ] } },
{ "type": "Feature", "properties": { "factor_fine": 1.032 }, "geometry": { "type": "Polygon", "coordinates": [ [ [ -78.5995, 38.0503 ], [ -78.5993, 38.0548 ], [ -78.5936, 38.0547 ], [ -78.5938, 38.0502 ], [ -78.5995, 38.0503 ] ] ] } },
{ "type": "Feature", "properties": { "factor_fine": 1.052 }, "geometry": { "type": "Polygon", "coordinates": [ [ [ -78.5938, 38.0502 ], [ -78.5936, 38.0547 ], [ -78.5879, 38.0546 ], [ -78.5881, 38.0501 ], [ -78.5938, 38.0502 ] ] ] } },
{ "type": "Feature", "properties": { "factor_fine": 1.067 }, "geometry": { "type": "Polygon", "coordinates": [ [ [ -78.5881, 38.0501 ], [ -78.5879, 38.0546 ], [ -78.5823, 38.0545 ], [ -78.5824, 38.05 ], [ -78.5881, 38.0501 ] ] ] } },
{ "type": "Feature", "properties": { "factor_fine": 1.086 }, "geometry": { "type": "Polygon", "coordinates": [ [ [ -78.5824, 38.05 ], [ -78.5823, 38.0545 ], [ -78.5766, 38.0544 ], [ -78.5767, 38.0498 ], [ -78.5824, 38.05 ] ] ] } },
{ "type": "Feature", "properties": { "factor_fine": 1.144 }, "geometry": { "type": "Polygon", "coordinates": [ [ [ -78.5767, 38.0498 ], [ -78.5766, 38.0544 ], [ -78.5709, 38.0542 ], [ -78.571, 38.0497 ], [ -78.5767, 38.0498 ] ] ] } },
{ "type": "Feature", "properties": { "factor_fine": 1.266 }, "geometry": { "type": "Polygon", "coordinates": [ [ [ -78.571, 38.0497 ], [ -78.5709, 38.0542 ], [ -78.5652, 38.0541 ], [ -78.5653, 38.0496 ], [ -78.571, 38.0497 ] ] ] } },
{ "type": "Feature", "properties": { "factor_fine": 1.414 }, "geometry": { "type": "Polygon", "coordinates": [ [ [ -78.5653, 38.0496 ], [ -78.5652, 38.0541 ], [ -78.5595, 38.054 ], [ -78.5596, 38.0495 ], [ -78.5653, 38.0496 ] ] ] } },
{ "type": "Feature", "properties": { "factor_fine": 1.532 }, "geometry": { "type": "Polygon", "coordinates": [ [ [ -78.5596, 38.0495 ], [ -78.5595, 38.054 ], [ -78.5538, 38.0539 ], [ -78.5539, 38.0494 ], [ -78.5596, 38.0495 ] ] ] } },
{ "type": "Feature", "properties": { "factor_fine": 1.599 }, "geometry": { "type": "Polygon", "coordinates": [ [ [ -78.5539, 38.0494 ], [ -78.5538, 38.0539 ], [ -78.5481, 38.0538 ], [ -78.5482, 38.0493 ], [ -78.5539, 38.0494 ] ] ] } },
{ "type": "Feature", "properties": { "factor_fine": 1.618 }, "geometry": { "type": "Polygon", "coordinates": [ [ [ -78.5482, 38.0493 ], [ -78.5481, 38.0538 ], [ -78.5424, 38.0536 ], [ -78.5425, 38.0491 ], [ -78.5482, 38.0493 ] ] ] } },
{ "type": "Feature", "properties": { "factor_fine": 1.597 }, "geometry": { "type": "Polygon", "coordinates": [ [ [ -78.5425, 38.0491 ], [ -78.5424, 38.0536 ], [ -78.5367, 38.0535 ], [ -78.5369, 38.049 ], [ -78.5425, 38.0491 ] ] ] } },
{ "type": "Feature", "properties": { "factor_fine": 1.528 }, "geometry": { "type": "Polygon", "coordinates": [ [ [ -78.5369, 38.049 ], [ -78.5367, 38.0535 ], [ -78.531, 38.0534 ], [ -78.5312, 38.0489 ], [ -78.5369, 38.049 ] ] ] } },
{ "type": "Feature", "properties": { "factor_fine": 1.407 }, "geometry": { "type": "Polygon", "coordinates": [ [ [ -78.5312, 38.0489 ], [ -78.531, 38.0534 ], [ -78.5253, 38.0533 ], [ -78.5255, 38.0488 ], [ -78.5312, 38.0489 ] ] ] } },
{ "type": "Feature", "properties": { "factor_fine": 1.279 }, "geometry": { "type": "Polygon", "coordinates": [ [ [ -78.5255, 38.0488 ], [ -78.5253, 38.0533 ], [ -78.5196, 38.0532 ], [ -78.5198, 38.0487 ], [ -78.5255, 38.0488 ] ] ] } },
{ "type": "Feature", "properties": { "factor_fine": 1.192 }, "geometry": { "type": "Polygon", "coordinates": [ [ [ -78.5198, 38.0487 ], [ -78.5196, 38.0532 ], [ -78.5139, 38.053 ], [ -78.5141, 38.0485 ], [ -78.5198, 38.0487 ] ] ] } },
{ "type": "Feature", "properties": { "factor_fine": 1.15 }, "geometry": { "type": "Polygon", "coordinates": [ [ [ -78.5141, 38.0485 ], [ -78.5139, 38.053 ], [ -78.5082, 38.0529 ], [ -78.5084, 38.0484 ], [ -78.5141, 38.0485 ] ] ] } },
{ "type": "Feature", "properties": { "factor_fine": 1.141 }, "geometry": { "type": "Polygon", "coordinates": [ [ [ -78.5084, 38.0484 ], [ -78.5082, 38.0529 ], [ -78.5025, 38.0528 ], [ -78.5027, 38.0483 ], [ -78.5084, 38.0484 ] ] ] } },
{ "type": "Feature", "properties": { "factor_fine": 1.147 }, "geometry": { "type": "Polygon", "coordinates": [ [ [ -78.5027, 38.0483 ], [ -78.5025, 38.0528 ], [ -78.4968, 38.0527 ], [ -78.497, 38.0482 ], [ -78.5027, 38.0483 ] ] ] } },
{ "type": "Feature", "properties": { "factor_fine": 1.148 }, "geometry": { "type": "Polygon", "coordinates": [ [ [ -78.497, 38.0482 ], [ -78.4968, 38.0527 ], [ -78.4912, 38.0526 ], [ -78.4913, 38.0481 ], [ -78.497, 38.0482 ] ] ] } },
{ "type": "Feature", "properties": { "factor_fine": 1.135 }, "geometry": { "type": "Polygon", "coordinates": [ [ [ -78.4913, 38.0481 ], [ -78.4912, 38.0526 ], [ -78.4855, 38.0524 ], [ -78.4856, 38.0479 ], [ -78.4913, 38.0481 ] ] ] } },
{ "type": "Feature", "properties": { "factor_fine": 1.108 }, "geometry": { "type": "Polygon", "coordinates": [ [ [ -78.4856, 38.0479 ], [ -78.4855, 38.0524 ], [ -78.4798, 38.0523 ], [ -78.4799, 38.0478 ], [ -78.4856, 38.0479 ] ] ] } },
{ "type": "Feature", "properties": { "factor_fine": 1.073 }, "geometry": { "type": "Polygon", "coordinates": [ [ [ -78.4799, 38.0478 ], [ -78.4798, 38.0523 ], [ -78.4741, 38.0522 ], [ -78.4742, 38.0477 ], [ -78.4799, 38.0478 ] ] ] } },
{ "type": "Feature", "properties": { "factor_fine": 1.045 }, "geometry": { "type": "Polygon", "coordinates": [ [ [ -78.4742, 38.0477 ], [ -78.4741, 38.0522 ], [ -78.4684, 38.0521 ], [ -78.4685, 38.0476 ], [ -78.4742, 38.0477 ] ] ] } },
{ "type": "Feature", "properties": { "factor_fine": 1.031 }, "geometry": { "type": "Polygon", "coordinates": [ [ [ -78.4685, 38.0476 ], [ -78.4684, 38.0521 ], [ -78.4627, 38.0519 ], [ -78.4628, 38.0474 ], [ -78.4685, 38.0476 ] ] ] } },
{ "type": "Feature", "properties": { "factor_fine": 1.027 }, "geometry": { "type": "Polygon", "coordinates": [ [ [ -78.4628, 38.0474 ], [ -78.4627, 38.0519 ], [ -78.457, 38.0518 ], [ -78.4571, 38.0473 ], [ -78.4628, 38.0474 ] ] ] } },
{ "type": "Feature", "properties": { "factor_fine": 1.032 }, "geometry": { "type": "Polygon", "coordinates": [ [ [ -78.4571, 38.0473 ], [ -78.457, 38.0518 ], [ -78.4513, 38.0517 ], [ -78.4515, 38.0472 ], [ -78.4571, 38.0473 ] ] ] } },
{ "type": "Feature", "properties": { "factor_fine": 1.049 }, "geometry": { "type": "Polygon", "coordinates": [ [ [ -78.4515, 38.0472 ], [ -78.4513, 38.0517 ], [ -78.4456, 38.0516 ], [ -78.4458, 38.0471 ], [ -78.4515, 38.0472 ] ] ] } },
{ "type": "Feature", "properties": { "factor_fine": 1.075 }, "geometry": { "type": "Polygon", "coordinates": [ [ [ -78.4458, 38.0471 ], [ -78.4456, 38.0516 ], [ -78.4399, 38.0515 ], [ -78.4401, 38.047 ], [ -78.4458, 38.0471 ] ] ] } },
{ "type": "Feature", "properties": { "factor_fine": 1.097 }, "geometry": { "type": "Polygon", "coordinates": [ [ [ -78.4401, 38.047 ], [ -78.4399, 38.0515 ], [ -78.4342, 38.0513 ], [ -78.4344, 38.0468 ], [ -78.4401, 38.047 ] ] ] } },
{ "type": "Feature", "properties": { "factor_fine": 1.111 }, "geometry": { "type": "Polygon", "coordinates": [ [ [ -78.4344, 38.0468 ], [ -78.4342, 38.0513 ], [ -78.4285, 38.0512 ], [ -78.4287, 38.0467 ], [ -78.4344, 38.0468 ] ] ] } },
{ "type": "Feature", "properties": { "factor_fine": 1.122 }, "geometry": { "type": "Polygon", "coordinates": [ [ [ -78.4287, 38.0467 ], [ -78.4285, 38.0512 ], [ -78.4228, 38.0511 ], [ -78.423, 38.0466 ], [ -78.4287, 38.0467 ] ] ] } },
{ "type": "Feature", "properties": { "factor_fine": 1.135 }, "geometry": { "type": "Polygon", "coordinates": [ [ [ -78.423, 38.0466 ], [ -78.4228, 38.0511 ], [ -78.4171, 38.051 ], [ -78.4173, 38.0465 ], [ -78.423, 38.0466 ] ] ] } },
{ "type": "Feature", "properties": { "factor_fine": 1.147 }, "geometry": { "type": "Polygon", "coordinates": [ [ [ -78.4173, 38.0465 ], [ -78.4171, 38.051 ], [ -78.4114, 38.0508 ], [ -78.4116, 38.0463 ], [ -78.4173, 38.0465 ] ] ] } },
{ "type": "Feature", "properties": { "factor_fine": 1.152 }, "geometry": { "type": "Polygon", "coordinates": [ [ [ -78.4116, 38.0463 ], [ -78.4114, 38.0508 ], [ -78.4058, 38.0507 ], [ -78.4059, 38.0462 ], [ -78.4116, 38.0463 ] ] ] } },
{ "type": "Feature", "properties": { "factor_fine": 0.933 }, "geometry": { "type": "Polygon", "coordinates": [ [ [ -78.3205, 38.0443 ], [ -78.3204, 38.0488 ], [ -78.3147, 38.0487 ], [ -78.3148, 38.0442 ], [ -78.3205, 38.0443 ] ] ] } },
{ "type": "Feature", "properties": { "factor_fine": 0.93 }, "geometry": { "type": "Polygon", "coordinates": [ [ [ -78.3148, 38.0442 ], [ -78.3147, 38.0487 ], [ -78.309, 38.0485 ], [ -78.3091, 38.044 ], [ -78.3148, 38.0442 ] ] ] } },
{ "type": "Feature", "properties": { "factor_fine": 0.925 }, "geometry": { "type": "Polygon", "coordinates": [ [ [ -78.3091, 38.044 ], [ -78.309, 38.0485 ], [ -78.3033, 38.0484 ], [ -78.3035, 38.0439 ], [ -78.3091, 38.044 ] ] ] } },
{ "type": "Feature", "properties": { "factor_fine": 1.022 }, "geometry": { "type": "Polygon", "coordinates": [ [ [ -78.7702, 38.0582 ], [ -78.77, 38.0627 ], [ -78.7643, 38.0626 ], [ -78.7645, 38.0581 ], [ -78.7702, 38.0582 ] ] ] } },
{ "type": "Feature", "properties": { "factor_fine": 1.04 }, "geometry": { "type": "Polygon", "coordinates": [ [ [ -78.7645, 38.0581 ], [ -78.7643, 38.0626 ], [ -78.7586, 38.0625 ], [ -78.7588, 38.058 ], [ -78.7645, 38.0581 ] ] ] } },
{ "type": "Feature", "properties": { "factor_fine": 1.05 }, "geometry": { "type": "Polygon", "coordinates": [ [ [ -78.7588, 38.058 ], [ -78.7586, 38.0625 ], [ -78.753, 38.0624 ], [ -78.7531, 38.0579 ], [ -78.7588, 38.058 ] ] ] } },
{ "type": "Feature", "properties": { "factor_fine": 1.058 }, "geometry": { "type": "Polygon", "coordinates": [ [ [ -78.7531, 38.0579 ], [ -78.753, 38.0624 ], [ -78.7473, 38.0623 ], [ -78.7474, 38.0578 ], [ -78.7531, 38.0579 ] ] ] } },
{ "type": "Feature", "properties": { "factor_fine": 1.06 }, "geometry": { "type": "Polygon", "coordinates": [ [ [ -78.7474, 38.0578 ], [ -78.7473, 38.0623 ], [ -78.7416, 38.0621 ], [ -78.7417, 38.0576 ], [ -78.7474, 38.0578 ] ] ] } },
{ "type": "Feature", "properties": { "factor_fine": 1.055 }, "geometry": { "type": "Polygon", "coordinates": [ [ [ -78.7417, 38.0576 ], [ -78.7416, 38.0621 ], [ -78.7359, 38.062 ], [ -78.736, 38.0575 ], [ -78.7417, 38.0576 ] ] ] } },
{ "type": "Feature", "properties": { "factor_fine": 1.054 }, "geometry": { "type": "Polygon", "coordinates": [ [ [ -78.736, 38.0575 ], [ -78.7359, 38.062 ], [ -78.7302, 38.0619 ], [ -78.7303, 38.0574 ], [ -78.736, 38.0575 ] ] ] } },
{ "type": "Feature", "properties": { "factor_fine": 1.055 }, "geometry": { "type": "Polygon", "coordinates": [ [ [ -78.7303, 38.0574 ], [ -78.7302, 38.0619 ], [ -78.7245, 38.0618 ], [ -78.7246, 38.0573 ], [ -78.7303, 38.0574 ] ] ] } },
{ "type": "Feature", "properties": { "factor_fine": 1.055 }, "geometry": { "type": "Polygon", "coordinates": [ [ [ -78.7246, 38.0573 ], [ -78.7245, 38.0618 ], [ -78.7188, 38.0617 ], [ -78.7189, 38.0572 ], [ -78.7246, 38.0573 ] ] ] } },
{ "type": "Feature", "properties": { "factor_fine": 1.054 }, "geometry": { "type": "Polygon", "coordinates": [ [ [ -78.7189, 38.0572 ], [ -78.7188, 38.0617 ], [ -78.7131, 38.0616 ], [ -78.7132, 38.0571 ], [ -78.7189, 38.0572 ] ] ] } },
{ "type": "Feature", "properties": { "factor_fine": 1.052 }, "geometry": { "type": "Polygon", "coordinates": [ [ [ -78.7132, 38.0571 ], [ -78.7131, 38.0616 ], [ -78.7074, 38.0615 ], [ -78.7075, 38.057 ], [ -78.7132, 38.0571 ] ] ] } },
{ "type": "Feature", "properties": { "factor_fine": 1.046 }, "geometry": { "type": "Polygon", "coordinates": [ [ [ -78.7075, 38.057 ], [ -78.7074, 38.0615 ], [ -78.7017, 38.0614 ], [ -78.7018, 38.0569 ], [ -78.7075, 38.057 ] ] ] } },
{ "type": "Feature", "properties": { "factor_fine": 1.034 }, "geometry": { "type": "Polygon", "coordinates": [ [ [ -78.7018, 38.0569 ], [ -78.7017, 38.0614 ], [ -78.696, 38.0613 ], [ -78.6961, 38.0568 ], [ -78.7018, 38.0569 ] ] ] } },
{ "type": "Feature", "properties": { "factor_fine": 1.02 }, "geometry": { "type": "Polygon", "coordinates": [ [ [ -78.6961, 38.0568 ], [ -78.696, 38.0613 ], [ -78.6903, 38.0611 ], [ -78.6904, 38.0566 ], [ -78.6961, 38.0568 ] ] ] } },
{ "type": "Feature", "properties": { "factor_fine": 1.01 }, "geometry": { "type": "Polygon", "coordinates": [ [ [ -78.6904, 38.0566 ], [ -78.6903, 38.0611 ], [ -78.6846, 38.061 ], [ -78.6848, 38.0565 ], [ -78.6904, 38.0566 ] ] ] } },
{ "type": "Feature", "properties": { "factor_fine": 1.003 }, "geometry": { "type": "Polygon", "coordinates": [ [ [ -78.6848, 38.0565 ], [ -78.6846, 38.061 ], [ -78.6789, 38.0609 ], [ -78.6791, 38.0564 ], [ -78.6848, 38.0565 ] ] ] } },
{ "type": "Feature", "properties": { "factor_fine": 0.994 }, "geometry": { "type": "Polygon", "coordinates": [ [ [ -78.6791, 38.0564 ], [ -78.6789, 38.0609 ], [ -78.6732, 38.0608 ], [ -78.6734, 38.0563 ], [ -78.6791, 38.0564 ] ] ] } },
{ "type": "Feature", "properties": { "factor_fine": 0.981 }, "geometry": { "type": "Polygon", "coordinates": [ [ [ -78.6734, 38.0563 ], [ -78.6732, 38.0608 ], [ -78.6675, 38.0607 ], [ -78.6677, 38.0562 ], [ -78.6734, 38.0563 ] ] ] } },
{ "type": "Feature", "properties": { "factor_fine": 0.965 }, "geometry": { "type": "Polygon", "coordinates": [ [ [ -78.6677, 38.0562 ], [ -78.6675, 38.0607 ], [ -78.6618, 38.0606 ], [ -78.662, 38.0561 ], [ -78.6677, 38.0562 ] ] ] } },
{ "type": "Feature", "properties": { "factor_fine": 0.95 }, "geometry": { "type": "Polygon", "coordinates": [ [ [ -78.662, 38.0561 ], [ -78.6618, 38.0606 ], [ -78.6561, 38.0605 ], [ -78.6563, 38.056 ], [ -78.662, 38.0561 ] ] ] } },
{ "type": "Feature", "properties": { "factor_fine": 0.938 }, "geometry": { "type": "Polygon", "coordinates": [ [ [ -78.6563, 38.056 ], [ -78.6561, 38.0605 ], [ -78.6504, 38.0604 ], [ -78.6506, 38.0559 ], [ -78.6563, 38.056 ] ] ] } },
{ "type": "Feature", "properties": { "factor_fine": 0.932 }, "geometry": { "type": "Polygon", "coordinates": [ [ [ -78.6506, 38.0559 ], [ -78.6504, 38.0604 ], [ -78.6447, 38.0602 ], [ -78.6449, 38.0557 ], [ -78.6506, 38.0559 ] ] ] } },
{ "type": "Feature", "properties": { "factor_fine": 0.943 }, "geometry": { "type": "Polygon", "coordinates": [ [ [ -78.6449, 38.0557 ], [ -78.6447, 38.0602 ], [ -78.6391, 38.0601 ], [ -78.6392, 38.0556 ], [ -78.6449, 38.0557 ] ] ] } },
{ "type": "Feature", "properties": { "factor_fine": 0.963 }, "geometry": { "type": "Polygon", "coordinates": [ [ [ -78.6392, 38.0556 ], [ -78.6391, 38.0601 ], [ -78.6334, 38.06 ], [ -78.6335, 38.0555 ], [ -78.6392, 38.0556 ] ] ] } },
{ "type": "Feature", "properties": { "factor_fine": 0.98 }, "geometry": { "type": "Polygon", "coordinates": [ [ [ -78.6335, 38.0555 ], [ -78.6334, 38.06 ], [ -78.6277, 38.0599 ], [ -78.6278, 38.0554 ], [ -78.6335, 38.0555 ] ] ] } },
{ "type": "Feature", "properties": { "factor_fine": 0.994 }, "geometry": { "type": "Polygon", "coordinates": [ [ [ -78.6278, 38.0554 ], [ -78.6277, 38.0599 ], [ -78.622, 38.0598 ], [ -78.6221, 38.0553 ], [ -78.6278, 38.0554 ] ] ] } },
{ "type": "Feature", "properties": { "factor_fine": 1.0 }, "geometry": { "type": "Polygon", "coordinates": [ [ [ -78.6221, 38.0553 ], [ -78.622, 38.0598 ], [ -78.6163, 38.0597 ], [ -78.6164, 38.0552 ], [ -78.6221, 38.0553 ] ] ] } },
{ "type": "Feature", "properties": { "factor_fine": 1.0 }, "geometry": { "type": "Polygon", "coordinates": [ [ [ -78.6164, 38.0552 ], [ -78.6163, 38.0597 ], [ -78.6106, 38.0596 ], [ -78.6107, 38.0551 ], [ -78.6164, 38.0552 ] ] ] } },
{ "type": "Feature", "properties": { "factor_fine": 1.007 }, "geometry": { "type": "Polygon", "coordinates": [ [ [ -78.6107, 38.0551 ], [ -78.6106, 38.0596 ], [ -78.6049, 38.0594 ], [ -78.605, 38.0549 ], [ -78.6107, 38.0551 ] ] ] } },
{ "type": "Feature", "properties": { "factor_fine": 1.028 }, "geometry": { "type": "Polygon", "coordinates": [ [ [ -78.605, 38.0549 ], [ -78.6049, 38.0594 ], [ -78.5992, 38.0593 ], [ -78.5993, 38.0548 ], [ -78.605, 38.0549 ] ] ] } },
{ "type": "Feature", "properties": { "factor_fine": 1.051 }, "geometry": { "type": "Polygon", "coordinates": [ [ [ -78.5993, 38.0548 ], [ -78.5992, 38.0593 ], [ -78.5935, 38.0592 ], [ -78.5936, 38.0547 ], [ -78.5993, 38.0548 ] ] ] } },
{ "type": "Feature", "properties": { "factor_fine": 1.071 }, "geometry": { "type": "Polygon", "coordinates": [ [ [ -78.5936, 38.0547 ], [ -78.5935, 38.0592 ], [ -78.5878, 38.0591 ], [ -78.5879, 38.0546 ], [ -78.5936, 38.0547 ] ] ] } },
{ "type": "Feature", "properties": { "factor_fine": 1.086 }, "geometry": { "type": "Polygon", "coordinates": [ [ [ -78.5879, 38.0546 ], [ -78.5878, 38.0591 ], [ -78.5821, 38.059 ], [ -78.5823, 38.0545 ], [ -78.5879, 38.0546 ] ] ] } },
{ "type": "Feature", "properties": { "factor_fine": 1.109 }, "geometry": { "type": "Polygon", "coordinates": [ [ [ -78.5823, 38.0545 ], [ -78.5821, 38.059 ], [ -78.5764, 38.0589 ], [ -78.5766, 38.0544 ], [ -78.5823, 38.0545 ] ] ] } },
{ "type": "Feature", "properties": { "factor_fine": 1.164 }, "geometry": { "type": "Polygon", "coordinates": [ [ [ -78.5766, 38.0544 ], [ -78.5764, 38.0589 ], [ -78.5707, 38.0587 ], [ -78.5709, 38.0542 ], [ -78.5766, 38.0544 ] ] ] } },
{ "type": "Feature", "properties": { "factor_fine": 1.265 }, "geometry": { "type": "Polygon", "coordinates": [ [ [ -78.5709, 38.0542 ], [ -78.5707, 38.0587 ], [ -78.565, 38.0586 ], [ -78.5652, 38.0541 ], [ -78.5709, 38.0542 ] ] ] } },
{ "type": "Feature", "properties": { "factor_fine": 1.391 }, "geometry": { "type": "Polygon", "coordinates": [ [ [ -78.5652, 38.0541 ], [ -78.565, 38.0586 ], [ -78.5593, 38.0585 ], [ -78.5595, 38.054 ], [ -78.5652, 38.0541 ] ] ] } },
{ "type": "Feature", "properties": { "factor_fine": 1.519 }, "geometry": { "type": "Polygon", "coordinates": [ [ [ -78.5595, 38.054 ], [ -78.5593, 38.0585 ], [ -78.5536, 38.0584 ], [ -78.5538, 38.0539 ], [ -78.5595, 38.054 ] ] ] } },
{ "type": "Feature", "properties": { "factor_fine": 1.611 }, "geometry": { "type": "Polygon", "coordinates": [ [ [ -78.5538, 38.0539 ], [ -78.5536, 38.0584 ], [ -78.5479, 38.0583 ], [ -78.5481, 38.0538 ], [ -78.5538, 38.0539 ] ] ] } },
{ "type": "Feature", "properties": { "factor_fine": 1.635 }, "geometry": { "type": "Polygon", "coordinates": [ [ [ -78.5481, 38.0538 ], [ -78.5479, 38.0583 ], [ -78.5422, 38.0581 ], [ -78.5424, 38.0536 ], [ -78.5481, 38.0538 ] ] ] } },
{ "type": "Feature", "properties": { "factor_fine": 1.603 }, "geometry": { "type": "Polygon", "coordinates": [ [ [ -78.5424, 38.0536 ], [ -78.5422, 38.0581 ], [ -78.5366, 38.058 ], [ -78.5367, 38.0535 ], [ -78.5424, 38.0536 ] ] ] } },
{ "type": "Feature", "properties": { "factor_fine": 1.524 }, "geometry": { "type": "Polygon", "coordinates": [ [ [ -78.5367, 38.0535 ], [ -78.5366, 38.058 ], [ -78.5309, 38.0579 ], [ -78.531, 38.0534 ], [ -78.5367, 38.0535 ] ] ] } },
{ "type": "Feature", "properties": { "factor_fine": 1.388 }, "geometry": { "type": "Polygon", "coordinates": [ [ [ -78.531, 38.0534 ], [ -78.5309, 38.0579 ], [ -78.5252, 38.0578 ], [ -78.5253, 38.0533 ], [ -78.531, 38.0534 ] ] ] } },
{ "type": "Feature", "properties": { "factor_fine": 1.236 }, "geometry": { "type": "Polygon", "coordinates": [ [ [ -78.5253, 38.0533 ], [ -78.5252, 38.0578 ], [ -78.5195, 38.0577 ], [ -78.5196, 38.0532 ], [ -78.5253, 38.0533 ] ] ] } },
{ "type": "Feature", "properties": { "factor_fine": 1.134 }, "geometry": { "type": "Polygon", "coordinates": [ [ [ -78.5196, 38.0532 ], [ -78.5195, 38.0577 ], [ -78.5138, 38.0575 ], [ -78.5139, 38.053 ], [ -78.5196, 38.0532 ] ] ] } },
{ "type": "Feature", "properties": { "factor_fine": 1.085 }, "geometry": { "type": "Polygon", "coordinates": [ [ [ -78.5139, 38.053 ], [ -78.5138, 38.0575 ], [ -78.5081, 38.0574 ], [ -78.5082, 38.0529 ], [ -78.5139, 38.053 ] ] ] } },
{ "type": "Feature", "properties": { "factor_fine": 1.067 }, "geometry": { "type": "Polygon", "coordinates": [ [ [ -78.5082, 38.0529 ], [ -78.5081, 38.0574 ], [ -78.5024, 38.0573 ], [ -78.5025, 38.0528 ], [ -78.5082, 38.0529 ] ] ] } },
{ "type": "Feature", "properties": { "factor_fine": 1.068 }, "geometry": { "type": "Polygon", "coordinates": [ [ [ -78.5025, 38.0528 ], [ -78.5024, 38.0573 ], [ -78.4967, 38.0572 ], [ -78.4968, 38.0527 ], [ -78.5025, 38.0528 ] ] ] } },
{ "type": "Feature", "properties": { "factor_fine": 1.08 }, "geometry": { "type": "Polygon", "coordinates": [ [ [ -78.4968, 38.0527 ], [ -78.4967, 38.0572 ], [ -78.491, 38.0571 ], [ -78.4912, 38.0526 ], [ -78.4968, 38.0527 ] ] ] } },
{ "type": "Feature", "properties": { "factor_fine": 1.087 }, "geometry": { "type": "Polygon", "coordinates": [ [ [ -78.4912, 38.0526 ], [ -78.491, 38.0571 ], [ -78.4853, 38.0569 ], [ -78.4855, 38.0524 ], [ -78.4912, 38.0526 ] ] ] } },
{ "type": "Feature", "properties": { "factor_fine": 1.077 }, "geometry": { "type": "Polygon", "coordinates": [ [ [ -78.4855, 38.0524 ], [ -78.4853, 38.0569 ], [ -78.4796, 38.0568 ], [ -78.4798, 38.0523 ], [ -78.4855, 38.0524 ] ] ] } },
{ "type": "Feature", "properties": { "factor_fine": 1.055 }, "geometry": { "type": "Polygon", "coordinates": [ [ [ -78.4798, 38.0523 ], [ -78.4796, 38.0568 ], [ -78.4739, 38.0567 ], [ -78.4741, 38.0522 ], [ -78.4798, 38.0523 ] ] ] } },
{ "type": "Feature", "properties": { "factor_fine": 1.036 }, "geometry": { "type": "Polygon", "coordinates": [ [ [ -78.4741, 38.0522 ], [ -78.4739, 38.0567 ], [ -78.4682, 38.0566 ], [ -78.4684, 38.0521 ], [ -78.4741, 38.0522 ] ] ] } },
{ "type": "Feature", "properties": { "factor_fine": 1.026 }, "geometry": { "type": "Polygon", "coordinates": [ [ [ -78.4684, 38.0521 ], [ -78.4682, 38.0566 ], [ -78.4625, 38.0564 ], [ -78.4627, 38.0519 ], [ -78.4684, 38.0521 ] ] ] } },
{ "type": "Feature", "properties": { "factor_fine": 1.023 }, "geometry": { "type": "Polygon", "coordinates": [ [ [ -78.4627, 38.0519 ], [ -78.4625, 38.0564 ], [ -78.4568, 38.0563 ], [ -78.457, 38.0518 ], [ -78.4627, 38.0519 ] ] ] } },
{ "type": "Feature", "properties": { "factor_fine": 1.022 }, "geometry": { "type": "Polygon", "coordinates": [ [ [ -78.457, 38.0518 ], [ -78.4568, 38.0563 ], [ -78.4511, 38.0562 ], [ -78.4513, 38.0517 ], [ -78.457, 38.0518 ] ] ] } },
{ "type": "Feature", "properties": { "factor_fine": 1.028 }, "geometry": { "type": "Polygon", "coordinates": [ [ [ -78.4513, 38.0517 ], [ -78.4511, 38.0562 ], [ -78.4454, 38.0561 ], [ -78.4456, 38.0516 ], [ -78.4513, 38.0517 ] ] ] } },
{ "type": "Feature", "properties": { "factor_fine": 1.047 }, "geometry": { "type": "Polygon", "coordinates": [ [ [ -78.4456, 38.0516 ], [ -78.4454, 38.0561 ], [ -78.4398, 38.056 ], [ -78.4399, 38.0515 ], [ -78.4456, 38.0516 ] ] ] } },
{ "type": "Feature", "properties": { "factor_fine": 1.075 }, "geometry": { "type": "Polygon", "coordinates": [ [ [ -78.4399, 38.0515 ], [ -78.4398, 38.056 ], [ -78.4341, 38.0558 ], [ -78.4342, 38.0513 ], [ -78.4399, 38.0515 ] ] ] } },
{ "type": "Feature", "properties": { "factor_fine": 1.099 }, "geometry": { "type": "Polygon", "coordinates": [ [ [ -78.4342, 38.0513 ], [ -78.4341, 38.0558 ], [ -78.4284, 38.0557 ], [ -78.4285, 38.0512 ], [ -78.4342, 38.0513 ] ] ] } },
{ "type": "Feature", "properties": { "factor_fine": 1.111 }, "geometry": { "type": "Polygon", "coordinates": [ [ [ -78.4285, 38.0512 ], [ -78.4284, 38.0557 ], [ -78.4227, 38.0556 ], [ -78.4228, 38.0511 ], [ -78.4285, 38.0512 ] ] ] } },
{ "type": "Feature", "properties": { "factor_fine": 1.115 }, "geometry": { "type": "Polygon", "coordinates": [ [ [ -78.4228, 38.0511 ], [ -78.4227, 38.0556 ], [ -78.417, 38.0555 ], [ -78.4171, 38.051 ], [ -78.4228, 38.0511 ] ] ] } },
{ "type": "Feature", "properties": { "factor_fine": 1.113 }, "geometry": { "type": "Polygon", "coordinates": [ [ [ -78.4171, 38.051 ], [ -78.417, 38.0555 ], [ -78.4113, 38.0553 ], [ -78.4114, 38.0508 ], [ -78.4171, 38.051 ] ] ] } },
{ "type": "Feature", "properties": { "factor_fine": 0.981 }, "geometry": { "type": "Polygon", "coordinates": [ [ [ -78.3204, 38.0488 ], [ -78.3202, 38.0533 ], [ -78.3145, 38.0532 ], [ -78.3147, 38.0487 ], [ -78.3204, 38.0488 ] ] ] } },
{ "type": "Feature", "properties": { "factor_fine": 0.97 }, "geometry": { "type": "Polygon", "coordinates": [ [ [ -78.3147, 38.0487 ], [ -78.3145, 38.0532 ], [ -78.3088, 38.053 ], [ -78.309, 38.0485 ], [ -78.3147, 38.0487 ] ] ] } },
{ "type": "Feature", "properties": { "factor_fine": 0.959 }, "geometry": { "type": "Polygon", "coordinates": [ [ [ -78.309, 38.0485 ], [ -78.3088, 38.053 ], [ -78.3031, 38.0529 ], [ -78.3033, 38.0484 ], [ -78.309, 38.0485 ] ] ] } },
{ "type": "Feature", "properties": { "factor_fine": 0.947 }, "geometry": { "type": "Polygon", "coordinates": [ [ [ -78.3033, 38.0484 ], [ -78.3031, 38.0529 ], [ -78.2974, 38.0528 ], [ -78.2976, 38.0483 ], [ -78.3033, 38.0484 ] ] ] } },
{ "type": "Feature", "properties": { "factor_fine": 1.041 }, "geometry": { "type": "Polygon", "coordinates": [ [ [ -78.7643, 38.0626 ], [ -78.7642, 38.0671 ], [ -78.7585, 38.067 ], [ -78.7586, 38.0625 ], [ -78.7643, 38.0626 ] ] ] } },
{ "type": "Feature", "properties": { "factor_fine": 1.048 }, "geometry": { "type": "Polygon", "coordinates": [ [ [ -78.7586, 38.0625 ], [ -78.7585, 38.067 ], [ -78.7528, 38.0669 ], [ -78.753, 38.0624 ], [ -78.7586, 38.0625 ] ] ] } },
{ "type": "Feature", "properties": { "factor_fine": 1.049 }, "geometry": { "type": "Polygon", "coordinates": [ [ [ -78.753, 38.0624 ], [ -78.7528, 38.0669 ], [ -78.7471, 38.0668 ], [ -78.7473, 38.0623 ], [ -78.753, 38.0624 ] ] ] } },
{ "type": "Feature", "properties": { "factor_fine": 1.033 }, "geometry": { "type": "Polygon", "coordinates": [ [ [ -78.7473, 38.0623 ], [ -78.7471, 38.0668 ], [ -78.7414, 38.0666 ], [ -78.7416, 38.0621 ], [ -78.7473, 38.0623 ] ] ] } },
{ "type": "Feature", "properties": { "factor_fine": 1.023 }, "geometry": { "type": "Polygon", "coordinates": [ [ [ -78.7416, 38.0621 ], [ -78.7414, 38.0666 ], [ -78.7357, 38.0665 ], [ -78.7359, 38.062 ], [ -78.7416, 38.0621 ] ] ] } },
{ "type": "Feature", "properties": { "factor_fine": 1.029 }, "geometry": { "type": "Polygon", "coordinates": [ [ [ -78.7359, 38.062 ], [ -78.7357, 38.0665 ], [ -78.73, 38.0664 ], [ -78.7302, 38.0619 ], [ -78.7359, 38.062 ] ] ] } },
{ "type": "Feature", "properties": { "factor_fine": 1.032 }, "geometry": { "type": "Polygon", "coordinates": [ [ [ -78.7302, 38.0619 ], [ -78.73, 38.0664 ], [ -78.7243, 38.0663 ], [ -78.7245, 38.0618 ], [ -78.7302, 38.0619 ] ] ] } },
{ "type": "Feature", "properties": { "factor_fine": 1.033 }, "geometry": { "type": "Polygon", "coordinates": [ [ [ -78.7245, 38.0618 ], [ -78.7243, 38.0663 ], [ -78.7186, 38.0662 ], [ -78.7188, 38.0617 ], [ -78.7245, 38.0618 ] ] ] } },
{ "type": "Feature", "properties": { "factor_fine": 1.033 }, "geometry": { "type": "Polygon", "coordinates": [ [ [ -78.7188, 38.0617 ], [ -78.7186, 38.0662 ], [ -78.7129, 38.0661 ], [ -78.7131, 38.0616 ], [ -78.7188, 38.0617 ] ] ] } },
{ "type": "Feature", "properties": { "factor_fine": 1.032 }, "geometry": { "type": "Polygon", "coordinates": [ [ [ -78.7131, 38.0616 ], [ -78.7129, 38.0661 ], [ -78.7072, 38.066 ], [ -78.7074, 38.0615 ], [ -78.7131, 38.0616 ] ] ] } },
{ "type": "Feature", "properties": { "factor_fine": 1.03 }, "geometry": { "type": "Polygon", "coordinates": [ [ [ -78.7074, 38.0615 ], [ -78.7072, 38.066 ], [ -78.7016, 38.0659 ], [ -78.7017, 38.0614 ], [ -78.7074, 38.0615 ] ] ] } },
{ "type": "Feature", "properties": { "factor_fine": 1.026 }, "geometry": { "type": "Polygon", "coordinates": [ [ [ -78.7017, 38.0614 ], [ -78.7016, 38.0659 ], [ -78.6959, 38.0658 ], [ -78.696, 38.0613 ], [ -78.7017, 38.0614 ] ] ] } },
{ "type": "Feature", "properties": { "factor_fine": 1.021 }, "geometry": { "type": "Polygon", "coordinates": [ [ [ -78.696, 38.0613 ], [ -78.6959, 38.0658 ], [ -78.6902, 38.0656 ], [ -78.6903, 38.0611 ], [ -78.696, 38.0613 ] ] ] } },
{ "type": "Feature", "properties": { "factor_fine": 1.017 }, "geometry": { "type": "Polygon", "coordinates": [ [ [ -78.6903, 38.0611 ], [ -78.6902, 38.0656 ], [ -78.6845, 38.0655 ], [ -78.6846, 38.061 ], [ -78.6903, 38.0611 ] ] ] } },
{ "type": "Feature", "properties": { "factor_fine": 1.009 }, "geometry": { "type": "Polygon", "coordinates": [ [ [ -78.6846, 38.061 ], [ -78.6845, 38.0655 ], [ -78.6788, 38.0654 ], [ -78.6789, 38.0609 ], [ -78.6846, 38.061 ] ] ] } },
{ "type": "Feature", "properties": { "factor_fine": 0.996 }, "geometry": { "type": "Polygon", "coordinates": [ [ [ -78.6789, 38.0609 ], [ -78.6788, 38.0654 ], [ -78.6731, 38.0653 ], [ -78.6732, 38.0608 ], [ -78.6789, 38.0609 ] ] ] } },
{ "type": "Feature", "properties": { "factor_fine": 0.977 }, "geometry": { "type": "Polygon", "coordinates": [ [ [ -78.6732, 38.0608 ], [ -78.6731, 38.0653 ], [ -78.6674, 38.0652 ], [ -78.6675, 38.0607 ], [ -78.6732, 38.0608 ] ] ] } },
{ "type": "Feature", "properties": { "factor_fine": 0.959 }, "geometry": { "type": "Polygon", "coordinates": [ [ [ -78.6675, 38.0607 ], [ -78.6674, 38.0652 ], [ -78.6617, 38.0651 ], [ -78.6618, 38.0606 ], [ -78.6675, 38.0607 ] ] ] } },
{ "type": "Feature", "properties": { "factor_fine": 0.943 }, "geometry": { "type": "Polygon", "coordinates": [ [ [ -78.6618, 38.0606 ], [ -78.6617, 38.0651 ], [ -78.656, 38.065 ], [ -78.6561, 38.0605 ], [ -78.6618, 38.0606 ] ] ] } },
{ "type": "Feature", "properties": { "factor_fine": 0.93 }, "geometry": { "type": "Polygon", "coordinates": [ [ [ -78.6561, 38.0605 ], [ -78.656, 38.065 ], [ -78.6503, 38.0649 ], [ -78.6504, 38.0604 ], [ -78.6561, 38.0605 ] ] ] } },
{ "type": "Feature", "properties": { "factor_fine": 0.922 }, "geometry": { "type": "Polygon", "coordinates": [ [ [ -78.6504, 38.0604 ], [ -78.6503, 38.0649 ], [ -78.6446, 38.0647 ], [ -78.6447, 38.0602 ], [ -78.6504, 38.0604 ] ] ] } },
{ "type": "Feature", "properties": { "factor_fine": 0.929 }, "geometry": { "type": "Polygon", "coordinates": [ [ [ -78.6447, 38.0602 ], [ -78.6446, 38.0647 ], [ -78.6389, 38.0646 ], [ -78.6391, 38.0601 ], [ -78.6447, 38.0602 ] ] ] } },
{ "type": "Feature", "properties": { "factor_fine": 0.956 }, "geometry": { "type": "Polygon", "coordinates": [ [ [ -78.6391, 38.0601 ], [ -78.6389, 38.0646 ], [ -78.6332, 38.0645 ], [ -78.6334, 38.06 ], [ -78.6391, 38.0601 ] ] ] } },
{ "type": "Feature", "properties": { "factor_fine": 0.981 }, "geometry": { "type": "Polygon", "coordinates": [ [ [ -78.6334, 38.06 ], [ -78.6332, 38.0645 ], [ -78.6275, 38.0644 ], [ -78.6277, 38.0599 ], [ -78.6334, 38.06 ] ] ] } },
{ "type": "Feature", "properties": { "factor_fine": 0.999 }, "geometry": { "type": "Polygon", "coordinates": [ [ [ -78.6277, 38.0599 ], [ -78.6275, 38.0644 ], [ -78.6218, 38.0643 ], [ -78.622, 38.0598 ], [ -78.6277, 38.0599 ] ] ] } },
{ "type": "Feature", "properties": { "factor_fine": 1.008 }, "geometry": { "type": "Polygon", "coordinates": [ [ [ -78.622, 38.0598 ], [ -78.6218, 38.0643 ], [ -78.6161, 38.0642 ], [ -78.6163, 38.0597 ], [ -78.622, 38.0598 ] ] ] } },
{ "type": "Feature", "properties": { "factor_fine": 1.01 }, "geometry": { "type": "Polygon", "coordinates": [ [ [ -78.6163, 38.0597 ], [ -78.6161, 38.0642 ], [ -78.6104, 38.0641 ], [ -78.6106, 38.0596 ], [ -78.6163, 38.0597 ] ] ] } },
{ "type": "Feature", "properties": { "factor_fine": 1.018 }, "geometry": { "type": "Polygon", "coordinates": [ [ [ -78.6106, 38.0596 ], [ -78.6104, 38.0641 ], [ -78.6047, 38.0639 ], [ -78.6049, 38.0594 ], [ -78.6106, 38.0596 ] ] ] } },
{ "type": "Feature", "properties": { "factor_fine": 1.041 }, "geometry": { "type": "Polygon", "coordinates": [ [ [ -78.6049, 38.0594 ], [ -78.6047, 38.0639 ], [ -78.599, 38.0638 ], [ -78.5992, 38.0593 ], [ -78.6049, 38.0594 ] ] ] } },
{ "type": "Feature", "properties": { "factor_fine": 1.064 }, "geometry": { "type": "Polygon", "coordinates": [ [ [ -78.5992, 38.0593 ], [ -78.599, 38.0638 ], [ -78.5933, 38.0637 ], [ -78.5935, 38.0592 ], [ -78.5992, 38.0593 ] ] ] } },
{ "type": "Feature", "properties": { "factor_fine": 1.083 }, "geometry": { "type": "Polygon", "coordinates": [ [ [ -78.5935, 38.0592 ], [ -78.5933, 38.0637 ], [ -78.5877, 38.0636 ], [ -78.5878, 38.0591 ], [ -78.5935, 38.0592 ] ] ] } },
{ "type": "Feature", "properties": { "factor_fine": 1.1 }, "geometry": { "type": "Polygon", "coordinates": [ [ [ -78.5878, 38.0591 ], [ -78.5877, 38.0636 ], [ -78.582, 38.0635 ], [ -78.5821, 38.059 ], [ -78.5878, 38.0591 ] ] ] } },
{ "type": "Feature", "properties": { "factor_fine": 1.125 }, "geometry": { "type": "Polygon", "coordinates": [ [ [ -78.5821, 38.059 ], [ -78.582, 38.0635 ], [ -78.5763, 38.0634 ], [ -78.5764, 38.0589 ], [ -78.5821, 38.059 ] ] ] } },
{ "type": "Feature", "properties": { "factor_fine": 1.172 }, "geometry": { "type": "Polygon", "coordinates": [ [ [ -78.5764, 38.0589 ], [ -78.5763, 38.0634 ], [ -78.5706, 38.0632 ], [ -78.5707, 38.0587 ], [ -78.5764, 38.0589 ] ] ] } },
{ "type": "Feature", "properties": { "factor_fine": 1.252 }, "geometry": { "type": "Polygon", "coordinates": [ [ [ -78.5707, 38.0587 ], [ -78.5706, 38.0632 ], [ -78.5649, 38.0631 ], [ -78.565, 38.0586 ], [ -78.5707, 38.0587 ] ] ] } },
{ "type": "Feature", "properties": { "factor_fine": 1.36 }, "geometry": { "type": "Polygon", "coordinates": [ [ [ -78.565, 38.0586 ], [ -78.5649, 38.0631 ], [ -78.5592, 38.063 ], [ -78.5593, 38.0585 ], [ -78.565, 38.0586 ] ] ] } },
{ "type": "Feature", "properties": { "factor_fine": 1.492 }, "geometry": { "type": "Polygon", "coordinates": [ [ [ -78.5593, 38.0585 ], [ -78.5592, 38.063 ], [ -78.5535, 38.0629 ], [ -78.5536, 38.0584 ], [ -78.5593, 38.0585 ] ] ] } },
{ "type": "Feature", "properties": { "factor_fine": 1.61 }, "geometry": { "type": "Polygon", "coordinates": [ [ [ -78.5536, 38.0584 ], [ -78.5535, 38.0629 ], [ -78.5478, 38.0628 ], [ -78.5479, 38.0583 ], [ -78.5536, 38.0584 ] ] ] } },
{ "type": "Feature", "properties": { "factor_fine": 1.644 }, "geometry": { "type": "Polygon", "coordinates": [ [ [ -78.5479, 38.0583 ], [ -78.5478, 38.0628 ], [ -78.5421, 38.0626 ], [ -78.5422, 38.0581 ], [ -78.5479, 38.0583 ] ] ] } },
{ "type": "Feature", "properties": { "factor_fine": 1.599 }, "geometry": { "type": "Polygon", "coordinates": [ [ [ -78.5422, 38.0581 ], [ -78.5421, 38.0626 ], [ -78.5364, 38.0625 ], [ -78.5366, 38.058 ], [ -78.5422, 38.0581 ] ] ] } },
{ "type": "Feature", "properties": { "factor_fine": 1.501 }, "geometry": { "type": "Polygon", "coordinates": [ [ [ -78.5366, 38.058 ], [ -78.5364, 38.0625 ], [ -78.5307, 38.0624 ], [ -78.5309, 38.0579 ], [ -78.5366, 38.058 ] ] ] } },
{ "type": "Feature", "properties": { "factor_fine": 1.341 }, "geometry": { "type": "Polygon", "coordinates": [ [ [ -78.5309, 38.0579 ], [ -78.5307, 38.0624 ], [ -78.525, 38.0623 ], [ -78.5252, 38.0578 ], [ -78.5309, 38.0579 ] ] ] } },
{ "type": "Feature", "properties": { "factor_fine": 1.174 }, "geometry": { "type": "Polygon", "coordinates": [ [ [ -78.5252, 38.0578 ], [ -78.525, 38.0623 ], [ -78.5193, 38.0622 ], [ -78.5195, 38.0577 ], [ -78.5252, 38.0578 ] ] ] } },
{ "type": "Feature", "properties": { "factor_fine": 1.077 }, "geometry": { "type": "Polygon", "coordinates": [ [ [ -78.5195, 38.0577 ], [ -78.5193, 38.0622 ], [ -78.5136, 38.062 ], [ -78.5138, 38.0575 ], [ -78.5195, 38.0577 ] ] ] } },
{ "type": "Feature", "properties": { "factor_fine": 1.033 }, "geometry": { "type": "Polygon", "coordinates": [ [ [ -78.5138, 38.0575 ], [ -78.5136, 38.062 ], [ -78.5079, 38.0619 ], [ -78.5081, 38.0574 ], [ -78.5138, 38.0575 ] ] ] } },
{ "type": "Feature", "properties": { "factor_fine": 1.008 }, "geometry": { "type": "Polygon", "coordinates": [ [ [ -78.5081, 38.0574 ], [ -78.5079, 38.0619 ], [ -78.5022, 38.0618 ], [ -78.5024, 38.0573 ], [ -78.5081, 38.0574 ] ] ] } },
{ "type": "Feature", "properties": { "factor_fine": 0.993 }, "geometry": { "type": "Polygon", "coordinates": [ [ [ -78.5024, 38.0573 ], [ -78.5022, 38.0618 ], [ -78.4965, 38.0617 ], [ -78.4967, 38.0572 ], [ -78.5024, 38.0573 ] ] ] } },
{ "type": "Feature", "properties": { "factor_fine": 0.993 }, "geometry": { "type": "Polygon", "coordinates": [ [ [ -78.4967, 38.0572 ], [ -78.4965, 38.0617 ], [ -78.4908, 38.0616 ], [ -78.491, 38.0571 ], [ -78.4967, 38.0572 ] ] ] } },
{ "type": "Feature", "properties": { "factor_fine": 1.012 }, "geometry": { "type": "Polygon", "coordinates": [ [ [ -78.491, 38.0571 ], [ -78.4908, 38.0616 ], [ -78.4852, 38.0614 ], [ -78.4853, 38.0569 ], [ -78.491, 38.0571 ] ] ] } },
{ "type": "Feature", "properties": { "factor_fine": 1.032 }, "geometry": { "type": "Polygon", "coordinates": [ [ [ -78.4853, 38.0569 ], [ -78.4852, 38.0614 ], [ -78.4795, 38.0613 ], [ -78.4796, 38.0568 ], [ -78.4853, 38.0569 ] ] ] } },
{ "type": "Feature", "properties": { "factor_fine": 1.037 }, "geometry": { "type": "Polygon", "coordinates": [ [ [ -78.4796, 38.0568 ], [ -78.4795, 38.0613 ], [ -78.4738, 38.0612 ], [ -78.4739, 38.0567 ], [ -78.4796, 38.0568 ] ] ] } },
{ "type": "Feature", "properties": { "factor_fine": 1.034 }, "geometry": { "type": "Polygon", "coordinates": [ [ [ -78.4739, 38.0567 ], [ -78.4738, 38.0612 ], [ -78.4681, 38.0611 ], [ -78.4682, 38.0566 ], [ -78.4739, 38.0567 ] ] ] } },
{ "type": "Feature", "properties": { "factor_fine": 1.031 }, "geometry": { "type": "Polygon", "coordinates": [ [ [ -78.4682, 38.0566 ], [ -78.4681, 38.0611 ], [ -78.4624, 38.061 ], [ -78.4625, 38.0564 ], [ -78.4682, 38.0566 ] ] ] } },
{ "type": "Feature", "properties": { "factor_fine": 1.029 }, "geometry": { "type": "Polygon", "coordinates": [ [ [ -78.4625, 38.0564 ], [ -78.4624, 38.061 ], [ -78.4567, 38.0608 ], [ -78.4568, 38.0563 ], [ -78.4625, 38.0564 ] ] ] } },
{ "type": "Feature", "properties": { "factor_fine": 1.027 }, "geometry": { "type": "Polygon", "coordinates": [ [ [ -78.4568, 38.0563 ], [ -78.4567, 38.0608 ], [ -78.451, 38.0607 ], [ -78.4511, 38.0562 ], [ -78.4568, 38.0563 ] ] ] } },
{ "type": "Feature", "properties": { "factor_fine": 1.027 }, "geometry": { "type": "Polygon", "coordinates": [ [ [ -78.4511, 38.0562 ], [ -78.451, 38.0607 ], [ -78.4453, 38.0606 ], [ -78.4454, 38.0561 ], [ -78.4511, 38.0562 ] ] ] } },
{ "type": "Feature", "properties": { "factor_fine": 1.036 }, "geometry": { "type": "Polygon", "coordinates": [ [ [ -78.4454, 38.0561 ], [ -78.4453, 38.0606 ], [ -78.4396, 38.0605 ], [ -78.4398, 38.056 ], [ -78.4454, 38.0561 ] ] ] } },
{ "type": "Feature", "properties": { "factor_fine": 1.058 }, "geometry": { "type": "Polygon", "coordinates": [ [ [ -78.4398, 38.056 ], [ -78.4396, 38.0605 ], [ -78.4339, 38.0603 ], [ -78.4341, 38.0558 ], [ -78.4398, 38.056 ] ] ] } },
{ "type": "Feature", "properties": { "factor_fine": 1.082 }, "geometry": { "type": "Polygon", "coordinates": [ [ [ -78.4341, 38.0558 ], [ -78.4339, 38.0603 ], [ -78.4282, 38.0602 ], [ -78.4284, 38.0557 ], [ -78.4341, 38.0558 ] ] ] } },
{ "type": "Feature", "properties": { "factor_fine": 1.089 }, "geometry": { "type": "Polygon", "coordinates": [ [ [ -78.4284, 38.0557 ], [ -78.4282, 38.0602 ], [ -78.4225, 38.0601 ], [ -78.4227, 38.0556 ], [ -78.4284, 38.0557 ] ] ] } },
{ "type": "Feature", "properties": { "factor_fine": 1.08 }, "geometry": { "type": "Polygon", "coordinates": [ [ [ -78.4227, 38.0556 ], [ -78.4225, 38.0601 ], [ -78.4168, 38.06 ], [ -78.417, 38.0555 ], [ -78.4227, 38.0556 ] ] ] } },
{ "type": "Feature", "properties": { "factor_fine": 1.068 }, "geometry": { "type": "Polygon", "coordinates": [ [ [ -78.417, 38.0555 ], [ -78.4168, 38.06 ], [ -78.4111, 38.0598 ], [ -78.4113, 38.0553 ], [ -78.417, 38.0555 ] ] ] } },
{ "type": "Feature", "properties": { "factor_fine": 1.063 }, "geometry": { "type": "Polygon", "coordinates": [ [ [ -78.4113, 38.0553 ], [ -78.4111, 38.0598 ], [ -78.4054, 38.0597 ], [ -78.4056, 38.0552 ], [ -78.4113, 38.0553 ] ] ] } },
{ "type": "Feature", "properties": { "factor_fine": 1.028 }, "geometry": { "type": "Polygon", "coordinates": [ [ [ -78.3259, 38.0534 ], [ -78.3257, 38.0579 ], [ -78.32, 38.0578 ], [ -78.3202, 38.0533 ], [ -78.3259, 38.0534 ] ] ] } },
{ "type": "Feature", "properties": { "factor_fine": 1.018 }, "geometry": { "type": "Polygon", "coordinates": [ [ [ -78.3202, 38.0533 ], [ -78.32, 38.0578 ], [ -78.3143, 38.0577 ], [ -78.3145, 38.0532 ], [ -78.3202, 38.0533 ] ] ] } },
{ "type": "Feature", "properties": { "factor_fine": 1.002 }, "geometry": { "type": "Polygon", "coordinates": [ [ [ -78.3145, 38.0532 ], [ -78.3143, 38.0577 ], [ -78.3086, 38.0575 ], [ -78.3088, 38.053 ], [ -78.3145, 38.0532 ] ] ] } },
{ "type": "Feature", "properties": { "factor_fine": 0.984 }, "geometry": { "type": "Polygon", "coordinates": [ [ [ -78.3088, 38.053 ], [ -78.3086, 38.0575 ], [ -78.303, 38.0574 ], [ -78.3031, 38.0529 ], [ -78.3088, 38.053 ] ] ] } },
{ "type": "Feature", "properties": { "factor_fine": 0.963 }, "geometry": { "type": "Polygon", "coordinates": [ [ [ -78.3031, 38.0529 ], [ -78.303, 38.0574 ], [ -78.2973, 38.0573 ], [ -78.2974, 38.0528 ], [ -78.3031, 38.0529 ] ] ] } },
{ "type": "Feature", "properties": { "factor_fine": 0.99 }, "geometry": { "type": "Polygon", "coordinates": [ [ [ -78.7471, 38.0668 ], [ -78.747, 38.0713 ], [ -78.7413, 38.0711 ], [ -78.7414, 38.0666 ], [ -78.7471, 38.0668 ] ] ] } },
{ "type": "Feature", "properties": { "factor_fine": 0.989 }, "geometry": { "type": "Polygon", "coordinates": [ [ [ -78.7414, 38.0666 ], [ -78.7413, 38.0711 ], [ -78.7356, 38.071 ], [ -78.7357, 38.0665 ], [ -78.7414, 38.0666 ] ] ] } },
{ "type": "Feature", "properties": { "factor_fine": 1.004 }, "geometry": { "type": "Polygon", "coordinates": [ [ [ -78.7357, 38.0665 ], [ -78.7356, 38.071 ], [ -78.7299, 38.0709 ], [ -78.73, 38.0664 ], [ -78.7357, 38.0665 ] ] ] } },
{ "type": "Feature", "properties": { "factor_fine": 1.01 }, "geometry": { "type": "Polygon", "coordinates": [ [ [ -78.73, 38.0664 ], [ -78.7299, 38.0709 ], [ -78.7242, 38.0708 ], [ -78.7243, 38.0663 ], [ -78.73, 38.0664 ] ] ] } },
{ "type": "Feature", "properties": { "factor_fine": 1.011 }, "geometry": { "type": "Polygon", "coordinates": [ [ [ -78.7243, 38.0663 ], [ -78.7242, 38.0708 ], [ -78.7185, 38.0707 ], [ -78.7186, 38.0662 ], [ -78.7243, 38.0663 ] ] ] } },
{ "type": "Feature", "properties": { "factor_fine": 1.01 }, "geometry": { "type": "Polygon", "coordinates": [ [ [ -78.7186, 38.0662 ], [ -78.7185, 38.0707 ], [ -78.7128, 38.0706 ], [ -78.7129, 38.0661 ], [ -78.7186, 38.0662 ] ] ] } },
{ "type": "Feature", "properties": { "factor_fine": 1.01 }, "geometry": { "type": "Polygon", "coordinates": [ [ [ -78.7129, 38.0661 ], [ -78.7128, 38.0706 ], [ -78.7071, 38.0705 ], [ -78.7072, 38.066 ], [ -78.7129, 38.0661 ] ] ] } },
{ "type": "Feature", "properties": { "factor_fine": 1.013 }, "geometry": { "type": "Polygon", "coordinates": [ [ [ -78.7072, 38.066 ], [ -78.7071, 38.0705 ], [ -78.7014, 38.0704 ], [ -78.7016, 38.0659 ], [ -78.7072, 38.066 ] ] ] } },
{ "type": "Feature", "properties": { "factor_fine": 1.017 }, "geometry": { "type": "Polygon", "coordinates": [ [ [ -78.7016, 38.0659 ], [ -78.7014, 38.0704 ], [ -78.6957, 38.0703 ], [ -78.6959, 38.0658 ], [ -78.7016, 38.0659 ] ] ] } },
{ "type": "Feature", "properties": { "factor_fine": 1.022 }, "geometry": { "type": "Polygon", "coordinates": [ [ [ -78.6959, 38.0658 ], [ -78.6957, 38.0703 ], [ -78.69, 38.0702 ], [ -78.6902, 38.0656 ], [ -78.6959, 38.0658 ] ] ] } },
{ "type": "Feature", "properties": { "factor_fine": 1.023 }, "geometry": { "type": "Polygon", "coordinates": [ [ [ -78.6902, 38.0656 ], [ -78.69, 38.0702 ], [ -78.6843, 38.07 ], [ -78.6845, 38.0655 ], [ -78.6902, 38.0656 ] ] ] } },
{ "type": "Feature", "properties": { "factor_fine": 1.015 }, "geometry": { "type": "Polygon", "coordinates": [ [ [ -78.6845, 38.0655 ], [ -78.6843, 38.07 ], [ -78.6786, 38.0699 ], [ -78.6788, 38.0654 ], [ -78.6845, 38.0655 ] ] ] } },
{ "type": "Feature", "properties": { "factor_fine": 0.997 }, "geometry": { "type": "Polygon", "coordinates": [ [ [ -78.6788, 38.0654 ], [ -78.6786, 38.0699 ], [ -78.6729, 38.0698 ], [ -78.6731, 38.0653 ], [ -78.6788, 38.0654 ] ] ] } },
{ "type": "Feature", "properties": { "factor_fine": 0.974 }, "geometry": { "type": "Polygon", "coordinates": [ [ [ -78.6731, 38.0653 ], [ -78.6729, 38.0698 ], [ -78.6672, 38.0697 ], [ -78.6674, 38.0652 ], [ -78.6731, 38.0653 ] ] ] } },
{ "type": "Feature", "properties": { "factor_fine": 0.954 }, "geometry": { "type": "Polygon", "coordinates": [ [ [ -78.6674, 38.0652 ], [ -78.6672, 38.0697 ], [ -78.6615, 38.0696 ], [ -78.6617, 38.0651 ], [ -78.6674, 38.0652 ] ] ] } },
{ "type": "Feature", "properties": { "factor_fine": 0.938 }, "geometry": { "type": "Polygon", "coordinates": [ [ [ -78.6617, 38.0651 ], [ -78.6615, 38.0696 ], [ -78.6558, 38.0695 ], [ -78.656, 38.065 ], [ -78.6617, 38.0651 ] ] ] } },
{ "type": "Feature", "properties": { "factor_fine": 0.927 }, "geometry": { "type": "Polygon", "coordinates": [ [ [ -78.656, 38.065 ], [ -78.6558, 38.0695 ], [ -78.6502, 38.0694 ], [ -78.6503, 38.0649 ], [ -78.656, 38.065 ] ] ] } },
{ "type": "Feature", "properties": { "factor_fine": 0.919 }, "geometry": { "type": "Polygon", "coordinates": [ [ [ -78.6503, 38.0649 ], [ -78.6502, 38.0694 ], [ -78.6445, 38.0692 ], [ -78.6446, 38.0647 ], [ -78.6503, 38.0649 ] ] ] } },
{ "type": "Feature", "properties": { "factor_fine": 0.928 }, "geometry": { "type": "Polygon", "coordinates": [ [ [ -78.6446, 38.0647 ], [ -78.6445, 38.0692 ], [ -78.6388, 38.0691 ], [ -78.6389, 38.0646 ], [ -78.6446, 38.0647 ] ] ] } },
{ "type": "Feature", "properties": { "factor_fine": 0.963 }, "geometry": { "type": "Polygon", "coordinates": [ [ [ -78.6389, 38.0646 ], [ -78.6388, 38.0691 ], [ -78.6331, 38.069 ], [ -78.6332, 38.0645 ], [ -78.6389, 38.0646 ] ] ] } },
{ "type": "Feature", "properties": { "factor_fine": 0.991 }, "geometry": { "type": "Polygon", "coordinates": [ [ [ -78.6332, 38.0645 ], [ -78.6331, 38.069 ], [ -78.6274, 38.0689 ], [ -78.6275, 38.0644 ], [ -78.6332, 38.0645 ] ] ] } },
{ "type": "Feature", "properties": { "factor_fine": 1.008 }, "geometry": { "type": "Polygon", "coordinates": [ [ [ -78.6275, 38.0644 ], [ -78.6274, 38.0689 ], [ -78.6217, 38.0688 ], [ -78.6218, 38.0643 ], [ -78.6275, 38.0644 ] ] ] } },
{ "type": "Feature", "properties": { "factor_fine": 1.016 }, "geometry": { "type": "Polygon", "coordinates": [ [ [ -78.6218, 38.0643 ], [ -78.6217, 38.0688 ], [ -78.616, 38.0687 ], [ -78.6161, 38.0642 ], [ -78.6218, 38.0643 ] ] ] } },
{ "type": "Feature", "properties": { "factor_fine": 1.017 }, "geometry": { "type": "Polygon", "coordinates": [ [ [ -78.6161, 38.0642 ], [ -78.616, 38.0687 ], [ -78.6103, 38.0686 ], [ -78.6104, 38.0641 ], [ -78.6161, 38.0642 ] ] ] } },
{ "type": "Feature", "properties": { "factor_fine": 1.026 }, "geometry": { "type": "Polygon", "coordinates": [ [ [ -78.6104, 38.0641 ], [ -78.6103, 38.0686 ], [ -78.6046, 38.0684 ], [ -78.6047, 38.0639 ], [ -78.6104, 38.0641 ] ] ] } },
{ "type": "Feature", "properties": { "factor_fine": 1.049 }, "geometry": { "type": "Polygon", "coordinates": [ [ [ -78.6047, 38.0639 ], [ -78.6046, 38.0684 ], [ -78.5989, 38.0683 ], [ -78.599, 38.0638 ], [ -78.6047, 38.0639 ] ] ] } },
{ "type": "Feature", "properties": { "factor_fine": 1.071 }, "geometry": { "type": "Polygon", "coordinates": [ [ [ -78.599, 38.0638 ], [ -78.5989, 38.0683 ], [ -78.5932, 38.0682 ], [ -78.5933, 38.0637 ], [ -78.599, 38.0638 ] ] ] } },
{ "type": "Feature", "properties": { "factor_fine": 1.089 }, "geometry": { "type": "Polygon", "coordinates": [ [ [ -78.5933, 38.0637 ], [ -78.5932, 38.0682 ], [ -78.5875, 38.0681 ], [ -78.5877, 38.0636 ], [ -78.5933, 38.0637 ] ] ] } },
{ "type": "Feature", "properties": { "factor_fine": 1.106 }, "geometry": { "type": "Polygon", "coordinates": [ [ [ -78.5877, 38.0636 ], [ -78.5875, 38.0681 ], [ -78.5818, 38.068 ], [ -78.582, 38.0635 ], [ -78.5877, 38.0636 ] ] ] } },
{ "type": "Feature", "properties": { "factor_fine": 1.129 }, "geometry": { "type": "Polygon", "coordinates": [ [ [ -78.582, 38.0635 ], [ -78.5818, 38.068 ], [ -78.5761, 38.0679 ], [ -78.5763, 38.0634 ], [ -78.582, 38.0635 ] ] ] } },
{ "type": "Feature", "properties": { "factor_fine": 1.165 }, "geometry": { "type": "Polygon", "coordinates": [ [ [ -78.5763, 38.0634 ], [ -78.5761, 38.0679 ], [ -78.5704, 38.0677 ], [ -78.5706, 38.0632 ], [ -78.5763, 38.0634 ] ] ] } },
{ "type": "Feature", "properties": { "factor_fine": 1.221 }, "geometry": { "type": "Polygon", "coordinates": [ [ [ -78.5706, 38.0632 ], [ -78.5704, 38.0677 ], [ -78.5647, 38.0676 ], [ -78.5649, 38.0631 ], [ -78.5706, 38.0632 ] ] ] } },
{ "type": "Feature", "properties": { "factor_fine": 1.311 }, "geometry": { "type": "Polygon", "coordinates": [ [ [ -78.5649, 38.0631 ], [ -78.5647, 38.0676 ], [ -78.559, 38.0675 ], [ -78.5592, 38.063 ], [ -78.5649, 38.0631 ] ] ] } },
{ "type": "Feature", "properties": { "factor_fine": 1.445 }, "geometry": { "type": "Polygon", "coordinates": [ [ [ -78.5592, 38.063 ], [ -78.559, 38.0675 ], [ -78.5533, 38.0674 ], [ -78.5535, 38.0629 ], [ -78.5592, 38.063 ] ] ] } },
{ "type": "Feature", "properties": { "factor_fine": 1.58 }, "geometry": { "type": "Polygon", "coordinates": [ [ [ -78.5535, 38.0629 ], [ -78.5533, 38.0674 ], [ -78.5476, 38.0673 ], [ -78.5478, 38.0628 ], [ -78.5535, 38.0629 ] ] ] } },
{ "type": "Feature", "properties": { "factor_fine": 1.615 }, "geometry": { "type": "Polygon", "coordinates": [ [ [ -78.5478, 38.0628 ], [ -78.5476, 38.0673 ], [ -78.5419, 38.0671 ], [ -78.5421, 38.0626 ], [ -78.5478, 38.0628 ] ] ] } },
{ "type": "Feature", "properties": { "factor_fine": 1.558 }, "geometry": { "type": "Polygon", "coordinates": [ [ [ -78.5421, 38.0626 ], [ -78.5419, 38.0671 ], [ -78.5362, 38.067 ], [ -78.5364, 38.0625 ], [ -78.5421, 38.0626 ] ] ] } },
{ "type": "Feature", "properties": { "factor_fine": 1.446 }, "geometry": { "type": "Polygon", "coordinates": [ [ [ -78.5364, 38.0625 ], [ -78.5362, 38.067 ], [ -78.5306, 38.0669 ], [ -78.5307, 38.0624 ], [ -78.5364, 38.0625 ] ] ] } },
{ "type": "Feature", "properties": { "factor_fine": 1.275 }, "geometry": { "type": "Polygon", "coordinates": [ [ [ -78.5307, 38.0624 ], [ -78.5306, 38.0669 ], [ -78.5249, 38.0668 ], [ -78.525, 38.0623 ], [ -78.5307, 38.0624 ] ] ] } },
{ "type": "Feature", "properties": { "factor_fine": 1.115 }, "geometry": { "type": "Polygon", "coordinates": [ [ [ -78.525, 38.0623 ], [ -78.5249, 38.0668 ], [ -78.5192, 38.0667 ], [ -78.5193, 38.0622 ], [ -78.525, 38.0623 ] ] ] } },
{ "type": "Feature", "properties": { "factor_fine": 1.036 }, "geometry": { "type": "Polygon", "coordinates": [ [ [ -78.5193, 38.0622 ], [ -78.5192, 38.0667 ], [ -78.5135, 38.0665 ], [ -78.5136, 38.062 ], [ -78.5193, 38.0622 ] ] ] } },
{ "type": "Feature", "properties": { "factor_fine": 0.999 }, "geometry": { "type": "Polygon", "coordinates": [ [ [ -78.5136, 38.062 ], [ -78.5135, 38.0665 ], [ -78.5078, 38.0664 ], [ -78.5079, 38.0619 ], [ -78.5136, 38.062 ] ] ] } },
{ "type": "Feature", "properties": { "factor_fine": 0.969 }, "geometry": { "type": "Polygon", "coordinates": [ [ [ -78.5079, 38.0619 ], [ -78.5078, 38.0664 ], [ -78.5021, 38.0663 ], [ -78.5022, 38.0618 ], [ -78.5079, 38.0619 ] ] ] } },
{ "type": "Feature", "properties": { "factor_fine": 0.945 }, "geometry": { "type": "Polygon", "coordinates": [ [ [ -78.5022, 38.0618 ], [ -78.5021, 38.0663 ], [ -78.4964, 38.0662 ], [ -78.4965, 38.0617 ], [ -78.5022, 38.0618 ] ] ] } },
{ "type": "Feature", "properties": { "factor_fine": 0.938 }, "geometry": { "type": "Polygon", "coordinates": [ [ [ -78.4965, 38.0617 ], [ -78.4964, 38.0662 ], [ -78.4907, 38.0661 ], [ -78.4908, 38.0616 ], [ -78.4965, 38.0617 ] ] ] } },
{ "type": "Feature", "properties": { "factor_fine": 0.958 }, "geometry": { "type": "Polygon", "coordinates": [ [ [ -78.4908, 38.0616 ], [ -78.4907, 38.0661 ], [ -78.485, 38.0659 ], [ -78.4852, 38.0614 ], [ -78.4908, 38.0616 ] ] ] } },
{ "type": "Feature", "properties": { "factor_fine": 0.996 }, "geometry": { "type": "Polygon", "coordinates": [ [ [ -78.4852, 38.0614 ], [ -78.485, 38.0659 ], [ -78.4793, 38.0658 ], [ -78.4795, 38.0613 ], [ -78.4852, 38.0614 ] ] ] } },
{ "type": "Feature", "properties": { "factor_fine": 1.022 }, "geometry": { "type": "Polygon", "coordinates": [ [ [ -78.4795, 38.0613 ], [ -78.4793, 38.0658 ], [ -78.4736, 38.0657 ], [ -78.4738, 38.0612 ], [ -78.4795, 38.0613 ] ] ] } },
{ "type": "Feature", "properties": { "factor_fine": 1.033 }, "geometry": { "type": "Polygon", "coordinates": [ [ [ -78.4738, 38.0612 ], [ -78.4736, 38.0657 ], [ -78.4679, 38.0656 ], [ -78.4681, 38.0611 ], [ -78.4738, 38.0612 ] ] ] } },
{ "type": "Feature", "properties": { "factor_fine": 1.04 }, "geometry": { "type": "Polygon", "coordinates": [ [ [ -78.4681, 38.0611 ], [ -78.4679, 38.0656 ], [ -78.4622, 38.0655 ], [ -78.4624, 38.061 ], [ -78.4681, 38.0611 ] ] ] } },
{ "type": "Feature", "properties": { "factor_fine": 1.045 }, "geometry": { "type": "Polygon", "coordinates": [ [ [ -78.4624, 38.061 ], [ -78.4622, 38.0655 ], [ -78.4565, 38.0653 ], [ -78.4567, 38.0608 ], [ -78.4624, 38.061 ] ] ] } },
{ "type": "Feature", "properties": { "factor_fine": 1.047 }, "geometry": { "type": "Polygon", "coordinates": [ [ [ -78.4567, 38.0608 ], [ -78.4565, 38.0653 ], [ -78.4508, 38.0652 ], [ -78.451, 38.0607 ], [ -78.4567, 38.0608 ] ] ] } },
{ "type": "Feature", "properties": { "factor_fine": 1.049 }, "geometry": { "type": "Polygon", "coordinates": [ [ [ -78.451, 38.0607 ], [ -78.4508, 38.0652 ], [ -78.4451, 38.0651 ], [ -78.4453, 38.0606 ], [ -78.451, 38.0607 ] ] ] } },
{ "type": "Feature", "properties": { "factor_fine": 1.055 }, "geometry": { "type": "Polygon", "coordinates": [ [ [ -78.4453, 38.0606 ], [ -78.4451, 38.0651 ], [ -78.4394, 38.065 ], [ -78.4396, 38.0605 ], [ -78.4453, 38.0606 ] ] ] } },
{ "type": "Feature", "properties": { "factor_fine": 1.068 }, "geometry": { "type": "Polygon", "coordinates": [ [ [ -78.4396, 38.0605 ], [ -78.4394, 38.065 ], [ -78.4337, 38.0648 ], [ -78.4339, 38.0603 ], [ -78.4396, 38.0605 ] ] ] } },
{ "type": "Feature", "properties": { "factor_fine": 1.079 }, "geometry": { "type": "Polygon", "coordinates": [ [ [ -78.4339, 38.0603 ], [ -78.4337, 38.0648 ], [ -78.4281, 38.0647 ], [ -78.4282, 38.0602 ], [ -78.4339, 38.0603 ] ] ] } },
{ "type": "Feature", "properties": { "factor_fine": 1.072 }, "geometry": { "type": "Polygon", "coordinates": [ [ [ -78.4282, 38.0602 ], [ -78.4281, 38.0647 ], [ -78.4224, 38.0646 ], [ -78.4225, 38.0601 ], [ -78.4282, 38.0602 ] ] ] } },
{ "type": "Feature", "properties": { "factor_fine": 1.051 }, "geometry": { "type": "Polygon", "coordinates": [ [ [ -78.4225, 38.0601 ], [ -78.4224, 38.0646 ], [ -78.4167, 38.0645 ], [ -78.4168, 38.06 ], [ -78.4225, 38.0601 ] ] ] } },
{ "type": "Feature", "properties": { "factor_fine": 1.037 }, "geometry": { "type": "Polygon", "coordinates": [ [ [ -78.4168, 38.06 ], [ -78.4167, 38.0645 ], [ -78.411, 38.0643 ], [ -78.4111, 38.0598 ], [ -78.4168, 38.06 ] ] ] } },
{ "type": "Feature", "properties": { "factor_fine": 1.034 }, "geometry": { "type": "Polygon", "coordinates": [ [ [ -78.4111, 38.0598 ], [ -78.411, 38.0643 ], [ -78.4053, 38.0642 ], [ -78.4054, 38.0597 ], [ -78.4111, 38.0598 ] ] ] } },
{ "type": "Feature", "properties": { "factor_fine": 1.037 }, "geometry": { "type": "Polygon", "coordinates": [ [ [ -78.4054, 38.0597 ], [ -78.4053, 38.0642 ], [ -78.3996, 38.0641 ], [ -78.3997, 38.0596 ], [ -78.4054, 38.0597 ] ] ] } },
{ "type": "Feature", "properties": { "factor_fine": 1.016 }, "geometry": { "type": "Polygon", "coordinates": [ [ [ -78.3257, 38.0579 ], [ -78.3256, 38.0624 ], [ -78.3199, 38.0623 ], [ -78.32, 38.0578 ], [ -78.3257, 38.0579 ] ] ] } },
{ "type": "Feature", "properties": { "factor_fine": 1.026 }, "geometry": { "type": "Polygon", "coordinates": [ [ [ -78.32, 38.0578 ], [ -78.3199, 38.0623 ], [ -78.3142, 38.0622 ], [ -78.3143, 38.0577 ], [ -78.32, 38.0578 ] ] ] } },
{ "type": "Feature", "properties": { "factor_fine": 1.014 }, "geometry": { "type": "Polygon", "coordinates": [ [ [ -78.3143, 38.0577 ], [ -78.3142, 38.0622 ], [ -78.3085, 38.062 ], [ -78.3086, 38.0575 ], [ -78.3143, 38.0577 ] ] ] } },
{ "type": "Feature", "properties": { "factor_fine": 0.993 }, "geometry": { "type": "Polygon", "coordinates": [ [ [ -78.3086, 38.0575 ], [ -78.3085, 38.062 ], [ -78.3028, 38.0619 ], [ -78.303, 38.0574 ], [ -78.3086, 38.0575 ] ] ] } },
{ "type": "Feature", "properties": { "factor_fine": 0.969 }, "geometry": { "type": "Polygon", "coordinates": [ [ [ -78.303, 38.0574 ], [ -78.3028, 38.0619 ], [ -78.2971, 38.0618 ], [ -78.2973, 38.0573 ], [ -78.303, 38.0574 ] ] ] } },
{ "type": "Feature", "properties": { "factor_fine": 0.945 }, "geometry": { "type": "Polygon", "coordinates": [ [ [ -78.2973, 38.0573 ], [ -78.2971, 38.0618 ], [ -78.2914, 38.0616 ], [ -78.2916, 38.0571 ], [ -78.2973, 38.0573 ] ] ] } },
{ "type": "Feature", "properties": { "factor_fine": 0.931 }, "geometry": { "type": "Polygon", "coordinates": [ [ [ -78.2916, 38.0571 ], [ -78.2914, 38.0616 ], [ -78.2857, 38.0615 ], [ -78.2859, 38.057 ], [ -78.2916, 38.0571 ] ] ] } },
{ "type": "Feature", "properties": { "factor_fine": 0.934 }, "geometry": { "type": "Polygon", "coordinates": [ [ [ -78.2859, 38.057 ], [ -78.2857, 38.0615 ], [ -78.28, 38.0614 ], [ -78.2802, 38.0569 ], [ -78.2859, 38.057 ] ] ] } },
{ "type": "Feature", "properties": { "factor_fine": 0.951 }, "geometry": { "type": "Polygon", "coordinates": [ [ [ -78.2802, 38.0569 ], [ -78.28, 38.0614 ], [ -78.2743, 38.0612 ], [ -78.2745, 38.0567 ], [ -78.2802, 38.0569 ] ] ] } },
{ "type": "Feature", "properties": { "factor_fine": 0.967 }, "geometry": { "type": "Polygon", "coordinates": [ [ [ -78.2745, 38.0567 ], [ -78.2743, 38.0612 ], [ -78.2686, 38.0611 ], [ -78.2688, 38.0566 ], [ -78.2745, 38.0567 ] ] ] } },
{ "type": "Feature", "properties": { "factor_fine": 0.968 }, "geometry": { "type": "Polygon", "coordinates": [ [ [ -78.2688, 38.0566 ], [ -78.2686, 38.0611 ], [ -78.2629, 38.061 ], [ -78.2631, 38.0565 ], [ -78.2688, 38.0566 ] ] ] } },
{ "type": "Feature", "properties": { "factor_fine": 0.949 }, "geometry": { "type": "Polygon", "coordinates": [ [ [ -78.747, 38.0713 ], [ -78.7468, 38.0758 ], [ -78.7411, 38.0757 ], [ -78.7413, 38.0711 ], [ -78.747, 38.0713 ] ] ] } },
{ "type": "Feature", "properties": { "factor_fine": 0.963 }, "geometry": { "type": "Polygon", "coordinates": [ [ [ -78.7413, 38.0711 ], [ -78.7411, 38.0757 ], [ -78.7354, 38.0755 ], [ -78.7356, 38.071 ], [ -78.7413, 38.0711 ] ] ] } },
{ "type": "Feature", "properties": { "factor_fine": 0.986 }, "geometry": { "type": "Polygon", "coordinates": [ [ [ -78.7356, 38.071 ], [ -78.7354, 38.0755 ], [ -78.7298, 38.0754 ], [ -78.7299, 38.0709 ], [ -78.7356, 38.071 ] ] ] } },
{ "type": "Feature", "properties": { "factor_fine": 0.995 }, "geometry": { "type": "Polygon", "coordinates": [ [ [ -78.7299, 38.0709 ], [ -78.7298, 38.0754 ], [ -78.7241, 38.0753 ], [ -78.7242, 38.0708 ], [ -78.7299, 38.0709 ] ] ] } },
{ "type": "Feature", "properties": { "factor_fine": 0.996 }, "geometry": { "type": "Polygon", "coordinates": [ [ [ -78.7242, 38.0708 ], [ -78.7241, 38.0753 ], [ -78.7184, 38.0752 ], [ -78.7185, 38.0707 ], [ -78.7242, 38.0708 ] ] ] } },
{ "type": "Feature", "properties": { "factor_fine": 0.994 }, "geometry": { "type": "Polygon", "coordinates": [ [ [ -78.7185, 38.0707 ], [ -78.7184, 38.0752 ], [ -78.7127, 38.0751 ], [ -78.7128, 38.0706 ], [ -78.7185, 38.0707 ] ] ] } },
{ "type": "Feature", "properties": { "factor_fine": 0.994 }, "geometry": { "type": "Polygon", "coordinates": [ [ [ -78.7128, 38.0706 ], [ -78.7127, 38.0751 ], [ -78.707, 38.075 ], [ -78.7071, 38.0705 ], [ -78.7128, 38.0706 ] ] ] } },
{ "type": "Feature", "properties": { "factor_fine": 0.999 }, "geometry": { "type": "Polygon", "coordinates": [ [ [ -78.7071, 38.0705 ], [ -78.707, 38.075 ], [ -78.7013, 38.0749 ], [ -78.7014, 38.0704 ], [ -78.7071, 38.0705 ] ] ] } },
{ "type": "Feature", "properties": { "factor_fine": 1.01 }, "geometry": { "type": "Polygon", "coordinates": [ [ [ -78.7014, 38.0704 ], [ -78.7013, 38.0749 ], [ -78.6956, 38.0748 ], [ -78.6957, 38.0703 ], [ -78.7014, 38.0704 ] ] ] } },
{ "type": "Feature", "properties": { "factor_fine": 1.023 }, "geometry": { "type": "Polygon", "coordinates": [ [ [ -78.6957, 38.0703 ], [ -78.6956, 38.0748 ], [ -78.6899, 38.0747 ], [ -78.69, 38.0702 ], [ -78.6957, 38.0703 ] ] ] } },
{ "type": "Feature", "properties": { "factor_fine": 1.03 }, "geometry": { "type": "Polygon", "coordinates": [ [ [ -78.69, 38.0702 ], [ -78.6899, 38.0747 ], [ -78.6842, 38.0745 ], [ -78.6843, 38.07 ], [ -78.69, 38.0702 ] ] ] } },
{ "type": "Feature", "properties": { "factor_fine": 1.023 }, "geometry": { "type": "Polygon", "coordinates": [ [ [ -78.6843, 38.07 ], [ -78.6842, 38.0745 ], [ -78.6785, 38.0744 ], [ -78.6786, 38.0699 ], [ -78.6843, 38.07 ] ] ] } },
{ "type": "Feature", "properties": { "factor_fine": 1.0 }, "geometry": { "type": "Polygon", "coordinates": [ [ [ -78.6786, 38.0699 ], [ -78.6785, 38.0744 ], [ -78.6728, 38.0743 ], [ -78.6729, 38.0698 ], [ -78.6786, 38.0699 ] ] ] } },
{ "type": "Feature", "properties": { "factor_fine": 0.973 }, "geometry": { "type": "Polygon", "coordinates": [ [ [ -78.6729, 38.0698 ], [ -78.6728, 38.0743 ], [ -78.6671, 38.0742 ], [ -78.6672, 38.0697 ], [ -78.6729, 38.0698 ] ] ] } },
{ "type": "Feature", "properties": { "factor_fine": 0.951 }, "geometry": { "type": "Polygon", "coordinates": [ [ [ -78.6672, 38.0697 ], [ -78.6671, 38.0742 ], [ -78.6614, 38.0741 ], [ -78.6615, 38.0696 ], [ -78.6672, 38.0697 ] ] ] } },
{ "type": "Feature", "properties": { "factor_fine": 0.936 }, "geometry": { "type": "Polygon", "coordinates": [ [ [ -78.6615, 38.0696 ], [ -78.6614, 38.0741 ], [ -78.6557, 38.074 ], [ -78.6558, 38.0695 ], [ -78.6615, 38.0696 ] ] ] } },
{ "type": "Feature", "properties": { "factor_fine": 0.926 }, "geometry": { "type": "Polygon", "coordinates": [ [ [ -78.6558, 38.0695 ], [ -78.6557, 38.074 ], [ -78.65, 38.0739 ], [ -78.6502, 38.0694 ], [ -78.6558, 38.0695 ] ] ] } },
{ "type": "Feature", "properties": { "factor_fine": 0.923 }, "geometry": { "type": "Polygon", "coordinates": [ [ [ -78.6502, 38.0694 ], [ -78.65, 38.0739 ], [ -78.6443, 38.0738 ], [ -78.6445, 38.0692 ], [ -78.6502, 38.0694 ] ] ] } },
{ "type": "Feature", "properties": { "factor_fine": 0.94 }, "geometry": { "type": "Polygon", "coordinates": [ [ [ -78.6445, 38.0692 ], [ -78.6443, 38.0738 ], [ -78.6386, 38.0736 ], [ -78.6388, 38.0691 ], [ -78.6445, 38.0692 ] ] ] } },
{ "type": "Feature", "properties": { "factor_fine": 0.982 }, "geometry": { "type": "Polygon", "coordinates": [ [ [ -78.6388, 38.0691 ], [ -78.6386, 38.0736 ], [ -78.6329, 38.0735 ], [ -78.6331, 38.069 ], [ -78.6388, 38.0691 ] ] ] } },
{ "type": "Feature", "properties": { "factor_fine": 1.006 }, "geometry": { "type": "Polygon", "coordinates": [ [ [ -78.6331, 38.069 ], [ -78.6329, 38.0735 ], [ -78.6272, 38.0734 ], [ -78.6274, 38.0689 ], [ -78.6331, 38.069 ] ] ] } },
{ "type": "Feature", "properties": { "factor_fine": 1.017 }, "geometry": { "type": "Polygon", "coordinates": [ [ [ -78.6274, 38.0689 ], [ -78.6272, 38.0734 ], [ -78.6215, 38.0733 ], [ -78.6217, 38.0688 ], [ -78.6274, 38.0689 ] ] ] } },
{ "type": "Feature", "properties": { "factor_fine": 1.021 }, "geometry": { "type": "Polygon", "coordinates": [ [ [ -78.6217, 38.0688 ], [ -78.6215, 38.0733 ], [ -78.6158, 38.0732 ], [ -78.616, 38.0687 ], [ -78.6217, 38.0688 ] ] ] } },
{ "type": "Feature", "properties": { "factor_fine": 1.021 }, "geometry": { "type": "Polygon", "coordinates": [ [ [ -78.616, 38.0687 ], [ -78.6158, 38.0732 ], [ -78.6101, 38.0731 ], [ -78.6103, 38.0686 ], [ -78.616, 38.0687 ] ] ] } },
{ "type": "Feature", "properties": { "factor_fine": 1.027 }, "geometry": { "type": "Polygon", "coordinates": [ [ [ -78.6103, 38.0686 ], [ -78.6101, 38.0731 ], [ -78.6044, 38.0729 ], [ -78.6046, 38.0684 ], [ -78.6103, 38.0686 ] ] ] } },
{ "type": "Feature", "properties": { "factor_fine": 1.048 }, "geometry": { "type": "Polygon", "coordinates": [ [ [ -78.6046, 38.0684 ], [ -78.6044, 38.0729 ], [ -78.5987, 38.0728 ], [ -78.5989, 38.0683 ], [ -78.6046, 38.0684 ] ] ] } },
{ "type": "Feature", "properties": { "factor_fine": 1.069 }, "geometry": { "type": "Polygon", "coordinates": [ [ [ -78.5989, 38.0683 ], [ -78.5987, 38.0728 ], [ -78.5931, 38.0727 ], [ -78.5932, 38.0682 ], [ -78.5989, 38.0683 ] ] ] } },
{ "type": "Feature", "properties": { "factor_fine": 1.086 }, "geometry": { "type": "Polygon", "coordinates": [ [ [ -78.5932, 38.0682 ], [ -78.5931, 38.0727 ], [ -78.5874, 38.0726 ], [ -78.5875, 38.0681 ], [ -78.5932, 38.0682 ] ] ] } },
{ "type": "Feature", "properties": { "factor_fine": 1.103 }, "geometry": { "type": "Polygon", "coordinates": [ [ [ -78.5875, 38.0681 ], [ -78.5874, 38.0726 ], [ -78.5817, 38.0725 ], [ -78.5818, 38.068 ], [ -78.5875, 38.0681 ] ] ] } },
{ "type": "Feature", "properties": { "factor_fine": 1.124 }, "geometry": { "type": "Polygon", "coordinates": [ [ [ -78.5818, 38.068 ], [ -78.5817, 38.0725 ], [ -78.576, 38.0724 ], [ -78.5761, 38.0679 ], [ -78.5818, 38.068 ] ] ] } },
{ "type": "Feature", "properties": { "factor_fine": 1.149 }, "geometry": { "type": "Polygon", "coordinates": [ [ [ -78.5761, 38.0679 ], [ -78.576, 38.0724 ], [ -78.5703, 38.0722 ], [ -78.5704, 38.0677 ], [ -78.5761, 38.0679 ] ] ] } },
{ "type": "Feature", "properties": { "factor_fine": 1.187 }, "geometry": { "type": "Polygon", "coordinates": [ [ [ -78.5704, 38.0677 ], [ -78.5703, 38.0722 ], [ -78.5646, 38.0721 ], [ -78.5647, 38.0676 ], [ -78.5704, 38.0677 ] ] ] } },
{ "type": "Feature", "properties": { "factor_fine": 1.253 }, "geometry": { "type": "Polygon", "coordinates": [ [ [ -78.5647, 38.0676 ], [ -78.5646, 38.0721 ], [ -78.5589, 38.072 ], [ -78.559, 38.0675 ], [ -78.5647, 38.0676 ] ] ] } },
{ "type": "Feature", "properties": { "factor_fine": 1.368 }, "geometry": { "type": "Polygon", "coordinates": [ [ [ -78.559, 38.0675 ], [ -78.5589, 38.072 ], [ -78.5532, 38.0719 ], [ -78.5533, 38.0674 ], [ -78.559, 38.0675 ] ] ] } },
{ "type": "Feature", "properties": { "factor_fine": 1.48 }, "geometry": { "type": "Polygon", "coordinates": [ [ [ -78.5533, 38.0674 ], [ -78.5532, 38.0719 ], [ -78.5475, 38.0718 ], [ -78.5476, 38.0673 ], [ -78.5533, 38.0674 ] ] ] } },
{ "type": "Feature", "properties": { "factor_fine": 1.5 }, "geometry": { "type": "Polygon", "coordinates": [ [ [ -78.5476, 38.0673 ], [ -78.5475, 38.0718 ], [ -78.5418, 38.0716 ], [ -78.5419, 38.0671 ], [ -78.5476, 38.0673 ] ] ] } },
{ "type": "Feature", "properties": { "factor_fine": 1.453 }, "geometry": { "type": "Polygon", "coordinates": [ [ [ -78.5419, 38.0671 ], [ -78.5418, 38.0716 ], [ -78.5361, 38.0715 ], [ -78.5362, 38.067 ], [ -78.5419, 38.0671 ] ] ] } },
{ "type": "Feature", "properties": { "factor_fine": 1.363 }, "geometry": { "type": "Polygon", "coordinates": [ [ [ -78.5362, 38.067 ], [ -78.5361, 38.0715 ], [ -78.5304, 38.0714 ], [ -78.5306, 38.0669 ], [ -78.5362, 38.067 ] ] ] } },
{ "type": "Feature", "properties": { "factor_fine": 1.215 }, "geometry": { "type": "Polygon", "coordinates": [ [ [ -78.5306, 38.0669 ], [ -78.5304, 38.0714 ], [ -78.5247, 38.0713 ], [ -78.5249, 38.0668 ], [ -78.5306, 38.0669 ] ] ] } },
{ "type": "Feature", "properties": { "factor_fine": 1.077 }, "geometry": { "type": "Polygon", "coordinates": [ [ [ -78.5249, 38.0668 ], [ -78.5247, 38.0713 ], [ -78.519, 38.0712 ], [ -78.5192, 38.0667 ], [ -78.5249, 38.0668 ] ] ] } },
{ "type": "Feature", "properties": { "factor_fine": 1.01 }, "geometry": { "type": "Polygon", "coordinates": [ [ [ -78.5192, 38.0667 ], [ -78.519, 38.0712 ], [ -78.5133, 38.0711 ], [ -78.5135, 38.0665 ], [ -78.5192, 38.0667 ] ] ] } },
{ "type": "Feature", "properties": { "factor_fine": 0.973 }, "geometry": { "type": "Polygon", "coordinates": [ [ [ -78.5135, 38.0665 ], [ -78.5133, 38.0711 ], [ -78.5076, 38.0709 ], [ -78.5078, 38.0664 ], [ -78.5135, 38.0665 ] ] ] } },
{ "type": "Feature", "properties": { "factor_fine": 0.943 }, "geometry": { "type": "Polygon", "coordinates": [ [ [ -78.5078, 38.0664 ], [ -78.5076, 38.0709 ], [ -78.5019, 38.0708 ], [ -78.5021, 38.0663 ], [ -78.5078, 38.0664 ] ] ] } },
{ "type": "Feature", "properties": { "factor_fine": 0.92 }, "geometry": { "type": "Polygon", "coordinates": [ [ [ -78.5021, 38.0663 ], [ -78.5019, 38.0708 ], [ -78.4962, 38.0707 ], [ -78.4964, 38.0662 ], [ -78.5021, 38.0663 ] ] ] } },
{ "type": "Feature", "properties": { "factor_fine": 0.916 }, "geometry": { "type": "Polygon", "coordinates": [ [ [ -78.4964, 38.0662 ], [ -78.4962, 38.0707 ], [ -78.4905, 38.0706 ], [ -78.4907, 38.0661 ], [ -78.4964, 38.0662 ] ] ] } },
{ "type": "Feature", "properties": { "factor_fine": 0.937 }, "geometry": { "type": "Polygon", "coordinates": [ [ [ -78.4907, 38.0661 ], [ -78.4905, 38.0706 ], [ -78.4848, 38.0704 ], [ -78.485, 38.0659 ], [ -78.4907, 38.0661 ] ] ] } },
{ "type": "Feature", "properties": { "factor_fine": 0.975 }, "geometry": { "type": "Polygon", "coordinates": [ [ [ -78.485, 38.0659 ], [ -78.4848, 38.0704 ], [ -78.4791, 38.0703 ], [ -78.4793, 38.0658 ], [ -78.485, 38.0659 ] ] ] } },
{ "type": "Feature", "properties": { "factor_fine": 1.008 }, "geometry": { "type": "Polygon", "coordinates": [ [ [ -78.4793, 38.0658 ], [ -78.4791, 38.0703 ], [ -78.4735, 38.0702 ], [ -78.4736, 38.0657 ], [ -78.4793, 38.0658 ] ] ] } },
{ "type": "Feature", "properties": { "factor_fine": 1.03 }, "geometry": { "type": "Polygon", "coordinates": [ [ [ -78.4736, 38.0657 ], [ -78.4735, 38.0702 ], [ -78.4678, 38.0701 ], [ -78.4679, 38.0656 ], [ -78.4736, 38.0657 ] ] ] } },
{ "type": "Feature", "properties": { "factor_fine": 1.049 }, "geometry": { "type": "Polygon", "coordinates": [ [ [ -78.4679, 38.0656 ], [ -78.4678, 38.0701 ], [ -78.4621, 38.07 ], [ -78.4622, 38.0655 ], [ -78.4679, 38.0656 ] ] ] } },
{ "type": "Feature", "properties": { "factor_fine": 1.065 }, "geometry": { "type": "Polygon", "coordinates": [ [ [ -78.4622, 38.0655 ], [ -78.4621, 38.07 ], [ -78.4564, 38.0698 ], [ -78.4565, 38.0653 ], [ -78.4622, 38.0655 ] ] ] } },
{ "type": "Feature", "properties": { "factor_fine": 1.075 }, "geometry": { "type": "Polygon", "coordinates": [ [ [ -78.4565, 38.0653 ], [ -78.4564, 38.0698 ], [ -78.4507, 38.0697 ], [ -78.4508, 38.0652 ], [ -78.4565, 38.0653 ] ] ] } },
{ "type": "Feature", "properties": { "factor_fine": 1.081 }, "geometry": { "type": "Polygon", "coordinates": [ [ [ -78.4508, 38.0652 ], [ -78.4507, 38.0697 ], [ -78.445, 38.0696 ], [ -78.4451, 38.0651 ], [ -78.4508, 38.0652 ] ] ] } },
{ "type": "Feature", "properties": { "factor_fine": 1.086 }, "geometry": { "type": "Polygon", "coordinates": [ [ [ -78.4451, 38.0651 ], [ -78.445, 38.0696 ], [ -78.4393, 38.0695 ], [ -78.4394, 38.065 ], [ -78.4451, 38.0651 ] ] ] } },
{ "type": "Feature", "properties": { "factor_fine": 1.09 }, "geometry": { "type": "Polygon", "coordinates": [ [ [ -78.4394, 38.065 ], [ -78.4393, 38.0695 ], [ -78.4336, 38.0693 ], [ -78.4337, 38.0648 ], [ -78.4394, 38.065 ] ] ] } },
{ "type": "Feature", "properties": { "factor_fine": 1.083 }, "geometry": { "type": "Polygon", "coordinates": [ [ [ -78.4337, 38.0648 ], [ -78.4336, 38.0693 ], [ -78.4279, 38.0692 ], [ -78.4281, 38.0647 ], [ -78.4337, 38.0648 ] ] ] } },
{ "type": "Feature", "properties": { "factor_fine": 1.055 }, "geometry": { "type": "Polygon", "coordinates": [ [ [ -78.4281, 38.0647 ], [ -78.4279, 38.0692 ], [ -78.4222, 38.0691 ], [ -78.4224, 38.0646 ], [ -78.4281, 38.0647 ] ] ] } },
{ "type": "Feature", "properties": { "factor_fine": 1.022 }, "geometry": { "type": "Polygon", "coordinates": [ [ [ -78.4224, 38.0646 ], [ -78.4222, 38.0691 ], [ -78.4165, 38.069 ], [ -78.4167, 38.0645 ], [ -78.4224, 38.0646 ] ] ] } },
{ "type": "Feature", "properties": { "factor_fine": 1.006 }, "geometry": { "type": "Polygon", "coordinates": [ [ [ -78.4167, 38.0645 ], [ -78.4165, 38.069 ], [ -78.4108, 38.0688 ], [ -78.411, 38.0643 ], [ -78.4167, 38.0645 ] ] ] } },
{ "type": "Feature", "properties": { "factor_fine": 1.006 }, "geometry": { "type": "Polygon", "coordinates": [ [ [ -78.411, 38.0643 ], [ -78.4108, 38.0688 ], [ -78.4051, 38.0687 ], [ -78.4053, 38.0642 ], [ -78.411, 38.0643 ] ] ] } },
{ "type": "Feature", "properties": { "factor_fine": 1.014 }, "geometry": { "type": "Polygon", "coordinates": [ [ [ -78.4053, 38.0642 ], [ -78.4051, 38.0687 ], [ -78.3994, 38.0686 ], [ -78.3996, 38.0641 ], [ -78.4053, 38.0642 ] ] ] } },
{ "type": "Feature", "properties": { "factor_fine": 0.984 }, "geometry": { "type": "Polygon", "coordinates": [ [ [ -78.3199, 38.0623 ], [ -78.3197, 38.0668 ], [ -78.314, 38.0667 ], [ -78.3142, 38.0622 ], [ -78.3199, 38.0623 ] ] ] } },
{ "type": "Feature", "properties": { "factor_fine": 1.0 }, "geometry": { "type": "Polygon", "coordinates": [ [ [ -78.3142, 38.0622 ], [ -78.314, 38.0667 ], [ -78.3083, 38.0665 ], [ -78.3085, 38.062 ], [ -78.3142, 38.0622 ] ] ] } },
{ "type": "Feature", "properties": { "factor_fine": 0.989 }, "geometry": { "type": "Polygon", "coordinates": [ [ [ -78.3085, 38.062 ], [ -78.3083, 38.0665 ], [ -78.3026, 38.0664 ], [ -78.3028, 38.0619 ], [ -78.3085, 38.062 ] ] ] } },
{ "type": "Feature", "properties": { "factor_fine": 0.97 }, "geometry": { "type": "Polygon", "coordinates": [ [ [ -78.3028, 38.0619 ], [ -78.3026, 38.0664 ], [ -78.2969, 38.0663 ], [ -78.2971, 38.0618 ], [ -78.3028, 38.0619 ] ] ] } },
{ "type": "Feature", "properties": { "factor_fine": 0.951 }, "geometry": { "type": "Polygon", "coordinates": [ [ [ -78.2971, 38.0618 ], [ -78.2969, 38.0663 ], [ -78.2912, 38.0661 ], [ -78.2914, 38.0616 ], [ -78.2971, 38.0618 ] ] ] } },
{ "type": "Feature", "properties": { "factor_fine": 0.939 }, "geometry": { "type": "Polygon", "coordinates": [ [ [ -78.2914, 38.0616 ], [ -78.2912, 38.0661 ], [ -78.2855, 38.066 ], [ -78.2857, 38.0615 ], [ -78.2914, 38.0616 ] ] ] } },
{ "type": "Feature", "properties": { "factor_fine": 0.947 }, "geometry": { "type": "Polygon", "coordinates": [ [ [ -78.2857, 38.0615 ], [ -78.2855, 38.066 ], [ -78.2798, 38.0659 ], [ -78.28, 38.0614 ], [ -78.2857, 38.0615 ] ] ] } },
{ "type": "Feature", "properties": { "factor_fine": 0.969 }, "geometry": { "type": "Polygon", "coordinates": [ [ [ -78.28, 38.0614 ], [ -78.2798, 38.0659 ], [ -78.2742, 38.0657 ], [ -78.2743, 38.0612 ], [ -78.28, 38.0614 ] ] ] } },
{ "type": "Feature", "properties": { "factor_fine": 0.986 }, "geometry": { "type": "Polygon", "coordinates": [ [ [ -78.2743, 38.0612 ], [ -78.2742, 38.0657 ], [ -78.2685, 38.0656 ], [ -78.2686, 38.0611 ], [ -78.2743, 38.0612 ] ] ] } },
{ "type": "Feature", "properties": { "factor_fine": 0.984 }, "geometry": { "type": "Polygon", "coordinates": [ [ [ -78.2686, 38.0611 ], [ -78.2685, 38.0656 ], [ -78.2628, 38.0655 ], [ -78.2629, 38.061 ], [ -78.2686, 38.0611 ] ] ] } },
{ "type": "Feature", "properties": { "factor_fine": 0.968 }, "geometry": { "type": "Polygon", "coordinates": [ [ [ -78.2629, 38.061 ], [ -78.2628, 38.0655 ], [ -78.2571, 38.0653 ], [ -78.2572, 38.0608 ], [ -78.2629, 38.061 ] ] ] } },
{ "type": "Feature", "properties": { "factor_fine": 0.936 }, "geometry": { "type": "Polygon", "coordinates": [ [ [ -78.7411, 38.0757 ], [ -78.741, 38.0802 ], [ -78.7353, 38.08 ], [ -78.7354, 38.0755 ], [ -78.7411, 38.0757 ] ] ] } },
{ "type": "Feature", "properties": { "factor_fine": 0.969 }, "geometry": { "type": "Polygon", "coordinates": [ [ [ -78.7354, 38.0755 ], [ -78.7353, 38.08 ], [ -78.7296, 38.0799 ], [ -78.7298, 38.0754 ], [ -78.7354, 38.0755 ] ] ] } },
{ "type": "Feature", "properties": { "factor_fine": 0.984 }, "geometry": { "type": "Polygon", "coordinates": [ [ [ -78.7298, 38.0754 ], [ -78.7296, 38.0799 ], [ -78.7239, 38.0798 ], [ -78.7241, 38.0753 ], [ -78.7298, 38.0754 ] ] ] } },
{ "type": "Feature", "properties": { "factor_fine": 0.986 }, "geometry": { "type": "Polygon", "coordinates": [ [ [ -78.7241, 38.0753 ], [ -78.7239, 38.0798 ], [ -78.7182, 38.0797 ], [ -78.7184, 38.0752 ], [ -78.7241, 38.0753 ] ] ] } },
{ "type": "Feature", "properties": { "factor_fine": 0.985 }, "geometry": { "type": "Polygon", "coordinates": [ [ [ -78.7184, 38.0752 ], [ -78.7182, 38.0797 ], [ -78.7125, 38.0796 ], [ -78.7127, 38.0751 ], [ -78.7184, 38.0752 ] ] ] } },
{ "type": "Feature", "properties": { "factor_fine": 0.985 }, "geometry": { "type": "Polygon", "coordinates": [ [ [ -78.7127, 38.0751 ], [ -78.7125, 38.0796 ], [ -78.7068, 38.0795 ], [ -78.707, 38.075 ], [ -78.7127, 38.0751 ] ] ] } },
{ "type": "Feature", "properties": { "factor_fine": 0.992 }, "geometry": { "type": "Polygon", "coordinates": [ [ [ -78.707, 38.075 ], [ -78.7068, 38.0795 ], [ -78.7011, 38.0794 ], [ -78.7013, 38.0749 ], [ -78.707, 38.075 ] ] ] } },
{ "type": "Feature", "properties": { "factor_fine": 1.005 }, "geometry": { "type": "Polygon", "coordinates": [ [ [ -78.7013, 38.0749 ], [ -78.7011, 38.0794 ], [ -78.6954, 38.0793 ], [ -78.6956, 38.0748 ], [ -78.7013, 38.0749 ] ] ] } },
{ "type": "Feature", "properties": { "factor_fine": 1.024 }, "geometry": { "type": "Polygon", "coordinates": [ [ [ -78.6956, 38.0748 ], [ -78.6954, 38.0793 ], [ -78.6897, 38.0792 ], [ -78.6899, 38.0747 ], [ -78.6956, 38.0748 ] ] ] } },
{ "type": "Feature", "properties": { "factor_fine": 1.038 }, "geometry": { "type": "Polygon", "coordinates": [ [ [ -78.6899, 38.0747 ], [ -78.6897, 38.0792 ], [ -78.684, 38.079 ], [ -78.6842, 38.0745 ], [ -78.6899, 38.0747 ] ] ] } },
{ "type": "Feature", "properties": { "factor_fine": 1.034 }, "geometry": { "type": "Polygon", "coordinates": [ [ [ -78.6842, 38.0745 ], [ -78.684, 38.079 ], [ -78.6783, 38.0789 ], [ -78.6785, 38.0744 ], [ -78.6842, 38.0745 ] ] ] } },
{ "type": "Feature", "properties": { "factor_fine": 1.007 }, "geometry": { "type": "Polygon", "coordinates": [ [ [ -78.6785, 38.0744 ], [ -78.6783, 38.0789 ], [ -78.6726, 38.0788 ], [ -78.6728, 38.0743 ], [ -78.6785, 38.0744 ] ] ] } },
{ "type": "Feature", "properties": { "factor_fine": 0.975 }, "geometry": { "type": "Polygon", "coordinates": [ [ [ -78.6728, 38.0743 ], [ -78.6726, 38.0788 ], [ -78.667, 38.0787 ], [ -78.6671, 38.0742 ], [ -78.6728, 38.0743 ] ] ] } },
{ "type": "Feature", "properties": { "factor_fine": 0.951 }, "geometry": { "type": "Polygon", "coordinates": [ [ [ -78.6671, 38.0742 ], [ -78.667, 38.0787 ], [ -78.6613, 38.0786 ], [ -78.6614, 38.0741 ], [ -78.6671, 38.0742 ] ] ] } },
{ "type": "Feature", "properties": { "factor_fine": 0.937 }, "geometry": { "type": "Polygon", "coordinates": [ [ [ -78.6614, 38.0741 ], [ -78.6613, 38.0786 ], [ -78.6556, 38.0785 ], [ -78.6557, 38.074 ], [ -78.6614, 38.0741 ] ] ] } },
{ "type": "Feature", "properties": { "factor_fine": 0.93 }, "geometry": { "type": "Polygon", "coordinates": [ [ [ -78.6557, 38.074 ], [ -78.6556, 38.0785 ], [ -78.6499, 38.0784 ], [ -78.65, 38.0739 ], [ -78.6557, 38.074 ] ] ] } },
{ "type": "Feature", "properties": { "factor_fine": 0.935 }, "geometry": { "type": "Polygon", "coordinates": [ [ [ -78.65, 38.0739 ], [ -78.6499, 38.0784 ], [ -78.6442, 38.0783 ], [ -78.6443, 38.0738 ], [ -78.65, 38.0739 ] ] ] } },
{ "type": "Feature", "properties": { "factor_fine": 0.962 }, "geometry": { "type": "Polygon", "coordinates": [ [ [ -78.6443, 38.0738 ], [ -78.6442, 38.0783 ], [ -78.6385, 38.0781 ], [ -78.6386, 38.0736 ], [ -78.6443, 38.0738 ] ] ] } },
{ "type": "Feature", "properties": { "factor_fine": 1.007 }, "geometry": { "type": "Polygon", "coordinates": [ [ [ -78.6386, 38.0736 ], [ -78.6385, 38.0781 ], [ -78.6328, 38.078 ], [ -78.6329, 38.0735 ], [ -78.6386, 38.0736 ] ] ] } },
{ "type": "Feature", "properties": { "factor_fine": 1.023 }, "geometry": { "type": "Polygon", "coordinates": [ [ [ -78.6329, 38.0735 ], [ -78.6328, 38.078 ], [ -78.6271, 38.0779 ], [ -78.6272, 38.0734 ], [ -78.6329, 38.0735 ] ] ] } },
{ "type": "Feature", "properties": { "factor_fine": 1.024 }, "geometry": { "type": "Polygon", "coordinates": [ [ [ -78.6272, 38.0734 ], [ -78.6271, 38.0779 ], [ -78.6214, 38.0778 ], [ -78.6215, 38.0733 ], [ -78.6272, 38.0734 ] ] ] } },
{ "type": "Feature", "properties": { "factor_fine": 1.021 }, "geometry": { "type": "Polygon", "coordinates": [ [ [ -78.6215, 38.0733 ], [ -78.6214, 38.0778 ], [ -78.6157, 38.0777 ], [ -78.6158, 38.0732 ], [ -78.6215, 38.0733 ] ] ] } },
{ "type": "Feature", "properties": { "factor_fine": 1.016 }, "geometry": { "type": "Polygon", "coordinates": [ [ [ -78.6158, 38.0732 ], [ -78.6157, 38.0777 ], [ -78.61, 38.0776 ], [ -78.6101, 38.0731 ], [ -78.6158, 38.0732 ] ] ] } },
{ "type": "Feature", "properties": { "factor_fine": 1.019 }, "geometry": { "type": "Polygon", "coordinates": [ [ [ -78.6101, 38.0731 ], [ -78.61, 38.0776 ], [ -78.6043, 38.0774 ], [ -78.6044, 38.0729 ], [ -78.6101, 38.0731 ] ] ] } },
{ "type": "Feature", "properties": { "factor_fine": 1.036 }, "geometry": { "type": "Polygon", "coordinates": [ [ [ -78.6044, 38.0729 ], [ -78.6043, 38.0774 ], [ -78.5986, 38.0773 ], [ -78.5987, 38.0728 ], [ -78.6044, 38.0729 ] ] ] } },
{ "type": "Feature", "properties": { "factor_fine": 1.057 }, "geometry": { "type": "Polygon", "coordinates": [ [ [ -78.5987, 38.0728 ], [ -78.5986, 38.0773 ], [ -78.5929, 38.0772 ], [ -78.5931, 38.0727 ], [ -78.5987, 38.0728 ] ] ] } },
{ "type": "Feature", "properties": { "factor_fine": 1.076 }, "geometry": { "type": "Polygon", "coordinates": [ [ [ -78.5931, 38.0727 ], [ -78.5929, 38.0772 ], [ -78.5872, 38.0771 ], [ -78.5874, 38.0726 ], [ -78.5931, 38.0727 ] ] ] } },
{ "type": "Feature", "properties": { "factor_fine": 1.093 }, "geometry": { "type": "Polygon", "coordinates": [ [ [ -78.5874, 38.0726 ], [ -78.5872, 38.0771 ], [ -78.5815, 38.077 ], [ -78.5817, 38.0725 ], [ -78.5874, 38.0726 ] ] ] } },
{ "type": "Feature", "properties": { "factor_fine": 1.111 }, "geometry": { "type": "Polygon", "coordinates": [ [ [ -78.5817, 38.0725 ], [ -78.5815, 38.077 ], [ -78.5758, 38.0769 ], [ -78.576, 38.0724 ], [ -78.5817, 38.0725 ] ] ] } },
{ "type": "Feature", "properties": { "factor_fine": 1.132 }, "geometry": { "type": "Polygon", "coordinates": [ [ [ -78.576, 38.0724 ], [ -78.5758, 38.0769 ], [ -78.5701, 38.0767 ], [ -78.5703, 38.0722 ], [ -78.576, 38.0724 ] ] ] } },
{ "type": "Feature", "properties": { "factor_fine": 1.159 }, "geometry": { "type": "Polygon", "coordinates": [ [ [ -78.5703, 38.0722 ], [ -78.5701, 38.0767 ], [ -78.5644, 38.0766 ], [ -78.5646, 38.0721 ], [ -78.5703, 38.0722 ] ] ] } },
{ "type": "Feature", "properties": { "factor_fine": 1.207 }, "geometry": { "type": "Polygon", "coordinates": [ [ [ -78.5646, 38.0721 ], [ -78.5644, 38.0766 ], [ -78.5587, 38.0765 ], [ -78.5589, 38.072 ], [ -78.5646, 38.0721 ] ] ] } },
{ "type": "Feature", "properties": { "factor_fine": 1.282 }, "geometry": { "type": "Polygon", "coordinates": [ [ [ -78.5589, 38.072 ], [ -78.5587, 38.0765 ], [ -78.553, 38.0764 ], [ -78.5532, 38.0719 ], [ -78.5589, 38.072 ] ] ] } },
{ "type": "Feature", "properties": { "factor_fine": 1.334 }, "geometry": { "type": "Polygon", "coordinates": [ [ [ -78.5532, 38.0719 ], [ -78.553, 38.0764 ], [ -78.5473, 38.0763 ], [ -78.5475, 38.0718 ], [ -78.5532, 38.0719 ] ] ] } },
{ "type": "Feature", "properties": { "factor_fine": 1.334 }, "geometry": { "type": "Polygon", "coordinates": [ [ [ -78.5475, 38.0718 ], [ -78.5473, 38.0763 ], [ -78.5416, 38.0762 ], [ -78.5418, 38.0716 ], [ -78.5475, 38.0718 ] ] ] } },
{ "type": "Feature", "properties": { "factor_fine": 1.312 }, "geometry": { "type": "Polygon", "coordinates": [ [ [ -78.5418, 38.0716 ], [ -78.5416, 38.0762 ], [ -78.5359, 38.076 ], [ -78.5361, 38.0715 ], [ -78.5418, 38.0716 ] ] ] } },
{ "type": "Feature", "properties": { "factor_fine": 1.263 }, "geometry": { "type": "Polygon", "coordinates": [ [ [ -78.5361, 38.0715 ], [ -78.5359, 38.076 ], [ -78.5303, 38.0759 ], [ -78.5304, 38.0714 ], [ -78.5361, 38.0715 ] ] ] } },
{ "type": "Feature", "properties": { "factor_fine": 1.165 }, "geometry": { "type": "Polygon", "coordinates": [ [ [ -78.5304, 38.0714 ], [ -78.5303, 38.0759 ], [ -78.5246, 38.0758 ], [ -78.5247, 38.0713 ], [ -78.5304, 38.0714 ] ] ] } },
{ "type": "Feature", "properties": { "factor_fine": 1.055 }, "geometry": { "type": "Polygon", "coordinates": [ [ [ -78.5247, 38.0713 ], [ -78.5246, 38.0758 ], [ -78.5189, 38.0757 ], [ -78.519, 38.0712 ], [ -78.5247, 38.0713 ] ] ] } },
{ "type": "Feature", "properties": { "factor_fine": 0.993 }, "geometry": { "type": "Polygon", "coordinates": [ [ [ -78.519, 38.0712 ], [ -78.5189, 38.0757 ], [ -78.5132, 38.0756 ], [ -78.5133, 38.0711 ], [ -78.519, 38.0712 ] ] ] } },
{ "type": "Feature", "properties": { "factor_fine": 0.956 }, "geometry": { "type": "Polygon", "coordinates": [ [ [ -78.5133, 38.0711 ], [ -78.5132, 38.0756 ], [ -78.5075, 38.0754 ], [ -78.5076, 38.0709 ], [ -78.5133, 38.0711 ] ] ] } },
{ "type": "Feature", "properties": { "factor_fine": 0.929 }, "geometry": { "type": "Polygon", "coordinates": [ [ [ -78.5076, 38.0709 ], [ -78.5075, 38.0754 ], [ -78.5018, 38.0753 ], [ -78.5019, 38.0708 ], [ -78.5076, 38.0709 ] ] ] } },
{ "type": "Feature", "properties": { "factor_fine": 0.914 }, "geometry": { "type": "Polygon", "coordinates": [ [ [ -78.5019, 38.0708 ], [ -78.5018, 38.0753 ], [ -78.4961, 38.0752 ], [ -78.4962, 38.0707 ], [ -78.5019, 38.0708 ] ] ] } },
{ "type": "Feature", "properties": { "factor_fine": 0.917 }, "geometry": { "type": "Polygon", "coordinates": [ [ [ -78.4962, 38.0707 ], [ -78.4961, 38.0752 ], [ -78.4904, 38.0751 ], [ -78.4905, 38.0706 ], [ -78.4962, 38.0707 ] ] ] } },
{ "type": "Feature", "properties": { "factor_fine": 0.937 }, "geometry": { "type": "Polygon", "coordinates": [ [ [ -78.4905, 38.0706 ], [ -78.4904, 38.0751 ], [ -78.4847, 38.0749 ], [ -78.4848, 38.0704 ], [ -78.4905, 38.0706 ] ] ] } },
{ "type": "Feature", "properties": { "factor_fine": 0.968 }, "geometry": { "type": "Polygon", "coordinates": [ [ [ -78.4848, 38.0704 ], [ -78.4847, 38.0749 ], [ -78.479, 38.0748 ], [ -78.4791, 38.0703 ], [ -78.4848, 38.0704 ] ] ] } },
{ "type": "Feature", "properties": { "factor_fine": 0.997 }, "geometry": { "type": "Polygon", "coordinates": [ [ [ -78.4791, 38.0703 ], [ -78.479, 38.0748 ], [ -78.4733, 38.0747 ], [ -78.4735, 38.0702 ], [ -78.4791, 38.0703 ] ] ] } },
{ "type": "Feature", "properties": { "factor_fine": 1.023 }, "geometry": { "type": "Polygon", "coordinates": [ [ [ -78.4735, 38.0702 ], [ -78.4733, 38.0747 ], [ -78.4676, 38.0746 ], [ -78.4678, 38.0701 ], [ -78.4735, 38.0702 ] ] ] } },
{ "type": "Feature", "properties": { "factor_fine": 1.05 }, "geometry": { "type": "Polygon", "coordinates": [ [ [ -78.4678, 38.0701 ], [ -78.4676, 38.0746 ], [ -78.4619, 38.0745 ], [ -78.4621, 38.07 ], [ -78.4678, 38.0701 ] ] ] } },
{ "type": "Feature", "properties": { "factor_fine": 1.074 }, "geometry": { "type": "Polygon", "coordinates": [ [ [ -78.4621, 38.07 ], [ -78.4619, 38.0745 ], [ -78.4562, 38.0743 ], [ -78.4564, 38.0698 ], [ -78.4621, 38.07 ] ] ] } },
{ "type": "Feature", "properties": { "factor_fine": 1.09 }, "geometry": { "type": "Polygon", "coordinates": [ [ [ -78.4564, 38.0698 ], [ -78.4562, 38.0743 ], [ -78.4505, 38.0742 ], [ -78.4507, 38.0697 ], [ -78.4564, 38.0698 ] ] ] } },
{ "type": "Feature", "properties": { "factor_fine": 1.1 }, "geometry": { "type": "Polygon", "coordinates": [ [ [ -78.4507, 38.0697 ], [ -78.4505, 38.0742 ], [ -78.4448, 38.0741 ], [ -78.445, 38.0696 ], [ -78.4507, 38.0697 ] ] ] } },
{ "type": "Feature", "properties": { "factor_fine": 1.104 }, "geometry": { "type": "Polygon", "coordinates": [ [ [ -78.445, 38.0696 ], [ -78.4448, 38.0741 ], [ -78.4391, 38.074 ], [ -78.4393, 38.0695 ], [ -78.445, 38.0696 ] ] ] } },
{ "type": "Feature", "properties": { "factor_fine": 1.101 }, "geometry": { "type": "Polygon", "coordinates": [ [ [ -78.4393, 38.0695 ], [ -78.4391, 38.074 ], [ -78.4334, 38.0738 ], [ -78.4336, 38.0693 ], [ -78.4393, 38.0695 ] ] ] } },
{ "type": "Feature", "properties": { "factor_fine": 1.079 }, "geometry": { "type": "Polygon", "coordinates": [ [ [ -78.4336, 38.0693 ], [ -78.4334, 38.0738 ], [ -78.4277, 38.0737 ], [ -78.4279, 38.0692 ], [ -78.4336, 38.0693 ] ] ] } },
{ "type": "Feature", "properties": { "factor_fine": 1.029 }, "geometry": { "type": "Polygon", "coordinates": [ [ [ -78.4279, 38.0692 ], [ -78.4277, 38.0737 ], [ -78.422, 38.0736 ], [ -78.4222, 38.0691 ], [ -78.4279, 38.0692 ] ] ] } },
{ "type": "Feature", "properties": { "factor_fine": 0.987 }, "geometry": { "type": "Polygon", "coordinates": [ [ [ -78.4222, 38.0691 ], [ -78.422, 38.0736 ], [ -78.4163, 38.0735 ], [ -78.4165, 38.069 ], [ -78.4222, 38.0691 ] ] ] } },
{ "type": "Feature", "properties": { "factor_fine": 0.972 }, "geometry": { "type": "Polygon", "coordinates": [ [ [ -78.4165, 38.069 ], [ -78.4163, 38.0735 ], [ -78.4107, 38.0733 ], [ -78.4108, 38.0688 ], [ -78.4165, 38.069 ] ] ] } },
{ "type": "Feature", "properties": { "factor_fine": 0.974 }, "geometry": { "type": "Polygon", "coordinates": [ [ [ -78.4108, 38.0688 ], [ -78.4107, 38.0733 ], [ -78.405, 38.0732 ], [ -78.4051, 38.0687 ], [ -78.4108, 38.0688 ] ] ] } },
{ "type": "Feature", "properties": { "factor_fine": 0.983 }, "geometry": { "type": "Polygon", "coordinates": [ [ [ -78.4051, 38.0687 ], [ -78.405, 38.0732 ], [ -78.3993, 38.0731 ], [ -78.3994, 38.0686 ], [ -78.4051, 38.0687 ] ] ] } },
{ "type": "Feature", "properties": { "factor_fine": 0.945 }, "geometry": { "type": "Polygon", "coordinates": [ [ [ -78.2855, 38.066 ], [ -78.2854, 38.0705 ], [ -78.2797, 38.0704 ], [ -78.2798, 38.0659 ], [ -78.2855, 38.066 ] ] ] } },
{ "type": "Feature", "properties": { "factor_fine": 0.977 }, "geometry": { "type": "Polygon", "coordinates": [ [ [ -78.2798, 38.0659 ], [ -78.2797, 38.0704 ], [ -78.274, 38.0702 ], [ -78.2742, 38.0657 ], [ -78.2798, 38.0659 ] ] ] } },
{ "type": "Feature", "properties": { "factor_fine": 1.0 }, "geometry": { "type": "Polygon", "coordinates": [ [ [ -78.2742, 38.0657 ], [ -78.274, 38.0702 ], [ -78.2683, 38.0701 ], [ -78.2685, 38.0656 ], [ -78.2742, 38.0657 ] ] ] } },
{ "type": "Feature", "properties": { "factor_fine": 1.001 }, "geometry": { "type": "Polygon", "coordinates": [ [ [ -78.2685, 38.0656 ], [ -78.2683, 38.0701 ], [ -78.2626, 38.07 ], [ -78.2628, 38.0655 ], [ -78.2685, 38.0656 ] ] ] } },
{ "type": "Feature", "properties": { "factor_fine": 0.982 }, "geometry": { "type": "Polygon", "coordinates": [ [ [ -78.2628, 38.0655 ], [ -78.2626, 38.07 ], [ -78.2569, 38.0698 ], [ -78.2571, 38.0653 ], [ -78.2628, 38.0655 ] ] ] } },
{ "type": "Feature", "properties": { "factor_fine": 0.893 }, "geometry": { "type": "Polygon", "coordinates": [ [ [ -78.741, 38.0802 ], [ -78.7409, 38.0847 ], [ -78.7352, 38.0845 ], [ -78.7353, 38.08 ], [ -78.741, 38.0802 ] ] ] } },
{ "type": "Feature", "properties": { "factor_fine": 0.936 }, "geometry": { "type": "Polygon", "coordinates": [ [ [ -78.7353, 38.08 ], [ -78.7352, 38.0845 ], [ -78.7295, 38.0844 ], [ -78.7296, 38.0799 ], [ -78.7353, 38.08 ] ] ] } },
{ "type": "Feature", "properties": { "factor_fine": 0.965 }, "geometry": { "type": "Polygon", "coordinates": [ [ [ -78.7296, 38.0799 ], [ -78.7295, 38.0844 ], [ -78.7238, 38.0843 ], [ -78.7239, 38.0798 ], [ -78.7296, 38.0799 ] ] ] } },
{ "type": "Feature", "properties": { "factor_fine": 0.976 }, "geometry": { "type": "Polygon", "coordinates": [ [ [ -78.7239, 38.0798 ], [ -78.7238, 38.0843 ], [ -78.7181, 38.0842 ], [ -78.7182, 38.0797 ], [ -78.7239, 38.0798 ] ] ] } },
{ "type": "Feature", "properties": { "factor_fine": 0.978 }, "geometry": { "type": "Polygon", "coordinates": [ [ [ -78.7182, 38.0797 ], [ -78.7181, 38.0842 ], [ -78.7124, 38.0841 ], [ -78.7125, 38.0796 ], [ -78.7182, 38.0797 ] ] ] } },
{ "type": "Feature", "properties": { "factor_fine": 0.981 }, "geometry": { "type": "Polygon", "coordinates": [ [ [ -78.7125, 38.0796 ], [ -78.7124, 38.0841 ], [ -78.7067, 38.084 ], [ -78.7068, 38.0795 ], [ -78.7125, 38.0796 ] ] ] } },
{ "type": "Feature", "properties": { "factor_fine": 0.989 }, "geometry": { "type": "Polygon", "coordinates": [ [ [ -78.7068, 38.0795 ], [ -78.7067, 38.084 ], [ -78.701, 38.0839 ], [ -78.7011, 38.0794 ], [ -78.7068, 38.0795 ] ] ] } },
{ "type": "Feature", "properties": { "factor_fine": 1.003 }, "geometry": { "type": "Polygon", "coordinates": [ [ [ -78.7011, 38.0794 ], [ -78.701, 38.0839 ], [ -78.6953, 38.0838 ], [ -78.6954, 38.0793 ], [ -78.7011, 38.0794 ] ] ] } },
{ "type": "Feature", "properties": { "factor_fine": 1.025 }, "geometry": { "type": "Polygon", "coordinates": [ [ [ -78.6954, 38.0793 ], [ -78.6953, 38.0838 ], [ -78.6896, 38.0837 ], [ -78.6897, 38.0792 ], [ -78.6954, 38.0793 ] ] ] } },
{ "type": "Feature", "properties": { "factor_fine": 1.047 }, "geometry": { "type": "Polygon", "coordinates": [ [ [ -78.6897, 38.0792 ], [ -78.6896, 38.0837 ], [ -78.6839, 38.0835 ], [ -78.684, 38.079 ], [ -78.6897, 38.0792 ] ] ] } },
{ "type": "Feature", "properties": { "factor_fine": 1.047 }, "geometry": { "type": "Polygon", "coordinates": [ [ [ -78.684, 38.079 ], [ -78.6839, 38.0835 ], [ -78.6782, 38.0834 ], [ -78.6783, 38.0789 ], [ -78.684, 38.079 ] ] ] } },
{ "type": "Feature", "properties": { "factor_fine": 1.017 }, "geometry": { "type": "Polygon", "coordinates": [ [ [ -78.6783, 38.0789 ], [ -78.6782, 38.0834 ], [ -78.6725, 38.0833 ], [ -78.6726, 38.0788 ], [ -78.6783, 38.0789 ] ] ] } },
{ "type": "Feature", "properties": { "factor_fine": 0.978 }, "geometry": { "type": "Polygon", "coordinates": [ [ [ -78.6726, 38.0788 ], [ -78.6725, 38.0833 ], [ -78.6668, 38.0832 ], [ -78.667, 38.0787 ], [ -78.6726, 38.0788 ] ] ] } },
{ "type": "Feature", "properties": { "factor_fine": 0.951 }, "geometry": { "type": "Polygon", "coordinates": [ [ [ -78.667, 38.0787 ], [ -78.6668, 38.0832 ], [ -78.6611, 38.0831 ], [ -78.6613, 38.0786 ], [ -78.667, 38.0787 ] ] ] } },
{ "type": "Feature", "properties": { "factor_fine": 0.939 }, "geometry": { "type": "Polygon", "coordinates": [ [ [ -78.6613, 38.0786 ], [ -78.6611, 38.0831 ], [ -78.6554, 38.083 ], [ -78.6556, 38.0785 ], [ -78.6613, 38.0786 ] ] ] } },
{ "type": "Feature", "properties": { "factor_fine": 0.939 }, "geometry": { "type": "Polygon", "coordinates": [ [ [ -78.6556, 38.0785 ], [ -78.6554, 38.083 ], [ -78.6497, 38.0829 ], [ -78.6499, 38.0784 ], [ -78.6556, 38.0785 ] ] ] } },
{ "type": "Feature", "properties": { "factor_fine": 0.951 }, "geometry": { "type": "Polygon", "coordinates": [ [ [ -78.6499, 38.0784 ], [ -78.6497, 38.0829 ], [ -78.644, 38.0828 ], [ -78.6442, 38.0783 ], [ -78.6499, 38.0784 ] ] ] } },
{ "type": "Feature", "properties": { "factor_fine": 0.984 }, "geometry": { "type": "Polygon", "coordinates": [ [ [ -78.6442, 38.0783 ], [ -78.644, 38.0828 ], [ -78.6383, 38.0826 ], [ -78.6385, 38.0781 ], [ -78.6442, 38.0783 ] ] ] } },
{ "type": "Feature", "properties": { "factor_fine": 1.026 }, "geometry": { "type": "Polygon", "coordinates": [ [ [ -78.6385, 38.0781 ], [ -78.6383, 38.0826 ], [ -78.6326, 38.0825 ], [ -78.6328, 38.078 ], [ -78.6385, 38.0781 ] ] ] } },
{ "type": "Feature", "properties": { "factor_fine": 1.036 }, "geometry": { "type": "Polygon", "coordinates": [ [ [ -78.6328, 38.078 ], [ -78.6326, 38.0825 ], [ -78.6269, 38.0824 ], [ -78.6271, 38.0779 ], [ -78.6328, 38.078 ] ] ] } },
{ "type": "Feature", "properties": { "factor_fine": 1.025 }, "geometry": { "type": "Polygon", "coordinates": [ [ [ -78.6271, 38.0779 ], [ -78.6269, 38.0824 ], [ -78.6212, 38.0823 ], [ -78.6214, 38.0778 ], [ -78.6271, 38.0779 ] ] ] } },
{ "type": "Feature", "properties": { "factor_fine": 1.011 }, "geometry": { "type": "Polygon", "coordinates": [ [ [ -78.6214, 38.0778 ], [ -78.6212, 38.0823 ], [ -78.6155, 38.0822 ], [ -78.6157, 38.0777 ], [ -78.6214, 38.0778 ] ] ] } },
{ "type": "Feature", "properties": { "factor_fine": 0.998 }, "geometry": { "type": "Polygon", "coordinates": [ [ [ -78.6157, 38.0777 ], [ -78.6155, 38.0822 ], [ -78.6098, 38.0821 ], [ -78.61, 38.0776 ], [ -78.6157, 38.0777 ] ] ] } },
{ "type": "Feature", "properties": { "factor_fine": 0.999 }, "geometry": { "type": "Polygon", "coordinates": [ [ [ -78.61, 38.0776 ], [ -78.6098, 38.0821 ], [ -78.6041, 38.0819 ], [ -78.6043, 38.0774 ], [ -78.61, 38.0776 ] ] ] } },
{ "type": "Feature", "properties": { "factor_fine": 1.017 }, "geometry": { "type": "Polygon", "coordinates": [ [ [ -78.6043, 38.0774 ], [ -78.6041, 38.0819 ], [ -78.5985, 38.0818 ], [ -78.5986, 38.0773 ], [ -78.6043, 38.0774 ] ] ] } },
{ "type": "Feature", "properties": { "factor_fine": 1.039 }, "geometry": { "type": "Polygon", "coordinates": [ [ [ -78.5986, 38.0773 ], [ -78.5985, 38.0818 ], [ -78.5928, 38.0817 ], [ -78.5929, 38.0772 ], [ -78.5986, 38.0773 ] ] ] } },
{ "type": "Feature", "properties": { "factor_fine": 1.06 }, "geometry": { "type": "Polygon", "coordinates": [ [ [ -78.5929, 38.0772 ], [ -78.5928, 38.0817 ], [ -78.5871, 38.0816 ], [ -78.5872, 38.0771 ], [ -78.5929, 38.0772 ] ] ] } },
{ "type": "Feature", "properties": { "factor_fine": 1.078 }, "geometry": { "type": "Polygon", "coordinates": [ [ [ -78.5872, 38.0771 ], [ -78.5871, 38.0816 ], [ -78.5814, 38.0815 ], [ -78.5815, 38.077 ], [ -78.5872, 38.0771 ] ] ] } },
{ "type": "Feature", "properties": { "factor_fine": 1.095 }, "geometry": { "type": "Polygon", "coordinates": [ [ [ -78.5815, 38.077 ], [ -78.5814, 38.0815 ], [ -78.5757, 38.0814 ], [ -78.5758, 38.0769 ], [ -78.5815, 38.077 ] ] ] } },
{ "type": "Feature", "properties": { "factor_fine": 1.113 }, "geometry": { "type": "Polygon", "coordinates": [ [ [ -78.5758, 38.0769 ], [ -78.5757, 38.0814 ], [ -78.57, 38.0812 ], [ -78.5701, 38.0767 ], [ -78.5758, 38.0769 ] ] ] } },
{ "type": "Feature", "properties": { "factor_fine": 1.138 }, "geometry": { "type": "Polygon", "coordinates": [ [ [ -78.5701, 38.0767 ], [ -78.57, 38.0812 ], [ -78.5643, 38.0811 ], [ -78.5644, 38.0766 ], [ -78.5701, 38.0767 ] ] ] } },
{ "type": "Feature", "properties": { "factor_fine": 1.176 }, "geometry": { "type": "Polygon", "coordinates": [ [ [ -78.5644, 38.0766 ], [ -78.5643, 38.0811 ], [ -78.5586, 38.081 ], [ -78.5587, 38.0765 ], [ -78.5644, 38.0766 ] ] ] } },
{ "type": "Feature", "properties": { "factor_fine": 1.215 }, "geometry": { "type": "Polygon", "coordinates": [ [ [ -78.5587, 38.0765 ], [ -78.5586, 38.081 ], [ -78.5529, 38.0809 ], [ -78.553, 38.0764 ], [ -78.5587, 38.0765 ] ] ] } },
{ "type": "Feature", "properties": { "factor_fine": 1.219 }, "geometry": { "type": "Polygon", "coordinates": [ [ [ -78.553, 38.0764 ], [ -78.5529, 38.0809 ], [ -78.5472, 38.0808 ], [ -78.5473, 38.0763 ], [ -78.553, 38.0764 ] ] ] } },
{ "type": "Feature", "properties": { "factor_fine": 1.207 }, "geometry": { "type": "Polygon", "coordinates": [ [ [ -78.5473, 38.0763 ], [ -78.5472, 38.0808 ], [ -78.5415, 38.0807 ], [ -78.5416, 38.0762 ], [ -78.5473, 38.0763 ] ] ] } },
{ "type": "Feature", "properties": { "factor_fine": 1.19 }, "geometry": { "type": "Polygon", "coordinates": [ [ [ -78.5416, 38.0762 ], [ -78.5415, 38.0807 ], [ -78.5358, 38.0805 ], [ -78.5359, 38.076 ], [ -78.5416, 38.0762 ] ] ] } },
{ "type": "Feature", "properties": { "factor_fine": 1.159 }, "geometry": { "type": "Polygon", "coordinates": [ [ [ -78.5359, 38.076 ], [ -78.5358, 38.0805 ], [ -78.5301, 38.0804 ], [ -78.5303, 38.0759 ], [ -78.5359, 38.076 ] ] ] } },
{ "type": "Feature", "properties": { "factor_fine": 1.103 }, "geometry": { "type": "Polygon", "coordinates": [ [ [ -78.5303, 38.0759 ], [ -78.5301, 38.0804 ], [ -78.5244, 38.0803 ], [ -78.5246, 38.0758 ], [ -78.5303, 38.0759 ] ] ] } },
{ "type": "Feature", "properties": { "factor_fine": 1.033 }, "geometry": { "type": "Polygon", "coordinates": [ [ [ -78.5246, 38.0758 ], [ -78.5244, 38.0803 ], [ -78.5187, 38.0802 ], [ -78.5189, 38.0757 ], [ -78.5246, 38.0758 ] ] ] } },
{ "type": "Feature", "properties": { "factor_fine": 0.981 }, "geometry": { "type": "Polygon", "coordinates": [ [ [ -78.5189, 38.0757 ], [ -78.5187, 38.0802 ], [ -78.513, 38.0801 ], [ -78.5132, 38.0756 ], [ -78.5189, 38.0757 ] ] ] } },
{ "type": "Feature", "properties": { "factor_fine": 0.948 }, "geometry": { "type": "Polygon", "coordinates": [ [ [ -78.5132, 38.0756 ], [ -78.513, 38.0801 ], [ -78.5073, 38.0799 ], [ -78.5075, 38.0754 ], [ -78.5132, 38.0756 ] ] ] } },
{ "type": "Feature", "properties": { "factor_fine": 0.928 }, "geometry": { "type": "Polygon", "coordinates": [ [ [ -78.5075, 38.0754 ], [ -78.5073, 38.0799 ], [ -78.5016, 38.0798 ], [ -78.5018, 38.0753 ], [ -78.5075, 38.0754 ] ] ] } },
{ "type": "Feature", "properties": { "factor_fine": 0.922 }, "geometry": { "type": "Polygon", "coordinates": [ [ [ -78.5018, 38.0753 ], [ -78.5016, 38.0798 ], [ -78.4959, 38.0797 ], [ -78.4961, 38.0752 ], [ -78.5018, 38.0753 ] ] ] } },
{ "type": "Feature", "properties": { "factor_fine": 0.928 }, "geometry": { "type": "Polygon", "coordinates": [ [ [ -78.4961, 38.0752 ], [ -78.4959, 38.0797 ], [ -78.4902, 38.0796 ], [ -78.4904, 38.0751 ], [ -78.4961, 38.0752 ] ] ] } },
{ "type": "Feature", "properties": { "factor_fine": 0.944 }, "geometry": { "type": "Polygon", "coordinates": [ [ [ -78.4904, 38.0751 ], [ -78.4902, 38.0796 ], [ -78.4845, 38.0794 ], [ -78.4847, 38.0749 ], [ -78.4904, 38.0751 ] ] ] } },
{ "type": "Feature", "properties": { "factor_fine": 0.965 }, "geometry": { "type": "Polygon", "coordinates": [ [ [ -78.4847, 38.0749 ], [ -78.4845, 38.0794 ], [ -78.4788, 38.0793 ], [ -78.479, 38.0748 ], [ -78.4847, 38.0749 ] ] ] } },
{ "type": "Feature", "properties": { "factor_fine": 0.988 }, "geometry": { "type": "Polygon", "coordinates": [ [ [ -78.479, 38.0748 ], [ -78.4788, 38.0793 ], [ -78.4731, 38.0792 ], [ -78.4733, 38.0747 ], [ -78.479, 38.0748 ] ] ] } },
{ "type": "Feature", "properties": { "factor_fine": 1.013 }, "geometry": { "type": "Polygon", "coordinates": [ [ [ -78.4733, 38.0747 ], [ -78.4731, 38.0792 ], [ -78.4674, 38.0791 ], [ -78.4676, 38.0746 ], [ -78.4733, 38.0747 ] ] ] } },
{ "type": "Feature", "properties": { "factor_fine": 1.041 }, "geometry": { "type": "Polygon", "coordinates": [ [ [ -78.4676, 38.0746 ], [ -78.4674, 38.0791 ], [ -78.4618, 38.079 ], [ -78.4619, 38.0745 ], [ -78.4676, 38.0746 ] ] ] } },
{ "type": "Feature", "properties": { "factor_fine": 1.066 }, "geometry": { "type": "Polygon", "coordinates": [ [ [ -78.4619, 38.0745 ], [ -78.4618, 38.079 ], [ -78.4561, 38.0788 ], [ -78.4562, 38.0743 ], [ -78.4619, 38.0745 ] ] ] } },
{ "type": "Feature", "properties": { "factor_fine": 1.083 }, "geometry": { "type": "Polygon", "coordinates": [ [ [ -78.4562, 38.0743 ], [ -78.4561, 38.0788 ], [ -78.4504, 38.0787 ], [ -78.4505, 38.0742 ], [ -78.4562, 38.0743 ] ] ] } },
{ "type": "Feature", "properties": { "factor_fine": 1.094 }, "geometry": { "type": "Polygon", "coordinates": [ [ [ -78.4505, 38.0742 ], [ -78.4504, 38.0787 ], [ -78.4447, 38.0786 ], [ -78.4448, 38.0741 ], [ -78.4505, 38.0742 ] ] ] } },
{ "type": "Feature", "properties": { "factor_fine": 1.098 }, "geometry": { "type": "Polygon", "coordinates": [ [ [ -78.4448, 38.0741 ], [ -78.4447, 38.0786 ], [ -78.439, 38.0785 ], [ -78.4391, 38.074 ], [ -78.4448, 38.0741 ] ] ] } },
{ "type": "Feature", "properties": { "factor_fine": 1.09 }, "geometry": { "type": "Polygon", "coordinates": [ [ [ -78.4391, 38.074 ], [ -78.439, 38.0785 ], [ -78.4333, 38.0783 ], [ -78.4334, 38.0738 ], [ -78.4391, 38.074 ] ] ] } },
{ "type": "Feature", "properties": { "factor_fine": 1.052 }, "geometry": { "type": "Polygon", "coordinates": [ [ [ -78.4334, 38.0738 ], [ -78.4333, 38.0783 ], [ -78.4276, 38.0782 ], [ -78.4277, 38.0737 ], [ -78.4334, 38.0738 ] ] ] } },
{ "type": "Feature", "properties": { "factor_fine": 0.986 }, "geometry": { "type": "Polygon", "coordinates": [ [ [ -78.4277, 38.0737 ], [ -78.4276, 38.0782 ], [ -78.4219, 38.0781 ], [ -78.422, 38.0736 ], [ -78.4277, 38.0737 ] ] ] } },
{ "type": "Feature", "properties": { "factor_fine": 0.945 }, "geometry": { "type": "Polygon", "coordinates": [ [ [ -78.422, 38.0736 ], [ -78.4219, 38.0781 ], [ -78.4162, 38.078 ], [ -78.4163, 38.0735 ], [ -78.422, 38.0736 ] ] ] } },
{ "type": "Feature", "properties": { "factor_fine": 0.936 }, "geometry": { "type": "Polygon", "coordinates": [ [ [ -78.4163, 38.0735 ], [ -78.4162, 38.078 ], [ -78.4105, 38.0778 ], [ -78.4107, 38.0733 ], [ -78.4163, 38.0735 ] ] ] } },
{ "type": "Feature", "properties": { "factor_fine": 0.938 }, "geometry": { "type": "Polygon", "coordinates": [ [ [ -78.4107, 38.0733 ], [ -78.4105, 38.0778 ], [ -78.4048, 38.0777 ], [ -78.405, 38.0732 ], [ -78.4107, 38.0733 ] ] ] } },
{ "type": "Feature", "properties": { "factor_fine": 0.944 }, "geometry": { "type": "Polygon", "coordinates": [ [ [ -78.405, 38.0732 ], [ -78.4048, 38.0777 ], [ -78.3991, 38.0776 ], [ -78.3993, 38.0731 ], [ -78.405, 38.0732 ] ] ] } },
{ "type": "Feature", "properties": { "factor_fine": 0.953 }, "geometry": { "type": "Polygon", "coordinates": [ [ [ -78.3993, 38.0731 ], [ -78.3991, 38.0776 ], [ -78.3934, 38.0775 ], [ -78.3936, 38.073 ], [ -78.3993, 38.0731 ] ] ] } },
{ "type": "Feature", "properties": { "factor_fine": 0.957 }, "geometry": { "type": "Polygon", "coordinates": [ [ [ -78.2797, 38.0704 ], [ -78.2795, 38.0749 ], [ -78.2738, 38.0747 ], [ -78.274, 38.0702 ], [ -78.2797, 38.0704 ] ] ] } },
{ "type": "Feature", "properties": { "factor_fine": 0.997 }, "geometry": { "type": "Polygon", "coordinates": [ [ [ -78.274, 38.0702 ], [ -78.2738, 38.0747 ], [ -78.2681, 38.0746 ], [ -78.2683, 38.0701 ], [ -78.274, 38.0702 ] ] ] } },
{ "type": "Feature", "properties": { "factor_fine": 1.01 }, "geometry": { "type": "Polygon", "coordinates": [ [ [ -78.2683, 38.0701 ], [ -78.2681, 38.0746 ], [ -78.2624, 38.0745 ], [ -78.2626, 38.07 ], [ -78.2683, 38.0701 ] ] ] } },
{ "type": "Feature", "properties": { "factor_fine": 0.844 }, "geometry": { "type": "Polygon", "coordinates": [ [ [ -78.7409, 38.0847 ], [ -78.7407, 38.0892 ], [ -78.735, 38.0891 ], [ -78.7352, 38.0845 ], [ -78.7409, 38.0847 ] ] ] } },
{ "type": "Feature", "properties": { "factor_fine": 0.876 }, "geometry": { "type": "Polygon", "coordinates": [ [ [ -78.7352, 38.0845 ], [ -78.735, 38.0891 ], [ -78.7293, 38.0889 ], [ -78.7295, 38.0844 ], [ -78.7352, 38.0845 ] ] ] } },
{ "type": "Feature", "properties": { "factor_fine": 0.917 }, "geometry": { "type": "Polygon", "coordinates": [ [ [ -78.7295, 38.0844 ], [ -78.7293, 38.0889 ], [ -78.7236, 38.0888 ], [ -78.7238, 38.0843 ], [ -78.7295, 38.0844 ] ] ] } },
{ "type": "Feature", "properties": { "factor_fine": 0.95 }, "geometry": { "type": "Polygon", "coordinates": [ [ [ -78.7238, 38.0843 ], [ -78.7236, 38.0888 ], [ -78.7179, 38.0887 ], [ -78.7181, 38.0842 ], [ -78.7238, 38.0843 ] ] ] } },
{ "type": "Feature", "properties": { "factor_fine": 0.968 }, "geometry": { "type": "Polygon", "coordinates": [ [ [ -78.7181, 38.0842 ], [ -78.7179, 38.0887 ], [ -78.7122, 38.0886 ], [ -78.7124, 38.0841 ], [ -78.7181, 38.0842 ] ] ] } },
{ "type": "Feature", "properties": { "factor_fine": 0.978 }, "geometry": { "type": "Polygon", "coordinates": [ [ [ -78.7124, 38.0841 ], [ -78.7122, 38.0886 ], [ -78.7065, 38.0885 ], [ -78.7067, 38.084 ], [ -78.7124, 38.0841 ] ] ] } },
{ "type": "Feature", "properties": { "factor_fine": 0.989 }, "geometry": { "type": "Polygon", "coordinates": [ [ [ -78.7067, 38.084 ], [ -78.7065, 38.0885 ], [ -78.7008, 38.0884 ], [ -78.701, 38.0839 ], [ -78.7067, 38.084 ] ] ] } },
{ "type": "Feature", "properties": { "factor_fine": 1.004 }, "geometry": { "type": "Polygon", "coordinates": [ [ [ -78.701, 38.0839 ], [ -78.7008, 38.0884 ], [ -78.6952, 38.0883 ], [ -78.6953, 38.0838 ], [ -78.701, 38.0839 ] ] ] } },
{ "type": "Feature", "properties": { "factor_fine": 1.027 }, "geometry": { "type": "Polygon", "coordinates": [ [ [ -78.6953, 38.0838 ], [ -78.6952, 38.0883 ], [ -78.6895, 38.0882 ], [ -78.6896, 38.0837 ], [ -78.6953, 38.0838 ] ] ] } },
{ "type": "Feature", "properties": { "factor_fine": 1.053 }, "geometry": { "type": "Polygon", "coordinates": [ [ [ -78.6896, 38.0837 ], [ -78.6895, 38.0882 ], [ -78.6838, 38.0881 ], [ -78.6839, 38.0835 ], [ -78.6896, 38.0837 ] ] ] } },
{ "type": "Feature", "properties": { "factor_fine": 1.059 }, "geometry": { "type": "Polygon", "coordinates": [ [ [ -78.6839, 38.0835 ], [ -78.6838, 38.0881 ], [ -78.6781, 38.0879 ], [ -78.6782, 38.0834 ], [ -78.6839, 38.0835 ] ] ] } },
{ "type": "Feature", "properties": { "factor_fine": 1.023 }, "geometry": { "type": "Polygon", "coordinates": [ [ [ -78.6782, 38.0834 ], [ -78.6781, 38.0879 ], [ -78.6724, 38.0878 ], [ -78.6725, 38.0833 ], [ -78.6782, 38.0834 ] ] ] } },
{ "type": "Feature", "properties": { "factor_fine": 0.974 }, "geometry": { "type": "Polygon", "coordinates": [ [ [ -78.6725, 38.0833 ], [ -78.6724, 38.0878 ], [ -78.6667, 38.0877 ], [ -78.6668, 38.0832 ], [ -78.6725, 38.0833 ] ] ] } },
{ "type": "Feature", "properties": { "factor_fine": 0.946 }, "geometry": { "type": "Polygon", "coordinates": [ [ [ -78.6668, 38.0832 ], [ -78.6667, 38.0877 ], [ -78.661, 38.0876 ], [ -78.6611, 38.0831 ], [ -78.6668, 38.0832 ] ] ] } },
{ "type": "Feature", "properties": { "factor_fine": 0.939 }, "geometry": { "type": "Polygon", "coordinates": [ [ [ -78.6611, 38.0831 ], [ -78.661, 38.0876 ], [ -78.6553, 38.0875 ], [ -78.6554, 38.083 ], [ -78.6611, 38.0831 ] ] ] } },
{ "type": "Feature", "properties": { "factor_fine": 0.946 }, "geometry": { "type": "Polygon", "coordinates": [ [ [ -78.6554, 38.083 ], [ -78.6553, 38.0875 ], [ -78.6496, 38.0874 ], [ -78.6497, 38.0829 ], [ -78.6554, 38.083 ] ] ] } },
{ "type": "Feature", "properties": { "factor_fine": 0.965 }, "geometry": { "type": "Polygon", "coordinates": [ [ [ -78.6497, 38.0829 ], [ -78.6496, 38.0874 ], [ -78.6439, 38.0873 ], [ -78.644, 38.0828 ], [ -78.6497, 38.0829 ] ] ] } },
{ "type": "Feature", "properties": { "factor_fine": 1.0 }, "geometry": { "type": "Polygon", "coordinates": [ [ [ -78.644, 38.0828 ], [ -78.6439, 38.0873 ], [ -78.6382, 38.0871 ], [ -78.6383, 38.0826 ], [ -78.644, 38.0828 ] ] ] } },
{ "type": "Feature", "properties": { "factor_fine": 1.032 }, "geometry": { "type": "Polygon", "coordinates": [ [ [ -78.6383, 38.0826 ], [ -78.6382, 38.0871 ], [ -78.6325, 38.087 ], [ -78.6326, 38.0825 ], [ -78.6383, 38.0826 ] ] ] } },
{ "type": "Feature", "properties": { "factor_fine": 1.031 }, "geometry": { "type": "Polygon", "coordinates": [ [ [ -78.6326, 38.0825 ], [ -78.6325, 38.087 ], [ -78.6268, 38.0869 ], [ -78.6269, 38.0824 ], [ -78.6326, 38.0825 ] ] ] } },
{ "type": "Feature", "properties": { "factor_fine": 1.008 }, "geometry": { "type": "Polygon", "coordinates": [ [ [ -78.6269, 38.0824 ], [ -78.6268, 38.0869 ], [ -78.6211, 38.0868 ], [ -78.6212, 38.0823 ], [ -78.6269, 38.0824 ] ] ] } },
{ "type": "Feature", "properties": { "factor_fine": 0.982 }, "geometry": { "type": "Polygon", "coordinates": [ [ [ -78.6212, 38.0823 ], [ -78.6211, 38.0868 ], [ -78.6154, 38.0867 ], [ -78.6155, 38.0822 ], [ -78.6212, 38.0823 ] ] ] } },
{ "type": "Feature", "properties": { "factor_fine": 0.967 }, "geometry": { "type": "Polygon", "coordinates": [ [ [ -78.6155, 38.0822 ], [ -78.6154, 38.0867 ], [ -78.6097, 38.0866 ], [ -78.6098, 38.0821 ], [ -78.6155, 38.0822 ] ] ] } },
{ "type": "Feature", "properties": { "factor_fine": 0.972 }, "geometry": { "type": "Polygon", "coordinates": [ [ [ -78.6098, 38.0821 ], [ -78.6097, 38.0866 ], [ -78.604, 38.0865 ], [ -78.6041, 38.0819 ], [ -78.6098, 38.0821 ] ] ] } },
{ "type": "Feature", "properties": { "factor_fine": 0.994 }, "geometry": { "type": "Polygon", "coordinates": [ [ [ -78.6041, 38.0819 ], [ -78.604, 38.0865 ], [ -78.5983, 38.0863 ], [ -78.5985, 38.0818 ], [ -78.6041, 38.0819 ] ] ] } },
{ "type": "Feature", "properties": { "factor_fine": 1.02 }, "geometry": { "type": "Polygon", "coordinates": [ [ [ -78.5985, 38.0818 ], [ -78.5983, 38.0863 ], [ -78.5926, 38.0862 ], [ -78.5928, 38.0817 ], [ -78.5985, 38.0818 ] ] ] } },
{ "type": "Feature", "properties": { "factor_fine": 1.044 }, "geometry": { "type": "Polygon", "coordinates": [ [ [ -78.5928, 38.0817 ], [ -78.5926, 38.0862 ], [ -78.5869, 38.0861 ], [ -78.5871, 38.0816 ], [ -78.5928, 38.0817 ] ] ] } },
{ "type": "Feature", "properties": { "factor_fine": 1.061 }, "geometry": { "type": "Polygon", "coordinates": [ [ [ -78.5871, 38.0816 ], [ -78.5869, 38.0861 ], [ -78.5812, 38.086 ], [ -78.5814, 38.0815 ], [ -78.5871, 38.0816 ] ] ] } },
{ "type": "Feature", "properties": { "factor_fine": 1.075 }, "geometry": { "type": "Polygon", "coordinates": [ [ [ -78.5814, 38.0815 ], [ -78.5812, 38.086 ], [ -78.5755, 38.0859 ], [ -78.5757, 38.0814 ], [ -78.5814, 38.0815 ] ] ] } },
{ "type": "Feature", "properties": { "factor_fine": 1.091 }, "geometry": { "type": "Polygon", "coordinates": [ [ [ -78.5757, 38.0814 ], [ -78.5755, 38.0859 ], [ -78.5698, 38.0857 ], [ -78.57, 38.0812 ], [ -78.5757, 38.0814 ] ] ] } },
{ "type": "Feature", "properties": { "factor_fine": 1.114 }, "geometry": { "type": "Polygon", "coordinates": [ [ [ -78.57, 38.0812 ], [ -78.5698, 38.0857 ], [ -78.5641, 38.0856 ], [ -78.5643, 38.0811 ], [ -78.57, 38.0812 ] ] ] } },
{ "type": "Feature", "properties": { "factor_fine": 1.148 }, "geometry": { "type": "Polygon", "coordinates": [ [ [ -78.5643, 38.0811 ], [ -78.5641, 38.0856 ], [ -78.5584, 38.0855 ], [ -78.5586, 38.081 ], [ -78.5643, 38.0811 ] ] ] } },
{ "type": "Feature", "properties": { "factor_fine": 1.168 }, "geometry": { "type": "Polygon", "coordinates": [ [ [ -78.5586, 38.081 ], [ -78.5584, 38.0855 ], [ -78.5527, 38.0854 ], [ -78.5529, 38.0809 ], [ -78.5586, 38.081 ] ] ] } },
{ "type": "Feature", "properties": { "factor_fine": 1.155 }, "geometry": { "type": "Polygon", "coordinates": [ [ [ -78.5529, 38.0809 ], [ -78.5527, 38.0854 ], [ -78.547, 38.0853 ], [ -78.5472, 38.0808 ], [ -78.5529, 38.0809 ] ] ] } },
{ "type": "Feature", "properties": { "factor_fine": 1.136 }, "geometry": { "type": "Polygon", "coordinates": [ [ [ -78.5472, 38.0808 ], [ -78.547, 38.0853 ], [ -78.5413, 38.0852 ], [ -78.5415, 38.0807 ], [ -78.5472, 38.0808 ] ] ] } },
{ "type": "Feature", "properties": { "factor_fine": 1.114 }, "geometry": { "type": "Polygon", "coordinates": [ [ [ -78.5415, 38.0807 ], [ -78.5413, 38.0852 ], [ -78.5356, 38.085 ], [ -78.5358, 38.0805 ], [ -78.5415, 38.0807 ] ] ] } },
{ "type": "Feature", "properties": { "factor_fine": 1.084 }, "geometry": { "type": "Polygon", "coordinates": [ [ [ -78.5358, 38.0805 ], [ -78.5356, 38.085 ], [ -78.5299, 38.0849 ], [ -78.5301, 38.0804 ], [ -78.5358, 38.0805 ] ] ] } },
{ "type": "Feature", "properties": { "factor_fine": 1.048 }, "geometry": { "type": "Polygon", "coordinates": [ [ [ -78.5301, 38.0804 ], [ -78.5299, 38.0849 ], [ -78.5243, 38.0848 ], [ -78.5244, 38.0803 ], [ -78.5301, 38.0804 ] ] ] } },
{ "type": "Feature", "properties": { "factor_fine": 1.01 }, "geometry": { "type": "Polygon", "coordinates": [ [ [ -78.5244, 38.0803 ], [ -78.5243, 38.0848 ], [ -78.5186, 38.0847 ], [ -78.5187, 38.0802 ], [ -78.5244, 38.0803 ] ] ] } },
{ "type": "Feature", "properties": { "factor_fine": 0.975 }, "geometry": { "type": "Polygon", "coordinates": [ [ [ -78.5187, 38.0802 ], [ -78.5186, 38.0847 ], [ -78.5129, 38.0846 ], [ -78.513, 38.0801 ], [ -78.5187, 38.0802 ] ] ] } },
{ "type": "Feature", "properties": { "factor_fine": 0.949 }, "geometry": { "type": "Polygon", "coordinates": [ [ [ -78.513, 38.0801 ], [ -78.5129, 38.0846 ], [ -78.5072, 38.0844 ], [ -78.5073, 38.0799 ], [ -78.513, 38.0801 ] ] ] } },
{ "type": "Feature", "properties": { "factor_fine": 0.936 }, "geometry": { "type": "Polygon", "coordinates": [ [ [ -78.5073, 38.0799 ], [ -78.5072, 38.0844 ], [ -78.5015, 38.0843 ], [ -78.5016, 38.0798 ], [ -78.5073, 38.0799 ] ] ] } },
{ "type": "Feature", "properties": { "factor_fine": 0.933 }, "geometry": { "type": "Polygon", "coordinates": [ [ [ -78.5016, 38.0798 ], [ -78.5015, 38.0843 ], [ -78.4958, 38.0842 ], [ -78.4959, 38.0797 ], [ -78.5016, 38.0798 ] ] ] } },
{ "type": "Feature", "properties": { "factor_fine": 0.939 }, "geometry": { "type": "Polygon", "coordinates": [ [ [ -78.4959, 38.0797 ], [ -78.4958, 38.0842 ], [ -78.4901, 38.0841 ], [ -78.4902, 38.0796 ], [ -78.4959, 38.0797 ] ] ] } },
{ "type": "Feature", "properties": { "factor_fine": 0.95 }, "geometry": { "type": "Polygon", "coordinates": [ [ [ -78.4902, 38.0796 ], [ -78.4901, 38.0841 ], [ -78.4844, 38.084 ], [ -78.4845, 38.0794 ], [ -78.4902, 38.0796 ] ] ] } },
{ "type": "Feature", "properties": { "factor_fine": 0.964 }, "geometry": { "type": "Polygon", "coordinates": [ [ [ -78.4845, 38.0794 ], [ -78.4844, 38.084 ], [ -78.4787, 38.0838 ], [ -78.4788, 38.0793 ], [ -78.4845, 38.0794 ] ] ] } },
{ "type": "Feature", "properties": { "factor_fine": 0.982 }, "geometry": { "type": "Polygon", "coordinates": [ [ [ -78.4788, 38.0793 ], [ -78.4787, 38.0838 ], [ -78.473, 38.0837 ], [ -78.4731, 38.0792 ], [ -78.4788, 38.0793 ] ] ] } },
{ "type": "Feature", "properties": { "factor_fine": 1.003 }, "geometry": { "type": "Polygon", "coordinates": [ [ [ -78.4731, 38.0792 ], [ -78.473, 38.0837 ], [ -78.4673, 38.0836 ], [ -78.4674, 38.0791 ], [ -78.4731, 38.0792 ] ] ] } },
{ "type": "Feature", "properties": { "factor_fine": 1.025 }, "geometry": { "type": "Polygon", "coordinates": [ [ [ -78.4674, 38.0791 ], [ -78.4673, 38.0836 ], [ -78.4616, 38.0835 ], [ -78.4618, 38.079 ], [ -78.4674, 38.0791 ] ] ] } },
{ "type": "Feature", "properties": { "factor_fine": 1.045 }, "geometry": { "type": "Polygon", "coordinates": [ [ [ -78.4618, 38.079 ], [ -78.4616, 38.0835 ], [ -78.4559, 38.0833 ], [ -78.4561, 38.0788 ], [ -78.4618, 38.079 ] ] ] } },
{ "type": "Feature", "properties": { "factor_fine": 1.061 }, "geometry": { "type": "Polygon", "coordinates": [ [ [ -78.4561, 38.0788 ], [ -78.4559, 38.0833 ], [ -78.4502, 38.0832 ], [ -78.4504, 38.0787 ], [ -78.4561, 38.0788 ] ] ] } },
{ "type": "Feature", "properties": { "factor_fine": 1.071 }, "geometry": { "type": "Polygon", "coordinates": [ [ [ -78.4504, 38.0787 ], [ -78.4502, 38.0832 ], [ -78.4445, 38.0831 ], [ -78.4447, 38.0786 ], [ -78.4504, 38.0787 ] ] ] } },
{ "type": "Feature", "properties": { "factor_fine": 1.071 }, "geometry": { "type": "Polygon", "coordinates": [ [ [ -78.4447, 38.0786 ], [ -78.4445, 38.0831 ], [ -78.4388, 38.083 ], [ -78.439, 38.0785 ], [ -78.4447, 38.0786 ] ] ] } },
{ "type": "Feature", "properties": { "factor_fine": 1.054 }, "geometry": { "type": "Polygon", "coordinates": [ [ [ -78.439, 38.0785 ], [ -78.4388, 38.083 ], [ -78.4331, 38.0828 ], [ -78.4333, 38.0783 ], [ -78.439, 38.0785 ] ] ] } },
{ "type": "Feature", "properties": { "factor_fine": 1.003 }, "geometry": { "type": "Polygon", "coordinates": [ [ [ -78.4333, 38.0783 ], [ -78.4331, 38.0828 ], [ -78.4274, 38.0827 ], [ -78.4276, 38.0782 ], [ -78.4333, 38.0783 ] ] ] } },
{ "type": "Feature", "properties": { "factor_fine": 0.938 }, "geometry": { "type": "Polygon", "coordinates": [ [ [ -78.4276, 38.0782 ], [ -78.4274, 38.0827 ], [ -78.4217, 38.0826 ], [ -78.4219, 38.0781 ], [ -78.4276, 38.0782 ] ] ] } },
{ "type": "Feature", "properties": { "factor_fine": 0.907 }, "geometry": { "type": "Polygon", "coordinates": [ [ [ -78.4219, 38.0781 ], [ -78.4217, 38.0826 ], [ -78.416, 38.0825 ], [ -78.4162, 38.078 ], [ -78.4219, 38.0781 ] ] ] } },
{ "type": "Feature", "properties": { "factor_fine": 0.902 }, "geometry": { "type": "Polygon", "coordinates": [ [ [ -78.4162, 38.078 ], [ -78.416, 38.0825 ], [ -78.4103, 38.0823 ], [ -78.4105, 38.0778 ], [ -78.4162, 38.078 ] ] ] } },
{ "type": "Feature", "properties": { "factor_fine": 0.903 }, "geometry": { "type": "Polygon", "coordinates": [ [ [ -78.4105, 38.0778 ], [ -78.4103, 38.0823 ], [ -78.4046, 38.0822 ], [ -78.4048, 38.0777 ], [ -78.4105, 38.0778 ] ] ] } },
{ "type": "Feature", "properties": { "factor_fine": 0.906 }, "geometry": { "type": "Polygon", "coordinates": [ [ [ -78.4048, 38.0777 ], [ -78.4046, 38.0822 ], [ -78.3989, 38.0821 ], [ -78.3991, 38.0776 ], [ -78.4048, 38.0777 ] ] ] } },
{ "type": "Feature", "properties": { "factor_fine": 0.914 }, "geometry": { "type": "Polygon", "coordinates": [ [ [ -78.3991, 38.0776 ], [ -78.3989, 38.0821 ], [ -78.3932, 38.082 ], [ -78.3934, 38.0775 ], [ -78.3991, 38.0776 ] ] ] } },
{ "type": "Feature", "properties": { "factor_fine": 0.927 }, "geometry": { "type": "Polygon", "coordinates": [ [ [ -78.3934, 38.0775 ], [ -78.3932, 38.082 ], [ -78.3876, 38.0818 ], [ -78.3877, 38.0773 ], [ -78.3934, 38.0775 ] ] ] } },
{ "type": "Feature", "properties": { "factor_fine": 0.921 }, "geometry": { "type": "Polygon", "coordinates": [ [ [ -78.2795, 38.0749 ], [ -78.2793, 38.0794 ], [ -78.2737, 38.0792 ], [ -78.2738, 38.0747 ], [ -78.2795, 38.0749 ] ] ] } },
{ "type": "Feature", "properties": { "factor_fine": 0.971 }, "geometry": { "type": "Polygon", "coordinates": [ [ [ -78.2738, 38.0747 ], [ -78.2737, 38.0792 ], [ -78.268, 38.0791 ], [ -78.2681, 38.0746 ], [ -78.2738, 38.0747 ] ] ] } },
{ "type": "Feature", "properties": { "factor_fine": 0.819 }, "geometry": { "type": "Polygon", "coordinates": [ [ [ -78.7407, 38.0892 ], [ -78.7406, 38.0937 ], [ -78.7349, 38.0936 ], [ -78.735, 38.0891 ], [ -78.7407, 38.0892 ] ] ] } },
{ "type": "Feature", "properties": { "factor_fine": 0.827 }, "geometry": { "type": "Polygon", "coordinates": [ [ [ -78.735, 38.0891 ], [ -78.7349, 38.0936 ], [ -78.7292, 38.0934 ], [ -78.7293, 38.0889 ], [ -78.735, 38.0891 ] ] ] } },
{ "type": "Feature", "properties": { "factor_fine": 0.848 }, "geometry": { "type": "Polygon", "coordinates": [ [ [ -78.7293, 38.0889 ], [ -78.7292, 38.0934 ], [ -78.7235, 38.0933 ], [ -78.7236, 38.0888 ], [ -78.7293, 38.0889 ] ] ] } },
{ "type": "Feature", "properties": { "factor_fine": 0.888 }, "geometry": { "type": "Polygon", "coordinates": [ [ [ -78.7236, 38.0888 ], [ -78.7235, 38.0933 ], [ -78.7178, 38.0932 ], [ -78.7179, 38.0887 ], [ -78.7236, 38.0888 ] ] ] } },
{ "type": "Feature", "properties": { "factor_fine": 0.933 }, "geometry": { "type": "Polygon", "coordinates": [ [ [ -78.7179, 38.0887 ], [ -78.7178, 38.0932 ], [ -78.7121, 38.0931 ], [ -78.7122, 38.0886 ], [ -78.7179, 38.0887 ] ] ] } },
{ "type": "Feature", "properties": { "factor_fine": 0.967 }, "geometry": { "type": "Polygon", "coordinates": [ [ [ -78.7122, 38.0886 ], [ -78.7121, 38.0931 ], [ -78.7064, 38.093 ], [ -78.7065, 38.0885 ], [ -78.7122, 38.0886 ] ] ] } },
{ "type": "Feature", "properties": { "factor_fine": 0.991 }, "geometry": { "type": "Polygon", "coordinates": [ [ [ -78.7065, 38.0885 ], [ -78.7064, 38.093 ], [ -78.7007, 38.0929 ], [ -78.7008, 38.0884 ], [ -78.7065, 38.0885 ] ] ] } },
{ "type": "Feature", "properties": { "factor_fine": 1.012 }, "geometry": { "type": "Polygon", "coordinates": [ [ [ -78.7008, 38.0884 ], [ -78.7007, 38.0929 ], [ -78.695, 38.0928 ], [ -78.6952, 38.0883 ], [ -78.7008, 38.0884 ] ] ] } },
{ "type": "Feature", "properties": { "factor_fine": 1.037 }, "geometry": { "type": "Polygon", "coordinates": [ [ [ -78.6952, 38.0883 ], [ -78.695, 38.0928 ], [ -78.6893, 38.0927 ], [ -78.6895, 38.0882 ], [ -78.6952, 38.0883 ] ] ] } },
{ "type": "Feature", "properties": { "factor_fine": 1.062 }, "geometry": { "type": "Polygon", "coordinates": [ [ [ -78.6895, 38.0882 ], [ -78.6893, 38.0927 ], [ -78.6836, 38.0926 ], [ -78.6838, 38.0881 ], [ -78.6895, 38.0882 ] ] ] } },
{ "type": "Feature", "properties": { "factor_fine": 1.064 }, "geometry": { "type": "Polygon", "coordinates": [ [ [ -78.6838, 38.0881 ], [ -78.6836, 38.0926 ], [ -78.6779, 38.0924 ], [ -78.6781, 38.0879 ], [ -78.6838, 38.0881 ] ] ] } },
{ "type": "Feature", "properties": { "factor_fine": 0.955 }, "geometry": { "type": "Polygon", "coordinates": [ [ [ -78.6724, 38.0878 ], [ -78.6722, 38.0923 ], [ -78.6665, 38.0922 ], [ -78.6667, 38.0877 ], [ -78.6724, 38.0878 ] ] ] } },
{ "type": "Feature", "properties": { "factor_fine": 0.933 }, "geometry": { "type": "Polygon", "coordinates": [ [ [ -78.6667, 38.0877 ], [ -78.6665, 38.0922 ], [ -78.6608, 38.0921 ], [ -78.661, 38.0876 ], [ -78.6667, 38.0877 ] ] ] } },
{ "type": "Feature", "properties": { "factor_fine": 0.935 }, "geometry": { "type": "Polygon", "coordinates": [ [ [ -78.661, 38.0876 ], [ -78.6608, 38.0921 ], [ -78.6551, 38.092 ], [ -78.6553, 38.0875 ], [ -78.661, 38.0876 ] ] ] } },
{ "type": "Feature", "properties": { "factor_fine": 0.95 }, "geometry": { "type": "Polygon", "coordinates": [ [ [ -78.6553, 38.0875 ], [ -78.6551, 38.092 ], [ -78.6494, 38.0919 ], [ -78.6496, 38.0874 ], [ -78.6553, 38.0875 ] ] ] } },
{ "type": "Feature", "properties": { "factor_fine": 0.977 }, "geometry": { "type": "Polygon", "coordinates": [ [ [ -78.6496, 38.0874 ], [ -78.6494, 38.0919 ], [ -78.6437, 38.0918 ], [ -78.6439, 38.0873 ], [ -78.6496, 38.0874 ] ] ] } },
{ "type": "Feature", "properties": { "factor_fine": 1.008 }, "geometry": { "type": "Polygon", "coordinates": [ [ [ -78.6439, 38.0873 ], [ -78.6437, 38.0918 ], [ -78.638, 38.0916 ], [ -78.6382, 38.0871 ], [ -78.6439, 38.0873 ] ] ] } },
{ "type": "Feature", "properties": { "factor_fine": 1.018 }, "geometry": { "type": "Polygon", "coordinates": [ [ [ -78.6382, 38.0871 ], [ -78.638, 38.0916 ], [ -78.6323, 38.0915 ], [ -78.6325, 38.087 ], [ -78.6382, 38.0871 ] ] ] } },
{ "type": "Feature", "properties": { "factor_fine": 1.0 }, "geometry": { "type": "Polygon", "coordinates": [ [ [ -78.6325, 38.087 ], [ -78.6323, 38.0915 ], [ -78.6266, 38.0914 ], [ -78.6268, 38.0869 ], [ -78.6325, 38.087 ] ] ] } },
{ "type": "Feature", "properties": { "factor_fine": 0.969 }, "geometry": { "type": "Polygon", "coordinates": [ [ [ -78.6268, 38.0869 ], [ -78.6266, 38.0914 ], [ -78.6209, 38.0913 ], [ -78.6211, 38.0868 ], [ -78.6268, 38.0869 ] ] ] } },
{ "type": "Feature", "properties": { "factor_fine": 0.943 }, "geometry": { "type": "Polygon", "coordinates": [ [ [ -78.6211, 38.0868 ], [ -78.6209, 38.0913 ], [ -78.6152, 38.0912 ], [ -78.6154, 38.0867 ], [ -78.6211, 38.0868 ] ] ] } },
{ "type": "Feature", "properties": { "factor_fine": 0.936 }, "geometry": { "type": "Polygon", "coordinates": [ [ [ -78.6154, 38.0867 ], [ -78.6152, 38.0912 ], [ -78.6096, 38.0911 ], [ -78.6097, 38.0866 ], [ -78.6154, 38.0867 ] ] ] } },
{ "type": "Feature", "properties": { "factor_fine": 0.949 }, "geometry": { "type": "Polygon", "coordinates": [ [ [ -78.6097, 38.0866 ], [ -78.6096, 38.0911 ], [ -78.6039, 38.091 ], [ -78.604, 38.0865 ], [ -78.6097, 38.0866 ] ] ] } },
{ "type": "Feature", "properties": { "factor_fine": 0.975 }, "geometry": { "type": "Polygon", "coordinates": [ [ [ -78.604, 38.0865 ], [ -78.6039, 38.091 ], [ -78.5982, 38.0908 ], [ -78.5983, 38.0863 ], [ -78.604, 38.0865 ] ] ] } },
{ "type": "Feature", "properties": { "factor_fine": 1.005 }, "geometry": { "type": "Polygon", "coordinates": [ [ [ -78.5983, 38.0863 ], [ -78.5982, 38.0908 ], [ -78.5925, 38.0907 ], [ -78.5926, 38.0862 ], [ -78.5983, 38.0863 ] ] ] } },
{ "type": "Feature", "properties": { "factor_fine": 1.029 }, "geometry": { "type": "Polygon", "coordinates": [ [ [ -78.5926, 38.0862 ], [ -78.5925, 38.0907 ], [ -78.5868, 38.0906 ], [ -78.5869, 38.0861 ], [ -78.5926, 38.0862 ] ] ] } },
{ "type": "Feature", "properties": { "factor_fine": 1.044 }, "geometry": { "type": "Polygon", "coordinates": [ [ [ -78.5869, 38.0861 ], [ -78.5868, 38.0906 ], [ -78.5811, 38.0905 ], [ -78.5812, 38.086 ], [ -78.5869, 38.0861 ] ] ] } },
{ "type": "Feature", "properties": { "factor_fine": 1.053 }, "geometry": { "type": "Polygon", "coordinates": [ [ [ -78.5812, 38.086 ], [ -78.5811, 38.0905 ], [ -78.5754, 38.0904 ], [ -78.5755, 38.0859 ], [ -78.5812, 38.086 ] ] ] } },
{ "type": "Feature", "properties": { "factor_fine": 1.062 }, "geometry": { "type": "Polygon", "coordinates": [ [ [ -78.5755, 38.0859 ], [ -78.5754, 38.0904 ], [ -78.5697, 38.0903 ], [ -78.5698, 38.0857 ], [ -78.5755, 38.0859 ] ] ] } },
{ "type": "Feature", "properties": { "factor_fine": 1.079 }, "geometry": { "type": "Polygon", "coordinates": [ [ [ -78.5698, 38.0857 ], [ -78.5697, 38.0903 ], [ -78.564, 38.0901 ], [ -78.5641, 38.0856 ], [ -78.5698, 38.0857 ] ] ] } },
{ "type": "Feature", "properties": { "factor_fine": 1.108 }, "geometry": { "type": "Polygon", "coordinates": [ [ [ -78.5641, 38.0856 ], [ -78.564, 38.0901 ], [ -78.5583, 38.09 ], [ -78.5584, 38.0855 ], [ -78.5641, 38.0856 ] ] ] } },
{ "type": "Feature", "properties": { "factor_fine": 1.128 }, "geometry": { "type": "Polygon", "coordinates": [ [ [ -78.5584, 38.0855 ], [ -78.5583, 38.09 ], [ -78.5526, 38.0899 ], [ -78.5527, 38.0854 ], [ -78.5584, 38.0855 ] ] ] } },
{ "type": "Feature", "properties": { "factor_fine": 1.123 }, "geometry": { "type": "Polygon", "coordinates": [ [ [ -78.5527, 38.0854 ], [ -78.5526, 38.0899 ], [ -78.5469, 38.0898 ], [ -78.547, 38.0853 ], [ -78.5527, 38.0854 ] ] ] } },
{ "type": "Feature", "properties": { "factor_fine": 1.104 }, "geometry": { "type": "Polygon", "coordinates": [ [ [ -78.547, 38.0853 ], [ -78.5469, 38.0898 ], [ -78.5412, 38.0897 ], [ -78.5413, 38.0852 ], [ -78.547, 38.0853 ] ] ] } },
{ "type": "Feature", "properties": { "factor_fine": 1.076 }, "geometry": { "type": "Polygon", "coordinates": [ [ [ -78.5413, 38.0852 ], [ -78.5412, 38.0897 ], [ -78.5355, 38.0895 ], [ -78.5356, 38.085 ], [ -78.5413, 38.0852 ] ] ] } },
{ "type": "Feature", "properties": { "factor_fine": 1.047 }, "geometry": { "type": "Polygon", "coordinates": [ [ [ -78.5356, 38.085 ], [ -78.5355, 38.0895 ], [ -78.5298, 38.0894 ], [ -78.5299, 38.0849 ], [ -78.5356, 38.085 ] ] ] } },
{ "type": "Feature", "properties": { "factor_fine": 1.022 }, "geometry": { "type": "Polygon", "coordinates": [ [ [ -78.5299, 38.0849 ], [ -78.5298, 38.0894 ], [ -78.5241, 38.0893 ], [ -78.5243, 38.0848 ], [ -78.5299, 38.0849 ] ] ] } },
{ "type": "Feature", "properties": { "factor_fine": 0.999 }, "geometry": { "type": "Polygon", "coordinates": [ [ [ -78.5243, 38.0848 ], [ -78.5241, 38.0893 ], [ -78.5184, 38.0892 ], [ -78.5186, 38.0847 ], [ -78.5243, 38.0848 ] ] ] } },
{ "type": "Feature", "properties": { "factor_fine": 0.975 }, "geometry": { "type": "Polygon", "coordinates": [ [ [ -78.5186, 38.0847 ], [ -78.5184, 38.0892 ], [ -78.5127, 38.0891 ], [ -78.5129, 38.0846 ], [ -78.5186, 38.0847 ] ] ] } },
{ "type": "Feature", "properties": { "factor_fine": 0.955 }, "geometry": { "type": "Polygon", "coordinates": [ [ [ -78.5129, 38.0846 ], [ -78.5127, 38.0891 ], [ -78.507, 38.0889 ], [ -78.5072, 38.0844 ], [ -78.5129, 38.0846 ] ] ] } },
{ "type": "Feature", "properties": { "factor_fine": 0.943 }, "geometry": { "type": "Polygon", "coordinates": [ [ [ -78.5072, 38.0844 ], [ -78.507, 38.0889 ], [ -78.5013, 38.0888 ], [ -78.5015, 38.0843 ], [ -78.5072, 38.0844 ] ] ] } },
{ "type": "Feature", "properties": { "factor_fine": 0.94 }, "geometry": { "type": "Polygon", "coordinates": [ [ [ -78.5015, 38.0843 ], [ -78.5013, 38.0888 ], [ -78.4956, 38.0887 ], [ -78.4958, 38.0842 ], [ -78.5015, 38.0843 ] ] ] } },
{ "type": "Feature", "properties": { "factor_fine": 0.944 }, "geometry": { "type": "Polygon", "coordinates": [ [ [ -78.4958, 38.0842 ], [ -78.4956, 38.0887 ], [ -78.4899, 38.0886 ], [ -78.4901, 38.0841 ], [ -78.4958, 38.0842 ] ] ] } },
{ "type": "Feature", "properties": { "factor_fine": 0.952 }, "geometry": { "type": "Polygon", "coordinates": [ [ [ -78.4901, 38.0841 ], [ -78.4899, 38.0886 ], [ -78.4842, 38.0885 ], [ -78.4844, 38.084 ], [ -78.4901, 38.0841 ] ] ] } },
{ "type": "Feature", "properties": { "factor_fine": 0.966 }, "geometry": { "type": "Polygon", "coordinates": [ [ [ -78.4844, 38.084 ], [ -78.4842, 38.0885 ], [ -78.4785, 38.0883 ], [ -78.4787, 38.0838 ], [ -78.4844, 38.084 ] ] ] } },
{ "type": "Feature", "properties": { "factor_fine": 0.983 }, "geometry": { "type": "Polygon", "coordinates": [ [ [ -78.4787, 38.0838 ], [ -78.4785, 38.0883 ], [ -78.4728, 38.0882 ], [ -78.473, 38.0837 ], [ -78.4787, 38.0838 ] ] ] } },
{ "type": "Feature", "properties": { "factor_fine": 0.998 }, "geometry": { "type": "Polygon", "coordinates": [ [ [ -78.473, 38.0837 ], [ -78.4728, 38.0882 ], [ -78.4671, 38.0881 ], [ -78.4673, 38.0836 ], [ -78.473, 38.0837 ] ] ] } },
{ "type": "Feature", "properties": { "factor_fine": 1.011 }, "geometry": { "type": "Polygon", "coordinates": [ [ [ -78.4673, 38.0836 ], [ -78.4671, 38.0881 ], [ -78.4614, 38.088 ], [ -78.4616, 38.0835 ], [ -78.4673, 38.0836 ] ] ] } },
{ "type": "Feature", "properties": { "factor_fine": 1.025 }, "geometry": { "type": "Polygon", "coordinates": [ [ [ -78.4616, 38.0835 ], [ -78.4614, 38.088 ], [ -78.4557, 38.0878 ], [ -78.4559, 38.0833 ], [ -78.4616, 38.0835 ] ] ] } },
{ "type": "Feature", "properties": { "factor_fine": 1.036 }, "geometry": { "type": "Polygon", "coordinates": [ [ [ -78.4559, 38.0833 ], [ -78.4557, 38.0878 ], [ -78.45, 38.0877 ], [ -78.4502, 38.0832 ], [ -78.4559, 38.0833 ] ] ] } },
{ "type": "Feature", "properties": { "factor_fine": 1.043 }, "geometry": { "type": "Polygon", "coordinates": [ [ [ -78.4502, 38.0832 ], [ -78.45, 38.0877 ], [ -78.4444, 38.0876 ], [ -78.4445, 38.0831 ], [ -78.4502, 38.0832 ] ] ] } },
{ "type": "Feature", "properties": { "factor_fine": 1.039 }, "geometry": { "type": "Polygon", "coordinates": [ [ [ -78.4445, 38.0831 ], [ -78.4444, 38.0876 ], [ -78.4387, 38.0875 ], [ -78.4388, 38.083 ], [ -78.4445, 38.0831 ] ] ] } },
{ "type": "Feature", "properties": { "factor_fine": 1.014 }, "geometry": { "type": "Polygon", "coordinates": [ [ [ -78.4388, 38.083 ], [ -78.4387, 38.0875 ], [ -78.433, 38.0873 ], [ -78.4331, 38.0828 ], [ -78.4388, 38.083 ] ] ] } },
{ "type": "Feature", "properties": { "factor_fine": 0.965 }, "geometry": { "type": "Polygon", "coordinates": [ [ [ -78.4331, 38.0828 ], [ -78.433, 38.0873 ], [ -78.4273, 38.0872 ], [ -78.4274, 38.0827 ], [ -78.4331, 38.0828 ] ] ] } },
{ "type": "Feature", "properties": { "factor_fine": 0.918 }, "geometry": { "type": "Polygon", "coordinates": [ [ [ -78.4274, 38.0827 ], [ -78.4273, 38.0872 ], [ -78.4216, 38.0871 ], [ -78.4217, 38.0826 ], [ -78.4274, 38.0827 ] ] ] } },
{ "type": "Feature", "properties": { "factor_fine": 0.892 }, "geometry": { "type": "Polygon", "coordinates": [ [ [ -78.4217, 38.0826 ], [ -78.4216, 38.0871 ], [ -78.4159, 38.087 ], [ -78.416, 38.0825 ], [ -78.4217, 38.0826 ] ] ] } },
{ "type": "Feature", "properties": { "factor_fine": 0.881 }, "geometry": { "type": "Polygon", "coordinates": [ [ [ -78.416, 38.0825 ], [ -78.4159, 38.087 ], [ -78.4102, 38.0868 ], [ -78.4103, 38.0823 ], [ -78.416, 38.0825 ] ] ] } },
{ "type": "Feature", "properties": { "factor_fine": 0.88 }, "geometry": { "type": "Polygon", "coordinates": [ [ [ -78.4046, 38.0822 ], [ -78.4045, 38.0867 ], [ -78.3988, 38.0866 ], [ -78.3989, 38.0821 ], [ -78.4046, 38.0822 ] ] ] } },
{ "type": "Feature", "properties": { "factor_fine": 0.892 }, "geometry": { "type": "Polygon", "coordinates": [ [ [ -78.3989, 38.0821 ], [ -78.3988, 38.0866 ], [ -78.3931, 38.0865 ], [ -78.3932, 38.082 ], [ -78.3989, 38.0821 ] ] ] } },
{ "type": "Feature", "properties": { "factor_fine": 0.907 }, "geometry": { "type": "Polygon", "coordinates": [ [ [ -78.3932, 38.082 ], [ -78.3931, 38.0865 ], [ -78.3874, 38.0863 ], [ -78.3876, 38.0818 ], [ -78.3932, 38.082 ] ] ] } },
{ "type": "Feature", "properties": { "factor_fine": 0.864 }, "geometry": { "type": "Polygon", "coordinates": [ [ [ -78.285, 38.0795 ], [ -78.2849, 38.084 ], [ -78.2792, 38.0839 ], [ -78.2793, 38.0794 ], [ -78.285, 38.0795 ] ] ] } },
{ "type": "Feature", "properties": { "factor_fine": 0.906 }, "geometry": { "type": "Polygon", "coordinates": [ [ [ -78.2793, 38.0794 ], [ -78.2792, 38.0839 ], [ -78.2735, 38.0837 ], [ -78.2737, 38.0792 ], [ -78.2793, 38.0794 ] ] ] } },
{ "type": "Feature", "properties": { "factor_fine": 0.809 }, "geometry": { "type": "Polygon", "coordinates": [ [ [ -78.7349, 38.0936 ], [ -78.7348, 38.0981 ], [ -78.7291, 38.0979 ], [ -78.7292, 38.0934 ], [ -78.7349, 38.0936 ] ] ] } },
{ "type": "Feature", "properties": { "factor_fine": 0.808 }, "geometry": { "type": "Polygon", "coordinates": [ [ [ -78.7292, 38.0934 ], [ -78.7291, 38.0979 ], [ -78.7234, 38.0978 ], [ -78.7235, 38.0933 ], [ -78.7292, 38.0934 ] ] ] } },
{ "type": "Feature", "properties": { "factor_fine": 0.817 }, "geometry": { "type": "Polygon", "coordinates": [ [ [ -78.7235, 38.0933 ], [ -78.7234, 38.0978 ], [ -78.7177, 38.0977 ], [ -78.7178, 38.0932 ], [ -78.7235, 38.0933 ] ] ] } },
{ "type": "Feature", "properties": { "factor_fine": 0.857 }, "geometry": { "type": "Polygon", "coordinates": [ [ [ -78.7178, 38.0932 ], [ -78.7177, 38.0977 ], [ -78.712, 38.0976 ], [ -78.7121, 38.0931 ], [ -78.7178, 38.0932 ] ] ] } },
{ "type": "Feature", "properties": { "factor_fine": 0.925 }, "geometry": { "type": "Polygon", "coordinates": [ [ [ -78.7121, 38.0931 ], [ -78.712, 38.0976 ], [ -78.7063, 38.0975 ], [ -78.7064, 38.093 ], [ -78.7121, 38.0931 ] ] ] } },
{ "type": "Feature", "properties": { "factor_fine": 0.986 }, "geometry": { "type": "Polygon", "coordinates": [ [ [ -78.7064, 38.093 ], [ -78.7063, 38.0975 ], [ -78.7006, 38.0974 ], [ -78.7007, 38.0929 ], [ -78.7064, 38.093 ] ] ] } },
{ "type": "Feature", "properties": { "factor_fine": 1.028 }, "geometry": { "type": "Polygon", "coordinates": [ [ [ -78.7007, 38.0929 ], [ -78.7006, 38.0974 ], [ -78.6949, 38.0973 ], [ -78.695, 38.0928 ], [ -78.7007, 38.0929 ] ] ] } },
{ "type": "Feature", "properties": { "factor_fine": 1.061 }, "geometry": { "type": "Polygon", "coordinates": [ [ [ -78.695, 38.0928 ], [ -78.6949, 38.0973 ], [ -78.6892, 38.0972 ], [ -78.6893, 38.0927 ], [ -78.695, 38.0928 ] ] ] } },
{ "type": "Feature", "properties": { "factor_fine": 1.0 }, "geometry": { "type": "Polygon", "coordinates": [ [ [ -78.6437, 38.0918 ], [ -78.6436, 38.0963 ], [ -78.6379, 38.0961 ], [ -78.638, 38.0916 ], [ -78.6437, 38.0918 ] ] ] } },
{ "type": "Feature", "properties": { "factor_fine": 0.989 }, "geometry": { "type": "Polygon", "coordinates": [ [ [ -78.638, 38.0916 ], [ -78.6379, 38.0961 ], [ -78.6322, 38.096 ], [ -78.6323, 38.0915 ], [ -78.638, 38.0916 ] ] ] } },
{ "type": "Feature", "properties": { "factor_fine": 0.965 }, "geometry": { "type": "Polygon", "coordinates": [ [ [ -78.6323, 38.0915 ], [ -78.6322, 38.096 ], [ -78.6265, 38.0959 ], [ -78.6266, 38.0914 ], [ -78.6323, 38.0915 ] ] ] } },
{ "type": "Feature", "properties": { "factor_fine": 0.938 }, "geometry": { "type": "Polygon", "coordinates": [ [ [ -78.6266, 38.0914 ], [ -78.6265, 38.0959 ], [ -78.6208, 38.0958 ], [ -78.6209, 38.0913 ], [ -78.6266, 38.0914 ] ] ] } },
{ "type": "Feature", "properties": { "factor_fine": 0.921 }, "geometry": { "type": "Polygon", "coordinates": [ [ [ -78.6209, 38.0913 ], [ -78.6208, 38.0958 ], [ -78.6151, 38.0957 ], [ -78.6152, 38.0912 ], [ -78.6209, 38.0913 ] ] ] } },
{ "type": "Feature", "properties": { "factor_fine": 0.921 }, "geometry": { "type": "Polygon", "coordinates": [ [ [ -78.6152, 38.0912 ], [ -78.6151, 38.0957 ], [ -78.6094, 38.0956 ], [ -78.6096, 38.0911 ], [ -78.6152, 38.0912 ] ] ] } },
{ "type": "Feature", "properties": { "factor_fine": 0.936 }, "geometry": { "type": "Polygon", "coordinates": [ [ [ -78.6096, 38.0911 ], [ -78.6094, 38.0956 ], [ -78.6037, 38.0955 ], [ -78.6039, 38.091 ], [ -78.6096, 38.0911 ] ] ] } },
{ "type": "Feature", "properties": { "factor_fine": 0.964 }, "geometry": { "type": "Polygon", "coordinates": [ [ [ -78.6039, 38.091 ], [ -78.6037, 38.0955 ], [ -78.598, 38.0953 ], [ -78.5982, 38.0908 ], [ -78.6039, 38.091 ] ] ] } },
{ "type": "Feature", "properties": { "factor_fine": 0.995 }, "geometry": { "type": "Polygon", "coordinates": [ [ [ -78.5982, 38.0908 ], [ -78.598, 38.0953 ], [ -78.5923, 38.0952 ], [ -78.5925, 38.0907 ], [ -78.5982, 38.0908 ] ] ] } },
{ "type": "Feature", "properties": { "factor_fine": 1.016 }, "geometry": { "type": "Polygon", "coordinates": [ [ [ -78.5925, 38.0907 ], [ -78.5923, 38.0952 ], [ -78.5866, 38.0951 ], [ -78.5868, 38.0906 ], [ -78.5925, 38.0907 ] ] ] } },
{ "type": "Feature", "properties": { "factor_fine": 1.024 }, "geometry": { "type": "Polygon", "coordinates": [ [ [ -78.5868, 38.0906 ], [ -78.5866, 38.0951 ], [ -78.5809, 38.095 ], [ -78.5811, 38.0905 ], [ -78.5868, 38.0906 ] ] ] } },
{ "type": "Feature", "properties": { "factor_fine": 1.026 }, "geometry": { "type": "Polygon", "coordinates": [ [ [ -78.5811, 38.0905 ], [ -78.5809, 38.095 ], [ -78.5752, 38.0949 ], [ -78.5754, 38.0904 ], [ -78.5811, 38.0905 ] ] ] } },
{ "type": "Feature", "properties": { "factor_fine": 1.03 }, "geometry": { "type": "Polygon", "coordinates": [ [ [ -78.5754, 38.0904 ], [ -78.5752, 38.0949 ], [ -78.5695, 38.0948 ], [ -78.5697, 38.0903 ], [ -78.5754, 38.0904 ] ] ] } },
{ "type": "Feature", "properties": { "factor_fine": 1.044 }, "geometry": { "type": "Polygon", "coordinates": [ [ [ -78.5697, 38.0903 ], [ -78.5695, 38.0948 ], [ -78.5638, 38.0946 ], [ -78.564, 38.0901 ], [ -78.5697, 38.0903 ] ] ] } },
{ "type": "Feature", "properties": { "factor_fine": 1.071 }, "geometry": { "type": "Polygon", "coordinates": [ [ [ -78.564, 38.0901 ], [ -78.5638, 38.0946 ], [ -78.5581, 38.0945 ], [ -78.5583, 38.09 ], [ -78.564, 38.0901 ] ] ] } },
{ "type": "Feature", "properties": { "factor_fine": 1.096 }, "geometry": { "type": "Polygon", "coordinates": [ [ [ -78.5583, 38.09 ], [ -78.5581, 38.0945 ], [ -78.5524, 38.0944 ], [ -78.5526, 38.0899 ], [ -78.5583, 38.09 ] ] ] } },
{ "type": "Feature", "properties": { "factor_fine": 1.103 }, "geometry": { "type": "Polygon", "coordinates": [ [ [ -78.5526, 38.0899 ], [ -78.5524, 38.0944 ], [ -78.5467, 38.0943 ], [ -78.5469, 38.0898 ], [ -78.5526, 38.0899 ] ] ] } },
{ "type": "Feature", "properties": { "factor_fine": 1.088 }, "geometry": { "type": "Polygon", "coordinates": [ [ [ -78.5469, 38.0898 ], [ -78.5467, 38.0943 ], [ -78.541, 38.0942 ], [ -78.5412, 38.0897 ], [ -78.5469, 38.0898 ] ] ] } },
{ "type": "Feature", "properties": { "factor_fine": 1.059 }, "geometry": { "type": "Polygon", "coordinates": [ [ [ -78.5412, 38.0897 ], [ -78.541, 38.0942 ], [ -78.5353, 38.094 ], [ -78.5355, 38.0895 ], [ -78.5412, 38.0897 ] ] ] } },
{ "type": "Feature", "properties": { "factor_fine": 1.033 }, "geometry": { "type": "Polygon", "coordinates": [ [ [ -78.5355, 38.0895 ], [ -78.5353, 38.094 ], [ -78.5296, 38.0939 ], [ -78.5298, 38.0894 ], [ -78.5355, 38.0895 ] ] ] } },
{ "type": "Feature", "properties": { "factor_fine": 1.015 }, "geometry": { "type": "Polygon", "coordinates": [ [ [ -78.5298, 38.0894 ], [ -78.5296, 38.0939 ], [ -78.5239, 38.0938 ], [ -78.5241, 38.0893 ], [ -78.5298, 38.0894 ] ] ] } },
{ "type": "Feature", "properties": { "factor_fine": 0.998 }, "geometry": { "type": "Polygon", "coordinates": [ [ [ -78.5241, 38.0893 ], [ -78.5239, 38.0938 ], [ -78.5183, 38.0937 ], [ -78.5184, 38.0892 ], [ -78.5241, 38.0893 ] ] ] } },
{ "type": "Feature", "properties": { "factor_fine": 0.979 }, "geometry": { "type": "Polygon", "coordinates": [ [ [ -78.5184, 38.0892 ], [ -78.5183, 38.0937 ], [ -78.5126, 38.0936 ], [ -78.5127, 38.0891 ], [ -78.5184, 38.0892 ] ] ] } },
{ "type": "Feature", "properties": { "factor_fine": 0.961 }, "geometry": { "type": "Polygon", "coordinates": [ [ [ -78.5127, 38.0891 ], [ -78.5126, 38.0936 ], [ -78.5069, 38.0934 ], [ -78.507, 38.0889 ], [ -78.5127, 38.0891 ] ] ] } },
{ "type": "Feature", "properties": { "factor_fine": 0.949 }, "geometry": { "type": "Polygon", "coordinates": [ [ [ -78.507, 38.0889 ], [ -78.5069, 38.0934 ], [ -78.5012, 38.0933 ], [ -78.5013, 38.0888 ], [ -78.507, 38.0889 ] ] ] } },
{ "type": "Feature", "properties": { "factor_fine": 0.944 }, "geometry": { "type": "Polygon", "coordinates": [ [ [ -78.5013, 38.0888 ], [ -78.5012, 38.0933 ], [ -78.4955, 38.0932 ], [ -78.4956, 38.0887 ], [ -78.5013, 38.0888 ] ] ] } },
{ "type": "Feature", "properties": { "factor_fine": 0.947 }, "geometry": { "type": "Polygon", "coordinates": [ [ [ -78.4956, 38.0887 ], [ -78.4955, 38.0932 ], [ -78.4898, 38.0931 ], [ -78.4899, 38.0886 ], [ -78.4956, 38.0887 ] ] ] } },
{ "type": "Feature", "properties": { "factor_fine": 0.958 }, "geometry": { "type": "Polygon", "coordinates": [ [ [ -78.4899, 38.0886 ], [ -78.4898, 38.0931 ], [ -78.4841, 38.093 ], [ -78.4842, 38.0885 ], [ -78.4899, 38.0886 ] ] ] } },
{ "type": "Feature", "properties": { "factor_fine": 0.976 }, "geometry": { "type": "Polygon", "coordinates": [ [ [ -78.4842, 38.0885 ], [ -78.4841, 38.093 ], [ -78.4784, 38.0928 ], [ -78.4785, 38.0883 ], [ -78.4842, 38.0885 ] ] ] } },
{ "type": "Feature", "properties": { "factor_fine": 0.994 }, "geometry": { "type": "Polygon", "coordinates": [ [ [ -78.4785, 38.0883 ], [ -78.4784, 38.0928 ], [ -78.4727, 38.0927 ], [ -78.4728, 38.0882 ], [ -78.4785, 38.0883 ] ] ] } },
{ "type": "Feature", "properties": { "factor_fine": 1.004 }, "geometry": { "type": "Polygon", "coordinates": [ [ [ -78.4728, 38.0882 ], [ -78.4727, 38.0927 ], [ -78.467, 38.0926 ], [ -78.4671, 38.0881 ], [ -78.4728, 38.0882 ] ] ] } },
{ "type": "Feature", "properties": { "factor_fine": 1.01 }, "geometry": { "type": "Polygon", "coordinates": [ [ [ -78.4671, 38.0881 ], [ -78.467, 38.0926 ], [ -78.4613, 38.0925 ], [ -78.4614, 38.088 ], [ -78.4671, 38.0881 ] ] ] } },
{ "type": "Feature", "properties": { "factor_fine": 1.018 }, "geometry": { "type": "Polygon", "coordinates": [ [ [ -78.4614, 38.088 ], [ -78.4613, 38.0925 ], [ -78.4556, 38.0923 ], [ -78.4557, 38.0878 ], [ -78.4614, 38.088 ] ] ] } },
{ "type": "Feature", "properties": { "factor_fine": 1.026 }, "geometry": { "type": "Polygon", "coordinates": [ [ [ -78.4557, 38.0878 ], [ -78.4556, 38.0923 ], [ -78.4499, 38.0922 ], [ -78.45, 38.0877 ], [ -78.4557, 38.0878 ] ] ] } },
{ "type": "Feature", "properties": { "factor_fine": 1.029 }, "geometry": { "type": "Polygon", "coordinates": [ [ [ -78.45, 38.0877 ], [ -78.4499, 38.0922 ], [ -78.4442, 38.0921 ], [ -78.4444, 38.0876 ], [ -78.45, 38.0877 ] ] ] } },
{ "type": "Feature", "properties": { "factor_fine": 1.02 }, "geometry": { "type": "Polygon", "coordinates": [ [ [ -78.4444, 38.0876 ], [ -78.4442, 38.0921 ], [ -78.4385, 38.092 ], [ -78.4387, 38.0875 ], [ -78.4444, 38.0876 ] ] ] } },
{ "type": "Feature", "properties": { "factor_fine": 0.995 }, "geometry": { "type": "Polygon", "coordinates": [ [ [ -78.4387, 38.0875 ], [ -78.4385, 38.092 ], [ -78.4328, 38.0918 ], [ -78.433, 38.0873 ], [ -78.4387, 38.0875 ] ] ] } },
{ "type": "Feature", "properties": { "factor_fine": 0.961 }, "geometry": { "type": "Polygon", "coordinates": [ [ [ -78.433, 38.0873 ], [ -78.4328, 38.0918 ], [ -78.4271, 38.0917 ], [ -78.4273, 38.0872 ], [ -78.433, 38.0873 ] ] ] } },
{ "type": "Feature", "properties": { "factor_fine": 0.932 }, "geometry": { "type": "Polygon", "coordinates": [ [ [ -78.4273, 38.0872 ], [ -78.4271, 38.0917 ], [ -78.4214, 38.0916 ], [ -78.4216, 38.0871 ], [ -78.4273, 38.0872 ] ] ] } },
{ "type": "Feature", "properties": { "factor_fine": 0.912 }, "geometry": { "type": "Polygon", "coordinates": [ [ [ -78.4216, 38.0871 ], [ -78.4214, 38.0916 ], [ -78.4157, 38.0915 ], [ -78.4159, 38.087 ], [ -78.4216, 38.0871 ] ] ] } },
{ "type": "Feature", "properties": { "factor_fine": 0.893 }, "geometry": { "type": "Polygon", "coordinates": [ [ [ -78.4159, 38.087 ], [ -78.4157, 38.0915 ], [ -78.41, 38.0913 ], [ -78.4102, 38.0868 ], [ -78.4159, 38.087 ] ] ] } },
{ "type": "Feature", "properties": { "factor_fine": 0.887 }, "geometry": { "type": "Polygon", "coordinates": [ [ [ -78.3988, 38.0866 ], [ -78.3986, 38.0911 ], [ -78.3929, 38.091 ], [ -78.3931, 38.0865 ], [ -78.3988, 38.0866 ] ] ] } },
{ "type": "Feature", "properties": { "factor_fine": 0.9 }, "geometry": { "type": "Polygon", "coordinates": [ [ [ -78.3931, 38.0865 ], [ -78.3929, 38.091 ], [ -78.3872, 38.0908 ], [ -78.3874, 38.0863 ], [ -78.3931, 38.0865 ] ] ] } },
{ "type": "Feature", "properties": { "factor_fine": 0.886 }, "geometry": { "type": "Polygon", "coordinates": [ [ [ -78.2849, 38.084 ], [ -78.2847, 38.0885 ], [ -78.279, 38.0884 ], [ -78.2792, 38.0839 ], [ -78.2849, 38.084 ] ] ] } },
{ "type": "Feature", "properties": { "factor_fine": 0.911 }, "geometry": { "type": "Polygon", "coordinates": [ [ [ -78.2792, 38.0839 ], [ -78.279, 38.0884 ], [ -78.2733, 38.0882 ], [ -78.2735, 38.0837 ], [ -78.2792, 38.0839 ] ] ] } },
{ "type": "Feature", "properties": { "factor_fine": 0.987 }, "geometry": { "type": "Polygon", "coordinates": [ [ [ -78.6493, 38.0964 ], [ -78.6491, 38.1009 ], [ -78.6434, 38.1008 ], [ -78.6436, 38.0963 ], [ -78.6493, 38.0964 ] ] ] } },
{ "type": "Feature", "properties": { "factor_fine": 0.985 }, "geometry": { "type": "Polygon", "coordinates": [ [ [ -78.6436, 38.0963 ], [ -78.6434, 38.1008 ], [ -78.6377, 38.1007 ], [ -78.6379, 38.0961 ], [ -78.6436, 38.0963 ] ] ] } },
{ "type": "Feature", "properties": { "factor_fine": 0.967 }, "geometry": { "type": "Polygon", "coordinates": [ [ [ -78.6379, 38.0961 ], [ -78.6377, 38.1007 ], [ -78.632, 38.1005 ], [ -78.6322, 38.096 ], [ -78.6379, 38.0961 ] ] ] } },
{ "type": "Feature", "properties": { "factor_fine": 0.945 }, "geometry": { "type": "Polygon", "coordinates": [ [ [ -78.6322, 38.096 ], [ -78.632, 38.1005 ], [ -78.6264, 38.1004 ], [ -78.6265, 38.0959 ], [ -78.6322, 38.096 ] ] ] } },
{ "type": "Feature", "properties": { "factor_fine": 0.925 }, "geometry": { "type": "Polygon", "coordinates": [ [ [ -78.6265, 38.0959 ], [ -78.6264, 38.1004 ], [ -78.6207, 38.1003 ], [ -78.6208, 38.0958 ], [ -78.6265, 38.0959 ] ] ] } },
{ "type": "Feature", "properties": { "factor_fine": 0.914 }, "geometry": { "type": "Polygon", "coordinates": [ [ [ -78.6208, 38.0958 ], [ -78.6207, 38.1003 ], [ -78.615, 38.1002 ], [ -78.6151, 38.0957 ], [ -78.6208, 38.0958 ] ] ] } },
{ "type": "Feature", "properties": { "factor_fine": 0.917 }, "geometry": { "type": "Polygon", "coordinates": [ [ [ -78.6151, 38.0957 ], [ -78.615, 38.1002 ], [ -78.6093, 38.1001 ], [ -78.6094, 38.0956 ], [ -78.6151, 38.0957 ] ] ] } },
{ "type": "Feature", "properties": { "factor_fine": 0.932 }, "geometry": { "type": "Polygon", "coordinates": [ [ [ -78.6094, 38.0956 ], [ -78.6093, 38.1001 ], [ -78.6036, 38.1 ], [ -78.6037, 38.0955 ], [ -78.6094, 38.0956 ] ] ] } },
{ "type": "Feature", "properties": { "factor_fine": 0.958 }, "geometry": { "type": "Polygon", "coordinates": [ [ [ -78.6037, 38.0955 ], [ -78.6036, 38.1 ], [ -78.5979, 38.0998 ], [ -78.598, 38.0953 ], [ -78.6037, 38.0955 ] ] ] } },
{ "type": "Feature", "properties": { "factor_fine": 0.985 }, "geometry": { "type": "Polygon", "coordinates": [ [ [ -78.598, 38.0953 ], [ -78.5979, 38.0998 ], [ -78.5922, 38.0997 ], [ -78.5923, 38.0952 ], [ -78.598, 38.0953 ] ] ] } },
{ "type": "Feature", "properties": { "factor_fine": 0.998 }, "geometry": { "type": "Polygon", "coordinates": [ [ [ -78.5923, 38.0952 ], [ -78.5922, 38.0997 ], [ -78.5865, 38.0996 ], [ -78.5866, 38.0951 ], [ -78.5923, 38.0952 ] ] ] } },
{ "type": "Feature", "properties": { "factor_fine": 0.998 }, "geometry": { "type": "Polygon", "coordinates": [ [ [ -78.5866, 38.0951 ], [ -78.5865, 38.0996 ], [ -78.5808, 38.0995 ], [ -78.5809, 38.095 ], [ -78.5866, 38.0951 ] ] ] } },
{ "type": "Feature", "properties": { "factor_fine": 0.994 }, "geometry": { "type": "Polygon", "coordinates": [ [ [ -78.5809, 38.095 ], [ -78.5808, 38.0995 ], [ -78.5751, 38.0994 ], [ -78.5752, 38.0949 ], [ -78.5809, 38.095 ] ] ] } },
{ "type": "Feature", "properties": { "factor_fine": 0.999 }, "geometry": { "type": "Polygon", "coordinates": [ [ [ -78.5752, 38.0949 ], [ -78.5751, 38.0994 ], [ -78.5694, 38.0993 ], [ -78.5695, 38.0948 ], [ -78.5752, 38.0949 ] ] ] } },
{ "type": "Feature", "properties": { "factor_fine": 1.019 }, "geometry": { "type": "Polygon", "coordinates": [ [ [ -78.5695, 38.0948 ], [ -78.5694, 38.0993 ], [ -78.5637, 38.0991 ], [ -78.5638, 38.0946 ], [ -78.5695, 38.0948 ] ] ] } },
{ "type": "Feature", "properties": { "factor_fine": 1.045 }, "geometry": { "type": "Polygon", "coordinates": [ [ [ -78.5638, 38.0946 ], [ -78.5637, 38.0991 ], [ -78.558, 38.099 ], [ -78.5581, 38.0945 ], [ -78.5638, 38.0946 ] ] ] } },
{ "type": "Feature", "properties": { "factor_fine": 1.065 }, "geometry": { "type": "Polygon", "coordinates": [ [ [ -78.5581, 38.0945 ], [ -78.558, 38.099 ], [ -78.5523, 38.0989 ], [ -78.5524, 38.0944 ], [ -78.5581, 38.0945 ] ] ] } },
{ "type": "Feature", "properties": { "factor_fine": 1.071 }, "geometry": { "type": "Polygon", "coordinates": [ [ [ -78.5524, 38.0944 ], [ -78.5523, 38.0989 ], [ -78.5466, 38.0988 ], [ -78.5467, 38.0943 ], [ -78.5524, 38.0944 ] ] ] } },
{ "type": "Feature", "properties": { "factor_fine": 1.063 }, "geometry": { "type": "Polygon", "coordinates": [ [ [ -78.5467, 38.0943 ], [ -78.5466, 38.0988 ], [ -78.5409, 38.0987 ], [ -78.541, 38.0942 ], [ -78.5467, 38.0943 ] ] ] } },
{ "type": "Feature", "properties": { "factor_fine": 1.043 }, "geometry": { "type": "Polygon", "coordinates": [ [ [ -78.541, 38.0942 ], [ -78.5409, 38.0987 ], [ -78.5352, 38.0985 ], [ -78.5353, 38.094 ], [ -78.541, 38.0942 ] ] ] } },
{ "type": "Feature", "properties": { "factor_fine": 1.025 }, "geometry": { "type": "Polygon", "coordinates": [ [ [ -78.5353, 38.094 ], [ -78.5352, 38.0985 ], [ -78.5295, 38.0984 ], [ -78.5296, 38.0939 ], [ -78.5353, 38.094 ] ] ] } },
{ "type": "Feature", "properties": { "factor_fine": 1.011 }, "geometry": { "type": "Polygon", "coordinates": [ [ [ -78.5296, 38.0939 ], [ -78.5295, 38.0984 ], [ -78.5238, 38.0983 ], [ -78.5239, 38.0938 ], [ -78.5296, 38.0939 ] ] ] } },
{ "type": "Feature", "properties": { "factor_fine": 0.996 }, "geometry": { "type": "Polygon", "coordinates": [ [ [ -78.5239, 38.0938 ], [ -78.5238, 38.0983 ], [ -78.5181, 38.0982 ], [ -78.5183, 38.0937 ], [ -78.5239, 38.0938 ] ] ] } },
{ "type": "Feature", "properties": { "factor_fine": 0.979 }, "geometry": { "type": "Polygon", "coordinates": [ [ [ -78.5183, 38.0937 ], [ -78.5181, 38.0982 ], [ -78.5124, 38.0981 ], [ -78.5126, 38.0936 ], [ -78.5183, 38.0937 ] ] ] } },
{ "type": "Feature", "properties": { "factor_fine": 0.964 }, "geometry": { "type": "Polygon", "coordinates": [ [ [ -78.5126, 38.0936 ], [ -78.5124, 38.0981 ], [ -78.5067, 38.0979 ], [ -78.5069, 38.0934 ], [ -78.5126, 38.0936 ] ] ] } },
{ "type": "Feature", "properties": { "factor_fine": 0.956 }, "geometry": { "type": "Polygon", "coordinates": [ [ [ -78.5069, 38.0934 ], [ -78.5067, 38.0979 ], [ -78.501, 38.0978 ], [ -78.5012, 38.0933 ], [ -78.5069, 38.0934 ] ] ] } },
{ "type": "Feature", "properties": { "factor_fine": 0.952 }, "geometry": { "type": "Polygon", "coordinates": [ [ [ -78.5012, 38.0933 ], [ -78.501, 38.0978 ], [ -78.4953, 38.0977 ], [ -78.4955, 38.0932 ], [ -78.5012, 38.0933 ] ] ] } },
{ "type": "Feature", "properties": { "factor_fine": 0.958 }, "geometry": { "type": "Polygon", "coordinates": [ [ [ -78.4955, 38.0932 ], [ -78.4953, 38.0977 ], [ -78.4896, 38.0976 ], [ -78.4898, 38.0931 ], [ -78.4955, 38.0932 ] ] ] } },
{ "type": "Feature", "properties": { "factor_fine": 0.974 }, "geometry": { "type": "Polygon", "coordinates": [ [ [ -78.4898, 38.0931 ], [ -78.4896, 38.0976 ], [ -78.4839, 38.0975 ], [ -78.4841, 38.093 ], [ -78.4898, 38.0931 ] ] ] } },
{ "type": "Feature", "properties": { "factor_fine": 0.995 }, "geometry": { "type": "Polygon", "coordinates": [ [ [ -78.4841, 38.093 ], [ -78.4839, 38.0975 ], [ -78.4782, 38.0973 ], [ -78.4784, 38.0928 ], [ -78.4841, 38.093 ] ] ] } },
{ "type": "Feature", "properties": { "factor_fine": 1.01 }, "geometry": { "type": "Polygon", "coordinates": [ [ [ -78.4784, 38.0928 ], [ -78.4782, 38.0973 ], [ -78.4725, 38.0972 ], [ -78.4727, 38.0927 ], [ -78.4784, 38.0928 ] ] ] } },
{ "type": "Feature", "properties": { "factor_fine": 1.018 }, "geometry": { "type": "Polygon", "coordinates": [ [ [ -78.4727, 38.0927 ], [ -78.4725, 38.0972 ], [ -78.4668, 38.0971 ], [ -78.467, 38.0926 ], [ -78.4727, 38.0927 ] ] ] } },
{ "type": "Feature", "properties": { "factor_fine": 1.025 }, "geometry": { "type": "Polygon", "coordinates": [ [ [ -78.467, 38.0926 ], [ -78.4668, 38.0971 ], [ -78.4611, 38.097 ], [ -78.4613, 38.0925 ], [ -78.467, 38.0926 ] ] ] } },
{ "type": "Feature", "properties": { "factor_fine": 1.032 }, "geometry": { "type": "Polygon", "coordinates": [ [ [ -78.4613, 38.0925 ], [ -78.4611, 38.097 ], [ -78.4554, 38.0968 ], [ -78.4556, 38.0923 ], [ -78.4613, 38.0925 ] ] ] } },
{ "type": "Feature", "properties": { "factor_fine": 1.037 }, "geometry": { "type": "Polygon", "coordinates": [ [ [ -78.4556, 38.0923 ], [ -78.4554, 38.0968 ], [ -78.4497, 38.0967 ], [ -78.4499, 38.0922 ], [ -78.4556, 38.0923 ] ] ] } },
{ "type": "Feature", "properties": { "factor_fine": 1.033 }, "geometry": { "type": "Polygon", "coordinates": [ [ [ -78.4499, 38.0922 ], [ -78.4497, 38.0967 ], [ -78.444, 38.0966 ], [ -78.4442, 38.0921 ], [ -78.4499, 38.0922 ] ] ] } },
{ "type": "Feature", "properties": { "factor_fine": 1.02 }, "geometry": { "type": "Polygon", "coordinates": [ [ [ -78.4442, 38.0921 ], [ -78.444, 38.0966 ], [ -78.4383, 38.0965 ], [ -78.4385, 38.092 ], [ -78.4442, 38.0921 ] ] ] } },
{ "type": "Feature", "properties": { "factor_fine": 0.998 }, "geometry": { "type": "Polygon", "coordinates": [ [ [ -78.4385, 38.092 ], [ -78.4383, 38.0965 ], [ -78.4326, 38.0963 ], [ -78.4328, 38.0918 ], [ -78.4385, 38.092 ] ] ] } },
{ "type": "Feature", "properties": { "factor_fine": 0.975 }, "geometry": { "type": "Polygon", "coordinates": [ [ [ -78.4328, 38.0918 ], [ -78.4326, 38.0963 ], [ -78.4269, 38.0962 ], [ -78.4271, 38.0917 ], [ -78.4328, 38.0918 ] ] ] } },
{ "type": "Feature", "properties": { "factor_fine": 0.958 }, "geometry": { "type": "Polygon", "coordinates": [ [ [ -78.4271, 38.0917 ], [ -78.4269, 38.0962 ], [ -78.4213, 38.0961 ], [ -78.4214, 38.0916 ], [ -78.4271, 38.0917 ] ] ] } },
{ "type": "Feature", "properties": { "factor_fine": 0.946 }, "geometry": { "type": "Polygon", "coordinates": [ [ [ -78.4214, 38.0916 ], [ -78.4213, 38.0961 ], [ -78.4156, 38.096 ], [ -78.4157, 38.0915 ], [ -78.4214, 38.0916 ] ] ] } },
{ "type": "Feature", "properties": { "factor_fine": 0.931 }, "geometry": { "type": "Polygon", "coordinates": [ [ [ -78.4157, 38.0915 ], [ -78.4156, 38.096 ], [ -78.4099, 38.0958 ], [ -78.41, 38.0913 ], [ -78.4157, 38.0915 ] ] ] } },
{ "type": "Feature", "properties": { "factor_fine": 0.903 }, "geometry": { "type": "Polygon", "coordinates": [ [ [ -78.3929, 38.091 ], [ -78.3928, 38.0955 ], [ -78.3871, 38.0953 ], [ -78.3872, 38.0908 ], [ -78.3929, 38.091 ] ] ] } },
{ "type": "Feature", "properties": { "factor_fine": 0.92 }, "geometry": { "type": "Polygon", "coordinates": [ [ [ -78.279, 38.0884 ], [ -78.2788, 38.0929 ], [ -78.2732, 38.0928 ], [ -78.2733, 38.0882 ], [ -78.279, 38.0884 ] ] ] } },
{ "type": "Feature", "properties": { "factor_fine": 0.966 }, "geometry": { "type": "Polygon", "coordinates": [ [ [ -78.6548, 38.101 ], [ -78.6547, 38.1055 ], [ -78.649, 38.1054 ], [ -78.6491, 38.1009 ], [ -78.6548, 38.101 ] ] ] } },
{ "type": "Feature", "properties": { "factor_fine": 0.982 }, "geometry": { "type": "Polygon", "coordinates": [ [ [ -78.6491, 38.1009 ], [ -78.649, 38.1054 ], [ -78.6433, 38.1053 ], [ -78.6434, 38.1008 ], [ -78.6491, 38.1009 ] ] ] } },
{ "type": "Feature", "properties": { "factor_fine": 0.978 }, "geometry": { "type": "Polygon", "coordinates": [ [ [ -78.6434, 38.1008 ], [ -78.6433, 38.1053 ], [ -78.6376, 38.1052 ], [ -78.6377, 38.1007 ], [ -78.6434, 38.1008 ] ] ] } },
{ "type": "Feature", "properties": { "factor_fine": 0.96 }, "geometry": { "type": "Polygon", "coordinates": [ [ [ -78.6377, 38.1007 ], [ -78.6376, 38.1052 ], [ -78.6319, 38.105 ], [ -78.632, 38.1005 ], [ -78.6377, 38.1007 ] ] ] } },
{ "type": "Feature", "properties": { "factor_fine": 0.938 }, "geometry": { "type": "Polygon", "coordinates": [ [ [ -78.632, 38.1005 ], [ -78.6319, 38.105 ], [ -78.6262, 38.1049 ], [ -78.6264, 38.1004 ], [ -78.632, 38.1005 ] ] ] } },
{ "type": "Feature", "properties": { "factor_fine": 0.921 }, "geometry": { "type": "Polygon", "coordinates": [ [ [ -78.6264, 38.1004 ], [ -78.6262, 38.1049 ], [ -78.6205, 38.1048 ], [ -78.6207, 38.1003 ], [ -78.6264, 38.1004 ] ] ] } },
{ "type": "Feature", "properties": { "factor_fine": 0.913 }, "geometry": { "type": "Polygon", "coordinates": [ [ [ -78.6207, 38.1003 ], [ -78.6205, 38.1048 ], [ -78.6148, 38.1047 ], [ -78.615, 38.1002 ], [ -78.6207, 38.1003 ] ] ] } },
{ "type": "Feature", "properties": { "factor_fine": 0.917 }, "geometry": { "type": "Polygon", "coordinates": [ [ [ -78.615, 38.1002 ], [ -78.6148, 38.1047 ], [ -78.6091, 38.1046 ], [ -78.6093, 38.1001 ], [ -78.615, 38.1002 ] ] ] } },
{ "type": "Feature", "properties": { "factor_fine": 0.932 }, "geometry": { "type": "Polygon", "coordinates": [ [ [ -78.6093, 38.1001 ], [ -78.6091, 38.1046 ], [ -78.6034, 38.1045 ], [ -78.6036, 38.1 ], [ -78.6093, 38.1001 ] ] ] } },
{ "type": "Feature", "properties": { "factor_fine": 0.954 }, "geometry": { "type": "Polygon", "coordinates": [ [ [ -78.6036, 38.1 ], [ -78.6034, 38.1045 ], [ -78.5977, 38.1043 ], [ -78.5979, 38.0998 ], [ -78.6036, 38.1 ] ] ] } },
{ "type": "Feature", "properties": { "factor_fine": 0.971 }, "geometry": { "type": "Polygon", "coordinates": [ [ [ -78.5979, 38.0998 ], [ -78.5977, 38.1043 ], [ -78.592, 38.1042 ], [ -78.5922, 38.0997 ], [ -78.5979, 38.0998 ] ] ] } },
{ "type": "Feature", "properties": { "factor_fine": 0.971 }, "geometry": { "type": "Polygon", "coordinates": [ [ [ -78.5922, 38.0997 ], [ -78.592, 38.1042 ], [ -78.5863, 38.1041 ], [ -78.5865, 38.0996 ], [ -78.5922, 38.0997 ] ] ] } },
{ "type": "Feature", "properties": { "factor_fine": 0.961 }, "geometry": { "type": "Polygon", "coordinates": [ [ [ -78.5865, 38.0996 ], [ -78.5863, 38.1041 ], [ -78.5806, 38.104 ], [ -78.5808, 38.0995 ], [ -78.5865, 38.0996 ] ] ] } },
{ "type": "Feature", "properties": { "factor_fine": 0.956 }, "geometry": { "type": "Polygon", "coordinates": [ [ [ -78.5808, 38.0995 ], [ -78.5806, 38.104 ], [ -78.5749, 38.1039 ], [ -78.5751, 38.0994 ], [ -78.5808, 38.0995 ] ] ] } },
{ "type": "Feature", "properties": { "factor_fine": 0.969 }, "geometry": { "type": "Polygon", "coordinates": [ [ [ -78.5751, 38.0994 ], [ -78.5749, 38.1039 ], [ -78.5692, 38.1038 ], [ -78.5694, 38.0993 ], [ -78.5751, 38.0994 ] ] ] } },
{ "type": "Feature", "properties": { "factor_fine": 0.999 }, "geometry": { "type": "Polygon", "coordinates": [ [ [ -78.5694, 38.0993 ], [ -78.5692, 38.1038 ], [ -78.5635, 38.1036 ], [ -78.5637, 38.0991 ], [ -78.5694, 38.0993 ] ] ] } },
{ "type": "Feature", "properties": { "factor_fine": 1.025 }, "geometry": { "type": "Polygon", "coordinates": [ [ [ -78.5637, 38.0991 ], [ -78.5635, 38.1036 ], [ -78.5578, 38.1035 ], [ -78.558, 38.099 ], [ -78.5637, 38.0991 ] ] ] } },
{ "type": "Feature", "properties": { "factor_fine": 1.03 }, "geometry": { "type": "Polygon", "coordinates": [ [ [ -78.558, 38.099 ], [ -78.5578, 38.1035 ], [ -78.5521, 38.1034 ], [ -78.5523, 38.0989 ], [ -78.558, 38.099 ] ] ] } },
{ "type": "Feature", "properties": { "factor_fine": 1.018 }, "geometry": { "type": "Polygon", "coordinates": [ [ [ -78.5523, 38.0989 ], [ -78.5521, 38.1034 ], [ -78.5464, 38.1033 ], [ -78.5466, 38.0988 ], [ -78.5523, 38.0989 ] ] ] } },
{ "type": "Feature", "properties": { "factor_fine": 1.006 }, "geometry": { "type": "Polygon", "coordinates": [ [ [ -78.5466, 38.0988 ], [ -78.5464, 38.1033 ], [ -78.5407, 38.1032 ], [ -78.5409, 38.0987 ], [ -78.5466, 38.0988 ] ] ] } },
{ "type": "Feature", "properties": { "factor_fine": 1.004 }, "geometry": { "type": "Polygon", "coordinates": [ [ [ -78.5409, 38.0987 ], [ -78.5407, 38.1032 ], [ -78.535, 38.103 ], [ -78.5352, 38.0985 ], [ -78.5409, 38.0987 ] ] ] } },
{ "type": "Feature", "properties": { "factor_fine": 1.007 }, "geometry": { "type": "Polygon", "coordinates": [ [ [ -78.5352, 38.0985 ], [ -78.535, 38.103 ], [ -78.5293, 38.1029 ], [ -78.5295, 38.0984 ], [ -78.5352, 38.0985 ] ] ] } },
{ "type": "Feature", "properties": { "factor_fine": 1.002 }, "geometry": { "type": "Polygon", "coordinates": [ [ [ -78.5295, 38.0984 ], [ -78.5293, 38.1029 ], [ -78.5236, 38.1028 ], [ -78.5238, 38.0983 ], [ -78.5295, 38.0984 ] ] ] } },
{ "type": "Feature", "properties": { "factor_fine": 0.988 }, "geometry": { "type": "Polygon", "coordinates": [ [ [ -78.5238, 38.0983 ], [ -78.5236, 38.1028 ], [ -78.5179, 38.1027 ], [ -78.5181, 38.0982 ], [ -78.5238, 38.0983 ] ] ] } },
{ "type": "Feature", "properties": { "factor_fine": 0.97 }, "geometry": { "type": "Polygon", "coordinates": [ [ [ -78.5181, 38.0982 ], [ -78.5179, 38.1027 ], [ -78.5122, 38.1026 ], [ -78.5124, 38.0981 ], [ -78.5181, 38.0982 ] ] ] } },
{ "type": "Feature", "properties": { "factor_fine": 0.959 }, "geometry": { "type": "Polygon", "coordinates": [ [ [ -78.5124, 38.0981 ], [ -78.5122, 38.1026 ], [ -78.5066, 38.1024 ], [ -78.5067, 38.0979 ], [ -78.5124, 38.0981 ] ] ] } },
{ "type": "Feature", "properties": { "factor_fine": 0.961 }, "geometry": { "type": "Polygon", "coordinates": [ [ [ -78.5067, 38.0979 ], [ -78.5066, 38.1024 ], [ -78.5009, 38.1023 ], [ -78.501, 38.0978 ], [ -78.5067, 38.0979 ] ] ] } },
{ "type": "Feature", "properties": { "factor_fine": 0.969 }, "geometry": { "type": "Polygon", "coordinates": [ [ [ -78.501, 38.0978 ], [ -78.5009, 38.1023 ], [ -78.4952, 38.1022 ], [ -78.4953, 38.0977 ], [ -78.501, 38.0978 ] ] ] } },
{ "type": "Feature", "properties": { "factor_fine": 0.978 }, "geometry": { "type": "Polygon", "coordinates": [ [ [ -78.4953, 38.0977 ], [ -78.4952, 38.1022 ], [ -78.4895, 38.1021 ], [ -78.4896, 38.0976 ], [ -78.4953, 38.0977 ] ] ] } },
{ "type": "Feature", "properties": { "factor_fine": 0.991 }, "geometry": { "type": "Polygon", "coordinates": [ [ [ -78.4896, 38.0976 ], [ -78.4895, 38.1021 ], [ -78.4838, 38.102 ], [ -78.4839, 38.0975 ], [ -78.4896, 38.0976 ] ] ] } },
{ "type": "Feature", "properties": { "factor_fine": 1.006 }, "geometry": { "type": "Polygon", "coordinates": [ [ [ -78.4839, 38.0975 ], [ -78.4838, 38.102 ], [ -78.4781, 38.1018 ], [ -78.4782, 38.0973 ], [ -78.4839, 38.0975 ] ] ] } },
{ "type": "Feature", "properties": { "factor_fine": 1.02 }, "geometry": { "type": "Polygon", "coordinates": [ [ [ -78.4782, 38.0973 ], [ -78.4781, 38.1018 ], [ -78.4724, 38.1017 ], [ -78.4725, 38.0972 ], [ -78.4782, 38.0973 ] ] ] } },
{ "type": "Feature", "properties": { "factor_fine": 1.033 }, "geometry": { "type": "Polygon", "coordinates": [ [ [ -78.4725, 38.0972 ], [ -78.4724, 38.1017 ], [ -78.4667, 38.1016 ], [ -78.4668, 38.0971 ], [ -78.4725, 38.0972 ] ] ] } },
{ "type": "Feature", "properties": { "factor_fine": 1.044 }, "geometry": { "type": "Polygon", "coordinates": [ [ [ -78.4668, 38.0971 ], [ -78.4667, 38.1016 ], [ -78.461, 38.1015 ], [ -78.4611, 38.097 ], [ -78.4668, 38.0971 ] ] ] } },
{ "type": "Feature", "properties": { "factor_fine": 1.051 }, "geometry": { "type": "Polygon", "coordinates": [ [ [ -78.4611, 38.097 ], [ -78.461, 38.1015 ], [ -78.4553, 38.1013 ], [ -78.4554, 38.0968 ], [ -78.4611, 38.097 ] ] ] } },
{ "type": "Feature", "properties": { "factor_fine": 1.049 }, "geometry": { "type": "Polygon", "coordinates": [ [ [ -78.4554, 38.0968 ], [ -78.4553, 38.1013 ], [ -78.4496, 38.1012 ], [ -78.4497, 38.0967 ], [ -78.4554, 38.0968 ] ] ] } },
{ "type": "Feature", "properties": { "factor_fine": 1.04 }, "geometry": { "type": "Polygon", "coordinates": [ [ [ -78.4497, 38.0967 ], [ -78.4496, 38.1012 ], [ -78.4439, 38.1011 ], [ -78.444, 38.0966 ], [ -78.4497, 38.0967 ] ] ] } },
{ "type": "Feature", "properties": { "factor_fine": 1.024 }, "geometry": { "type": "Polygon", "coordinates": [ [ [ -78.444, 38.0966 ], [ -78.4439, 38.1011 ], [ -78.4382, 38.101 ], [ -78.4383, 38.0965 ], [ -78.444, 38.0966 ] ] ] } },
{ "type": "Feature", "properties": { "factor_fine": 1.004 }, "geometry": { "type": "Polygon", "coordinates": [ [ [ -78.4383, 38.0965 ], [ -78.4382, 38.101 ], [ -78.4325, 38.1008 ], [ -78.4326, 38.0963 ], [ -78.4383, 38.0965 ] ] ] } },
{ "type": "Feature", "properties": { "factor_fine": 0.987 }, "geometry": { "type": "Polygon", "coordinates": [ [ [ -78.4326, 38.0963 ], [ -78.4325, 38.1008 ], [ -78.4268, 38.1007 ], [ -78.4269, 38.0962 ], [ -78.4326, 38.0963 ] ] ] } },
{ "type": "Feature", "properties": { "factor_fine": 0.975 }, "geometry": { "type": "Polygon", "coordinates": [ [ [ -78.4269, 38.0962 ], [ -78.4268, 38.1007 ], [ -78.4211, 38.1006 ], [ -78.4213, 38.0961 ], [ -78.4269, 38.0962 ] ] ] } },
{ "type": "Feature", "properties": { "factor_fine": 0.967 }, "geometry": { "type": "Polygon", "coordinates": [ [ [ -78.4213, 38.0961 ], [ -78.4211, 38.1006 ], [ -78.4154, 38.1005 ], [ -78.4156, 38.096 ], [ -78.4213, 38.0961 ] ] ] } },
{ "type": "Feature", "properties": { "factor_fine": 0.961 }, "geometry": { "type": "Polygon", "coordinates": [ [ [ -78.4156, 38.096 ], [ -78.4154, 38.1005 ], [ -78.4097, 38.1003 ], [ -78.4099, 38.0958 ], [ -78.4156, 38.096 ] ] ] } },
{ "type": "Feature", "properties": { "factor_fine": 0.922 }, "geometry": { "type": "Polygon", "coordinates": [ [ [ -78.6718, 38.1058 ], [ -78.6716, 38.1103 ], [ -78.6659, 38.1102 ], [ -78.6661, 38.1057 ], [ -78.6718, 38.1058 ] ] ] } },
{ "type": "Feature", "properties": { "factor_fine": 0.906 }, "geometry": { "type": "Polygon", "coordinates": [ [ [ -78.6661, 38.1057 ], [ -78.6659, 38.1102 ], [ -78.6603, 38.1101 ], [ -78.6604, 38.1056 ], [ -78.6661, 38.1057 ] ] ] } },
{ "type": "Feature", "properties": { "factor_fine": 0.921 }, "geometry": { "type": "Polygon", "coordinates": [ [ [ -78.6604, 38.1056 ], [ -78.6603, 38.1101 ], [ -78.6546, 38.11 ], [ -78.6547, 38.1055 ], [ -78.6604, 38.1056 ] ] ] } },
{ "type": "Feature", "properties": { "factor_fine": 0.954 }, "geometry": { "type": "Polygon", "coordinates": [ [ [ -78.6547, 38.1055 ], [ -78.6546, 38.11 ], [ -78.6489, 38.1099 ], [ -78.649, 38.1054 ], [ -78.6547, 38.1055 ] ] ] } },
{ "type": "Feature", "properties": { "factor_fine": 0.976 }, "geometry": { "type": "Polygon", "coordinates": [ [ [ -78.649, 38.1054 ], [ -78.6489, 38.1099 ], [ -78.6432, 38.1098 ], [ -78.6433, 38.1053 ], [ -78.649, 38.1054 ] ] ] } },
{ "type": "Feature", "properties": { "factor_fine": 0.976 }, "geometry": { "type": "Polygon", "coordinates": [ [ [ -78.6433, 38.1053 ], [ -78.6432, 38.1098 ], [ -78.6375, 38.1097 ], [ -78.6376, 38.1052 ], [ -78.6433, 38.1053 ] ] ] } },
{ "type": "Feature", "properties": { "factor_fine": 0.96 }, "geometry": { "type": "Polygon", "coordinates": [ [ [ -78.6376, 38.1052 ], [ -78.6375, 38.1097 ], [ -78.6318, 38.1095 ], [ -78.6319, 38.105 ], [ -78.6376, 38.1052 ] ] ] } },
{ "type": "Feature", "properties": { "factor_fine": 0.939 }, "geometry": { "type": "Polygon", "coordinates": [ [ [ -78.6319, 38.105 ], [ -78.6318, 38.1095 ], [ -78.6261, 38.1094 ], [ -78.6262, 38.1049 ], [ -78.6319, 38.105 ] ] ] } },
{ "type": "Feature", "properties": { "factor_fine": 0.921 }, "geometry": { "type": "Polygon", "coordinates": [ [ [ -78.6262, 38.1049 ], [ -78.6261, 38.1094 ], [ -78.6204, 38.1093 ], [ -78.6205, 38.1048 ], [ -78.6262, 38.1049 ] ] ] } },
{ "type": "Feature", "properties": { "factor_fine": 0.915 }, "geometry": { "type": "Polygon", "coordinates": [ [ [ -78.6205, 38.1048 ], [ -78.6204, 38.1093 ], [ -78.6147, 38.1092 ], [ -78.6148, 38.1047 ], [ -78.6205, 38.1048 ] ] ] } },
{ "type": "Feature", "properties": { "factor_fine": 0.92 }, "geometry": { "type": "Polygon", "coordinates": [ [ [ -78.6148, 38.1047 ], [ -78.6147, 38.1092 ], [ -78.609, 38.1091 ], [ -78.6091, 38.1046 ], [ -78.6148, 38.1047 ] ] ] } },
{ "type": "Feature", "properties": { "factor_fine": 0.934 }, "geometry": { "type": "Polygon", "coordinates": [ [ [ -78.6091, 38.1046 ], [ -78.609, 38.1091 ], [ -78.6033, 38.109 ], [ -78.6034, 38.1045 ], [ -78.6091, 38.1046 ] ] ] } },
{ "type": "Feature", "properties": { "factor_fine": 0.951 }, "geometry": { "type": "Polygon", "coordinates": [ [ [ -78.6034, 38.1045 ], [ -78.6033, 38.109 ], [ -78.5976, 38.1088 ], [ -78.5977, 38.1043 ], [ -78.6034, 38.1045 ] ] ] } },
{ "type": "Feature", "properties": { "factor_fine": 0.954 }, "geometry": { "type": "Polygon", "coordinates": [ [ [ -78.5977, 38.1043 ], [ -78.5976, 38.1088 ], [ -78.5919, 38.1087 ], [ -78.592, 38.1042 ], [ -78.5977, 38.1043 ] ] ] } },
{ "type": "Feature", "properties": { "factor_fine": 0.938 }, "geometry": { "type": "Polygon", "coordinates": [ [ [ -78.592, 38.1042 ], [ -78.5919, 38.1087 ], [ -78.5862, 38.1086 ], [ -78.5863, 38.1041 ], [ -78.592, 38.1042 ] ] ] } },
{ "type": "Feature", "properties": { "factor_fine": 0.921 }, "geometry": { "type": "Polygon", "coordinates": [ [ [ -78.5863, 38.1041 ], [ -78.5862, 38.1086 ], [ -78.5805, 38.1085 ], [ -78.5806, 38.104 ], [ -78.5863, 38.1041 ] ] ] } },
{ "type": "Feature", "properties": { "factor_fine": 0.919 }, "geometry": { "type": "Polygon", "coordinates": [ [ [ -78.5806, 38.104 ], [ -78.5805, 38.1085 ], [ -78.5748, 38.1084 ], [ -78.5749, 38.1039 ], [ -78.5806, 38.104 ] ] ] } },
{ "type": "Feature", "properties": { "factor_fine": 0.942 }, "geometry": { "type": "Polygon", "coordinates": [ [ [ -78.5749, 38.1039 ], [ -78.5748, 38.1084 ], [ -78.5691, 38.1083 ], [ -78.5692, 38.1038 ], [ -78.5749, 38.1039 ] ] ] } },
{ "type": "Feature", "properties": { "factor_fine": 0.983 }, "geometry": { "type": "Polygon", "coordinates": [ [ [ -78.5692, 38.1038 ], [ -78.5691, 38.1083 ], [ -78.5634, 38.1081 ], [ -78.5635, 38.1036 ], [ -78.5692, 38.1038 ] ] ] } },
{ "type": "Feature", "properties": { "factor_fine": 1.003 }, "geometry": { "type": "Polygon", "coordinates": [ [ [ -78.5635, 38.1036 ], [ -78.5634, 38.1081 ], [ -78.5577, 38.108 ], [ -78.5578, 38.1035 ], [ -78.5635, 38.1036 ] ] ] } },
{ "type": "Feature", "properties": { "factor_fine": 0.988 }, "geometry": { "type": "Polygon", "coordinates": [ [ [ -78.5578, 38.1035 ], [ -78.5577, 38.108 ], [ -78.552, 38.1079 ], [ -78.5521, 38.1034 ], [ -78.5578, 38.1035 ] ] ] } },
{ "type": "Feature", "properties": { "factor_fine": 0.961 }, "geometry": { "type": "Polygon", "coordinates": [ [ [ -78.5521, 38.1034 ], [ -78.552, 38.1079 ], [ -78.5463, 38.1078 ], [ -78.5464, 38.1033 ], [ -78.5521, 38.1034 ] ] ] } },
{ "type": "Feature", "properties": { "factor_fine": 0.948 }, "geometry": { "type": "Polygon", "coordinates": [ [ [ -78.5464, 38.1033 ], [ -78.5463, 38.1078 ], [ -78.5406, 38.1077 ], [ -78.5407, 38.1032 ], [ -78.5464, 38.1033 ] ] ] } },
{ "type": "Feature", "properties": { "factor_fine": 0.96 }, "geometry": { "type": "Polygon", "coordinates": [ [ [ -78.5407, 38.1032 ], [ -78.5406, 38.1077 ], [ -78.5349, 38.1075 ], [ -78.535, 38.103 ], [ -78.5407, 38.1032 ] ] ] } },
{ "type": "Feature", "properties": { "factor_fine": 0.983 }, "geometry": { "type": "Polygon", "coordinates": [ [ [ -78.535, 38.103 ], [ -78.5349, 38.1075 ], [ -78.5292, 38.1074 ], [ -78.5293, 38.1029 ], [ -78.535, 38.103 ] ] ] } },
{ "type": "Feature", "properties": { "factor_fine": 0.99 }, "geometry": { "type": "Polygon", "coordinates": [ [ [ -78.5293, 38.1029 ], [ -78.5292, 38.1074 ], [ -78.5235, 38.1073 ], [ -78.5236, 38.1028 ], [ -78.5293, 38.1029 ] ] ] } },
{ "type": "Feature", "properties": { "factor_fine": 0.981 }, "geometry": { "type": "Polygon", "coordinates": [ [ [ -78.5236, 38.1028 ], [ -78.5235, 38.1073 ], [ -78.5178, 38.1072 ], [ -78.5179, 38.1027 ], [ -78.5236, 38.1028 ] ] ] } },
{ "type": "Feature", "properties": { "factor_fine": 0.965 }, "geometry": { "type": "Polygon", "coordinates": [ [ [ -78.5179, 38.1027 ], [ -78.5178, 38.1072 ], [ -78.5121, 38.1071 ], [ -78.5122, 38.1026 ], [ -78.5179, 38.1027 ] ] ] } },
{ "type": "Feature", "properties": { "factor_fine": 0.954 }, "geometry": { "type": "Polygon", "coordinates": [ [ [ -78.5122, 38.1026 ], [ -78.5121, 38.1071 ], [ -78.5064, 38.1069 ], [ -78.5066, 38.1024 ], [ -78.5122, 38.1026 ] ] ] } },
{ "type": "Feature", "properties": { "factor_fine": 0.96 }, "geometry": { "type": "Polygon", "coordinates": [ [ [ -78.5066, 38.1024 ], [ -78.5064, 38.1069 ], [ -78.5007, 38.1068 ], [ -78.5009, 38.1023 ], [ -78.5066, 38.1024 ] ] ] } },
{ "type": "Feature", "properties": { "factor_fine": 0.979 }, "geometry": { "type": "Polygon", "coordinates": [ [ [ -78.5009, 38.1023 ], [ -78.5007, 38.1068 ], [ -78.495, 38.1067 ], [ -78.4952, 38.1022 ], [ -78.5009, 38.1023 ] ] ] } },
{ "type": "Feature", "properties": { "factor_fine": 0.988 }, "geometry": { "type": "Polygon", "coordinates": [ [ [ -78.4952, 38.1022 ], [ -78.495, 38.1067 ], [ -78.4893, 38.1066 ], [ -78.4895, 38.1021 ], [ -78.4952, 38.1022 ] ] ] } },
{ "type": "Feature", "properties": { "factor_fine": 0.992 }, "geometry": { "type": "Polygon", "coordinates": [ [ [ -78.4895, 38.1021 ], [ -78.4893, 38.1066 ], [ -78.4836, 38.1065 ], [ -78.4838, 38.102 ], [ -78.4895, 38.1021 ] ] ] } },
{ "type": "Feature", "properties": { "factor_fine": 1.001 }, "geometry": { "type": "Polygon", "coordinates": [ [ [ -78.4838, 38.102 ], [ -78.4836, 38.1065 ], [ -78.4779, 38.1063 ], [ -78.4781, 38.1018 ], [ -78.4838, 38.102 ] ] ] } },
{ "type": "Feature", "properties": { "factor_fine": 1.018 }, "geometry": { "type": "Polygon", "coordinates": [ [ [ -78.4781, 38.1018 ], [ -78.4779, 38.1063 ], [ -78.4722, 38.1062 ], [ -78.4724, 38.1017 ], [ -78.4781, 38.1018 ] ] ] } },
{ "type": "Feature", "properties": { "factor_fine": 1.039 }, "geometry": { "type": "Polygon", "coordinates": [ [ [ -78.4724, 38.1017 ], [ -78.4722, 38.1062 ], [ -78.4665, 38.1061 ], [ -78.4667, 38.1016 ], [ -78.4724, 38.1017 ] ] ] } },
{ "type": "Feature", "properties": { "factor_fine": 1.053 }, "geometry": { "type": "Polygon", "coordinates": [ [ [ -78.4667, 38.1016 ], [ -78.4665, 38.1061 ], [ -78.4608, 38.106 ], [ -78.461, 38.1015 ], [ -78.4667, 38.1016 ] ] ] } },
{ "type": "Feature", "properties": { "factor_fine": 1.056 }, "geometry": { "type": "Polygon", "coordinates": [ [ [ -78.461, 38.1015 ], [ -78.4608, 38.106 ], [ -78.4551, 38.1058 ], [ -78.4553, 38.1013 ], [ -78.461, 38.1015 ] ] ] } },
{ "type": "Feature", "properties": { "factor_fine": 1.05 }, "geometry": { "type": "Polygon", "coordinates": [ [ [ -78.4553, 38.1013 ], [ -78.4551, 38.1058 ], [ -78.4494, 38.1057 ], [ -78.4496, 38.1012 ], [ -78.4553, 38.1013 ] ] ] } },
{ "type": "Feature", "properties": { "factor_fine": 1.039 }, "geometry": { "type": "Polygon", "coordinates": [ [ [ -78.4496, 38.1012 ], [ -78.4494, 38.1057 ], [ -78.4437, 38.1056 ], [ -78.4439, 38.1011 ], [ -78.4496, 38.1012 ] ] ] } },
{ "type": "Feature", "properties": { "factor_fine": 1.024 }, "geometry": { "type": "Polygon", "coordinates": [ [ [ -78.4439, 38.1011 ], [ -78.4437, 38.1056 ], [ -78.438, 38.1055 ], [ -78.4382, 38.101 ], [ -78.4439, 38.1011 ] ] ] } },
{ "type": "Feature", "properties": { "factor_fine": 1.007 }, "geometry": { "type": "Polygon", "coordinates": [ [ [ -78.4382, 38.101 ], [ -78.438, 38.1055 ], [ -78.4323, 38.1054 ], [ -78.4325, 38.1008 ], [ -78.4382, 38.101 ] ] ] } },
{ "type": "Feature", "properties": { "factor_fine": 0.992 }, "geometry": { "type": "Polygon", "coordinates": [ [ [ -78.4325, 38.1008 ], [ -78.4323, 38.1054 ], [ -78.4266, 38.1052 ], [ -78.4268, 38.1007 ], [ -78.4325, 38.1008 ] ] ] } },
{ "type": "Feature", "properties": { "factor_fine": 0.982 }, "geometry": { "type": "Polygon", "coordinates": [ [ [ -78.4268, 38.1007 ], [ -78.4266, 38.1052 ], [ -78.4209, 38.1051 ], [ -78.4211, 38.1006 ], [ -78.4268, 38.1007 ] ] ] } },
{ "type": "Feature", "properties": { "factor_fine": 0.976 }, "geometry": { "type": "Polygon", "coordinates": [ [ [ -78.4211, 38.1006 ], [ -78.4209, 38.1051 ], [ -78.4152, 38.105 ], [ -78.4154, 38.1005 ], [ -78.4211, 38.1006 ] ] ] } },
{ "type": "Feature", "properties": { "factor_fine": 0.972 }, "geometry": { "type": "Polygon", "coordinates": [ [ [ -78.4154, 38.1005 ], [ -78.4152, 38.105 ], [ -78.4095, 38.1048 ], [ -78.4097, 38.1003 ], [ -78.4154, 38.1005 ] ] ] } },
{ "type": "Feature", "properties": { "factor_fine": 0.935 }, "geometry": { "type": "Polygon", "coordinates": [ [ [ -78.3869, 38.0998 ], [ -78.3868, 38.1043 ], [ -78.3811, 38.1042 ], [ -78.3812, 38.0997 ], [ -78.3869, 38.0998 ] ] ] } },
{ "type": "Feature", "properties": { "factor_fine": 0.867 }, "geometry": { "type": "Polygon", "coordinates": [ [ [ -78.6716, 38.1103 ], [ -78.6715, 38.1148 ], [ -78.6658, 38.1147 ], [ -78.6659, 38.1102 ], [ -78.6716, 38.1103 ] ] ] } },
{ "type": "Feature", "properties": { "factor_fine": 0.868 }, "geometry": { "type": "Polygon", "coordinates": [ [ [ -78.6659, 38.1102 ], [ -78.6658, 38.1147 ], [ -78.6601, 38.1146 ], [ -78.6603, 38.1101 ], [ -78.6659, 38.1102 ] ] ] } },
{ "type": "Feature", "properties": { "factor_fine": 0.899 }, "geometry": { "type": "Polygon", "coordinates": [ [ [ -78.6603, 38.1101 ], [ -78.6601, 38.1146 ], [ -78.6544, 38.1145 ], [ -78.6546, 38.11 ], [ -78.6603, 38.1101 ] ] ] } },
{ "type": "Feature", "properties": { "factor_fine": 0.942 }, "geometry": { "type": "Polygon", "coordinates": [ [ [ -78.6546, 38.11 ], [ -78.6544, 38.1145 ], [ -78.6487, 38.1144 ], [ -78.6489, 38.1099 ], [ -78.6546, 38.11 ] ] ] } },
{ "type": "Feature", "properties": { "factor_fine": 0.967 }, "geometry": { "type": "Polygon", "coordinates": [ [ [ -78.6489, 38.1099 ], [ -78.6487, 38.1144 ], [ -78.643, 38.1143 ], [ -78.6432, 38.1098 ], [ -78.6489, 38.1099 ] ] ] } },
{ "type": "Feature", "properties": { "factor_fine": 0.97 }, "geometry": { "type": "Polygon", "coordinates": [ [ [ -78.6432, 38.1098 ], [ -78.643, 38.1143 ], [ -78.6373, 38.1142 ], [ -78.6375, 38.1097 ], [ -78.6432, 38.1098 ] ] ] } },
{ "type": "Feature", "properties": { "factor_fine": 0.959 }, "geometry": { "type": "Polygon", "coordinates": [ [ [ -78.6375, 38.1097 ], [ -78.6373, 38.1142 ], [ -78.6316, 38.114 ], [ -78.6318, 38.1095 ], [ -78.6375, 38.1097 ] ] ] } },
{ "type": "Feature", "properties": { "factor_fine": 0.941 }, "geometry": { "type": "Polygon", "coordinates": [ [ [ -78.6318, 38.1095 ], [ -78.6316, 38.114 ], [ -78.6259, 38.1139 ], [ -78.6261, 38.1094 ], [ -78.6318, 38.1095 ] ] ] } },
{ "type": "Feature", "properties": { "factor_fine": 0.925 }, "geometry": { "type": "Polygon", "coordinates": [ [ [ -78.6261, 38.1094 ], [ -78.6259, 38.1139 ], [ -78.6202, 38.1138 ], [ -78.6204, 38.1093 ], [ -78.6261, 38.1094 ] ] ] } },
{ "type": "Feature", "properties": { "factor_fine": 0.918 }, "geometry": { "type": "Polygon", "coordinates": [ [ [ -78.6204, 38.1093 ], [ -78.6202, 38.1138 ], [ -78.6145, 38.1137 ], [ -78.6147, 38.1092 ], [ -78.6204, 38.1093 ] ] ] } },
{ "type": "Feature", "properties": { "factor_fine": 0.923 }, "geometry": { "type": "Polygon", "coordinates": [ [ [ -78.6147, 38.1092 ], [ -78.6145, 38.1137 ], [ -78.6088, 38.1136 ], [ -78.609, 38.1091 ], [ -78.6147, 38.1092 ] ] ] } },
{ "type": "Feature", "properties": { "factor_fine": 0.937 }, "geometry": { "type": "Polygon", "coordinates": [ [ [ -78.609, 38.1091 ], [ -78.6088, 38.1136 ], [ -78.6031, 38.1135 ], [ -78.6033, 38.109 ], [ -78.609, 38.1091 ] ] ] } },
{ "type": "Feature", "properties": { "factor_fine": 0.949 }, "geometry": { "type": "Polygon", "coordinates": [ [ [ -78.6033, 38.109 ], [ -78.6031, 38.1135 ], [ -78.5974, 38.1133 ], [ -78.5976, 38.1088 ], [ -78.6033, 38.109 ] ] ] } },
{ "type": "Feature", "properties": { "factor_fine": 0.936 }, "geometry": { "type": "Polygon", "coordinates": [ [ [ -78.5976, 38.1088 ], [ -78.5974, 38.1133 ], [ -78.5917, 38.1132 ], [ -78.5919, 38.1087 ], [ -78.5976, 38.1088 ] ] ] } },
{ "type": "Feature", "properties": { "factor_fine": 0.907 }, "geometry": { "type": "Polygon", "coordinates": [ [ [ -78.5919, 38.1087 ], [ -78.5917, 38.1132 ], [ -78.586, 38.1131 ], [ -78.5862, 38.1086 ], [ -78.5919, 38.1087 ] ] ] } },
{ "type": "Feature", "properties": { "factor_fine": 0.889 }, "geometry": { "type": "Polygon", "coordinates": [ [ [ -78.5862, 38.1086 ], [ -78.586, 38.1131 ], [ -78.5803, 38.113 ], [ -78.5805, 38.1085 ], [ -78.5862, 38.1086 ] ] ] } },
{ "type": "Feature", "properties": { "factor_fine": 0.891 }, "geometry": { "type": "Polygon", "coordinates": [ [ [ -78.5805, 38.1085 ], [ -78.5803, 38.113 ], [ -78.5746, 38.1129 ], [ -78.5748, 38.1084 ], [ -78.5805, 38.1085 ] ] ] } },
{ "type": "Feature", "properties": { "factor_fine": 0.924 }, "geometry": { "type": "Polygon", "coordinates": [ [ [ -78.5748, 38.1084 ], [ -78.5746, 38.1129 ], [ -78.5689, 38.1128 ], [ -78.5691, 38.1083 ], [ -78.5748, 38.1084 ] ] ] } },
{ "type": "Feature", "properties": { "factor_fine": 0.968 }, "geometry": { "type": "Polygon", "coordinates": [ [ [ -78.5691, 38.1083 ], [ -78.5689, 38.1128 ], [ -78.5632, 38.1126 ], [ -78.5634, 38.1081 ], [ -78.5691, 38.1083 ] ] ] } },
{ "type": "Feature", "properties": { "factor_fine": 0.974 }, "geometry": { "type": "Polygon", "coordinates": [ [ [ -78.5634, 38.1081 ], [ -78.5632, 38.1126 ], [ -78.5575, 38.1125 ], [ -78.5577, 38.108 ], [ -78.5634, 38.1081 ] ] ] } },
{ "type": "Feature", "properties": { "factor_fine": 0.941 }, "geometry": { "type": "Polygon", "coordinates": [ [ [ -78.5577, 38.108 ], [ -78.5575, 38.1125 ], [ -78.5518, 38.1124 ], [ -78.552, 38.1079 ], [ -78.5577, 38.108 ] ] ] } },
{ "type": "Feature", "properties": { "factor_fine": 0.915 }, "geometry": { "type": "Polygon", "coordinates": [ [ [ -78.552, 38.1079 ], [ -78.5518, 38.1124 ], [ -78.5461, 38.1123 ], [ -78.5463, 38.1078 ], [ -78.552, 38.1079 ] ] ] } },
{ "type": "Feature", "properties": { "factor_fine": 0.915 }, "geometry": { "type": "Polygon", "coordinates": [ [ [ -78.5463, 38.1078 ], [ -78.5461, 38.1123 ], [ -78.5404, 38.1122 ], [ -78.5406, 38.1077 ], [ -78.5463, 38.1078 ] ] ] } },
{ "type": "Feature", "properties": { "factor_fine": 0.94 }, "geometry": { "type": "Polygon", "coordinates": [ [ [ -78.5406, 38.1077 ], [ -78.5404, 38.1122 ], [ -78.5347, 38.1121 ], [ -78.5349, 38.1075 ], [ -78.5406, 38.1077 ] ] ] } },
{ "type": "Feature", "properties": { "factor_fine": 0.97 }, "geometry": { "type": "Polygon", "coordinates": [ [ [ -78.5349, 38.1075 ], [ -78.5347, 38.1121 ], [ -78.529, 38.1119 ], [ -78.5292, 38.1074 ], [ -78.5349, 38.1075 ] ] ] } },
{ "type": "Feature", "properties": { "factor_fine": 0.983 }, "geometry": { "type": "Polygon", "coordinates": [ [ [ -78.5292, 38.1074 ], [ -78.529, 38.1119 ], [ -78.5233, 38.1118 ], [ -78.5235, 38.1073 ], [ -78.5292, 38.1074 ] ] ] } },
{ "type": "Feature", "properties": { "factor_fine": 0.977 }, "geometry": { "type": "Polygon", "coordinates": [ [ [ -78.5235, 38.1073 ], [ -78.5233, 38.1118 ], [ -78.5176, 38.1117 ], [ -78.5178, 38.1072 ], [ -78.5235, 38.1073 ] ] ] } },
{ "type": "Feature", "properties": { "factor_fine": 0.965 }, "geometry": { "type": "Polygon", "coordinates": [ [ [ -78.5178, 38.1072 ], [ -78.5176, 38.1117 ], [ -78.5119, 38.1116 ], [ -78.5121, 38.1071 ], [ -78.5178, 38.1072 ] ] ] } },
{ "type": "Feature", "properties": { "factor_fine": 0.954 }, "geometry": { "type": "Polygon", "coordinates": [ [ [ -78.5121, 38.1071 ], [ -78.5119, 38.1116 ], [ -78.5062, 38.1114 ], [ -78.5064, 38.1069 ], [ -78.5121, 38.1071 ] ] ] } },
{ "type": "Feature", "properties": { "factor_fine": 0.957 }, "geometry": { "type": "Polygon", "coordinates": [ [ [ -78.5064, 38.1069 ], [ -78.5062, 38.1114 ], [ -78.5005, 38.1113 ], [ -78.5007, 38.1068 ], [ -78.5064, 38.1069 ] ] ] } },
{ "type": "Feature", "properties": { "factor_fine": 0.976 }, "geometry": { "type": "Polygon", "coordinates": [ [ [ -78.5007, 38.1068 ], [ -78.5005, 38.1113 ], [ -78.4948, 38.1112 ], [ -78.495, 38.1067 ], [ -78.5007, 38.1068 ] ] ] } },
{ "type": "Feature", "properties": { "factor_fine": 0.982 }, "geometry": { "type": "Polygon", "coordinates": [ [ [ -78.495, 38.1067 ], [ -78.4948, 38.1112 ], [ -78.4892, 38.1111 ], [ -78.4893, 38.1066 ], [ -78.495, 38.1067 ] ] ] } },
{ "type": "Feature", "properties": { "factor_fine": 0.976 }, "geometry": { "type": "Polygon", "coordinates": [ [ [ -78.4893, 38.1066 ], [ -78.4892, 38.1111 ], [ -78.4835, 38.111 ], [ -78.4836, 38.1065 ], [ -78.4893, 38.1066 ] ] ] } },
{ "type": "Feature", "properties": { "factor_fine": 0.979 }, "geometry": { "type": "Polygon", "coordinates": [ [ [ -78.4836, 38.1065 ], [ -78.4835, 38.111 ], [ -78.4778, 38.1108 ], [ -78.4779, 38.1063 ], [ -78.4836, 38.1065 ] ] ] } },
{ "type": "Feature", "properties": { "factor_fine": 0.998 }, "geometry": { "type": "Polygon", "coordinates": [ [ [ -78.4779, 38.1063 ], [ -78.4778, 38.1108 ], [ -78.4721, 38.1107 ], [ -78.4722, 38.1062 ], [ -78.4779, 38.1063 ] ] ] } },
{ "type": "Feature", "properties": { "factor_fine": 1.027 }, "geometry": { "type": "Polygon", "coordinates": [ [ [ -78.4722, 38.1062 ], [ -78.4721, 38.1107 ], [ -78.4664, 38.1106 ], [ -78.4665, 38.1061 ], [ -78.4722, 38.1062 ] ] ] } },
{ "type": "Feature", "properties": { "factor_fine": 1.044 }, "geometry": { "type": "Polygon", "coordinates": [ [ [ -78.4665, 38.1061 ], [ -78.4664, 38.1106 ], [ -78.4607, 38.1105 ], [ -78.4608, 38.106 ], [ -78.4665, 38.1061 ] ] ] } },
{ "type": "Feature", "properties": { "factor_fine": 1.047 }, "geometry": { "type": "Polygon", "coordinates": [ [ [ -78.4608, 38.106 ], [ -78.4607, 38.1105 ], [ -78.455, 38.1103 ], [ -78.4551, 38.1058 ], [ -78.4608, 38.106 ] ] ] } },
{ "type": "Feature", "properties": { "factor_fine": 1.041 }, "geometry": { "type": "Polygon", "coordinates": [ [ [ -78.4551, 38.1058 ], [ -78.455, 38.1103 ], [ -78.4493, 38.1102 ], [ -78.4494, 38.1057 ], [ -78.4551, 38.1058 ] ] ] } },
{ "type": "Feature", "properties": { "factor_fine": 1.031 }, "geometry": { "type": "Polygon", "coordinates": [ [ [ -78.4494, 38.1057 ], [ -78.4493, 38.1102 ], [ -78.4436, 38.1101 ], [ -78.4437, 38.1056 ], [ -78.4494, 38.1057 ] ] ] } },
{ "type": "Feature", "properties": { "factor_fine": 1.019 }, "geometry": { "type": "Polygon", "coordinates": [ [ [ -78.4437, 38.1056 ], [ -78.4436, 38.1101 ], [ -78.4379, 38.11 ], [ -78.438, 38.1055 ], [ -78.4437, 38.1056 ] ] ] } },
{ "type": "Feature", "properties": { "factor_fine": 1.005 }, "geometry": { "type": "Polygon", "coordinates": [ [ [ -78.438, 38.1055 ], [ -78.4379, 38.11 ], [ -78.4322, 38.1099 ], [ -78.4323, 38.1054 ], [ -78.438, 38.1055 ] ] ] } },
{ "type": "Feature", "properties": { "factor_fine": 0.993 }, "geometry": { "type": "Polygon", "coordinates": [ [ [ -78.4323, 38.1054 ], [ -78.4322, 38.1099 ], [ -78.4265, 38.1097 ], [ -78.4266, 38.1052 ], [ -78.4323, 38.1054 ] ] ] } },
{ "type": "Feature", "properties": { "factor_fine": 0.984 }, "geometry": { "type": "Polygon", "coordinates": [ [ [ -78.4266, 38.1052 ], [ -78.4265, 38.1097 ], [ -78.4208, 38.1096 ], [ -78.4209, 38.1051 ], [ -78.4266, 38.1052 ] ] ] } },
{ "type": "Feature", "properties": { "factor_fine": 0.978 }, "geometry": { "type": "Polygon", "coordinates": [ [ [ -78.4209, 38.1051 ], [ -78.4208, 38.1096 ], [ -78.4151, 38.1095 ], [ -78.4152, 38.105 ], [ -78.4209, 38.1051 ] ] ] } },
{ "type": "Feature", "properties": { "factor_fine": 0.973 }, "geometry": { "type": "Polygon", "coordinates": [ [ [ -78.4152, 38.105 ], [ -78.4151, 38.1095 ], [ -78.4094, 38.1094 ], [ -78.4095, 38.1048 ], [ -78.4152, 38.105 ] ] ] } },
{ "type": "Feature", "properties": { "factor_fine": 0.953 }, "geometry": { "type": "Polygon", "coordinates": [ [ [ -78.4095, 38.1048 ], [ -78.4094, 38.1094 ], [ -78.4037, 38.1092 ], [ -78.4038, 38.1047 ], [ -78.4095, 38.1048 ] ] ] } },
{ "type": "Feature", "properties": { "factor_fine": 0.908 }, "geometry": { "type": "Polygon", "coordinates": [ [ [ -78.3924, 38.1045 ], [ -78.3923, 38.109 ], [ -78.3866, 38.1088 ], [ -78.3868, 38.1043 ], [ -78.3924, 38.1045 ] ] ] } },
{ "type": "Feature", "properties": { "factor_fine": 0.922 }, "geometry": { "type": "Polygon", "coordinates": [ [ [ -78.3868, 38.1043 ], [ -78.3866, 38.1088 ], [ -78.3809, 38.1087 ], [ -78.3811, 38.1042 ], [ -78.3868, 38.1043 ] ] ] } },
{ "type": "Feature", "properties": { "factor_fine": 0.924 }, "geometry": { "type": "Polygon", "coordinates": [ [ [ -78.3811, 38.1042 ], [ -78.3809, 38.1087 ], [ -78.3752, 38.1086 ], [ -78.3754, 38.1041 ], [ -78.3811, 38.1042 ] ] ] } },
{ "type": "Feature", "properties": { "factor_fine": 0.914 }, "geometry": { "type": "Polygon", "coordinates": [ [ [ -78.3754, 38.1041 ], [ -78.3752, 38.1086 ], [ -78.3695, 38.1085 ], [ -78.3697, 38.104 ], [ -78.3754, 38.1041 ] ] ] } },
{ "type": "Feature", "properties": { "factor_fine": 0.899 }, "geometry": { "type": "Polygon", "coordinates": [ [ [ -78.3697, 38.104 ], [ -78.3695, 38.1085 ], [ -78.3638, 38.1083 ], [ -78.364, 38.1038 ], [ -78.3697, 38.104 ] ] ] } },
{ "type": "Feature", "properties": { "factor_fine": 0.802 }, "geometry": { "type": "Polygon", "coordinates": [ [ [ -78.6715, 38.1148 ], [ -78.6714, 38.1193 ], [ -78.6657, 38.1192 ], [ -78.6658, 38.1147 ], [ -78.6715, 38.1148 ] ] ] } },
{ "type": "Feature", "properties": { "factor_fine": 0.826 }, "geometry": { "type": "Polygon", "coordinates": [ [ [ -78.6658, 38.1147 ], [ -78.6657, 38.1192 ], [ -78.66, 38.1191 ], [ -78.6601, 38.1146 ], [ -78.6658, 38.1147 ] ] ] } },
{ "type": "Feature", "properties": { "factor_fine": 0.875 }, "geometry": { "type": "Polygon", "coordinates": [ [ [ -78.6601, 38.1146 ], [ -78.66, 38.1191 ], [ -78.6543, 38.119 ], [ -78.6544, 38.1145 ], [ -78.6601, 38.1146 ] ] ] } },
{ "type": "Feature", "properties": { "factor_fine": 0.926 }, "geometry": { "type": "Polygon", "coordinates": [ [ [ -78.6544, 38.1145 ], [ -78.6543, 38.119 ], [ -78.6486, 38.1189 ], [ -78.6487, 38.1144 ], [ -78.6544, 38.1145 ] ] ] } },
{ "type": "Feature", "properties": { "factor_fine": 0.953 }, "geometry": { "type": "Polygon", "coordinates": [ [ [ -78.6487, 38.1144 ], [ -78.6486, 38.1189 ], [ -78.6429, 38.1188 ], [ -78.643, 38.1143 ], [ -78.6487, 38.1144 ] ] ] } },
{ "type": "Feature", "properties": { "factor_fine": 0.959 }, "geometry": { "type": "Polygon", "coordinates": [ [ [ -78.643, 38.1143 ], [ -78.6429, 38.1188 ], [ -78.6372, 38.1187 ], [ -78.6373, 38.1142 ], [ -78.643, 38.1143 ] ] ] } },
{ "type": "Feature", "properties": { "factor_fine": 0.953 }, "geometry": { "type": "Polygon", "coordinates": [ [ [ -78.6373, 38.1142 ], [ -78.6372, 38.1187 ], [ -78.6315, 38.1185 ], [ -78.6316, 38.114 ], [ -78.6373, 38.1142 ] ] ] } },
{ "type": "Feature", "properties": { "factor_fine": 0.941 }, "geometry": { "type": "Polygon", "coordinates": [ [ [ -78.6316, 38.114 ], [ -78.6315, 38.1185 ], [ -78.6258, 38.1184 ], [ -78.6259, 38.1139 ], [ -78.6316, 38.114 ] ] ] } },
{ "type": "Feature", "properties": { "factor_fine": 0.87 }, "geometry": { "type": "Polygon", "coordinates": [ [ [ -78.586, 38.1131 ], [ -78.5859, 38.1176 ], [ -78.5802, 38.1175 ], [ -78.5803, 38.113 ], [ -78.586, 38.1131 ] ] ] } },
{ "type": "Feature", "properties": { "factor_fine": 0.877 }, "geometry": { "type": "Polygon", "coordinates": [ [ [ -78.5803, 38.113 ], [ -78.5802, 38.1175 ], [ -78.5745, 38.1174 ], [ -78.5746, 38.1129 ], [ -78.5803, 38.113 ] ] ] } },
{ "type": "Feature", "properties": { "factor_fine": 0.914 }, "geometry": { "type": "Polygon", "coordinates": [ [ [ -78.5746, 38.1129 ], [ -78.5745, 38.1174 ], [ -78.5688, 38.1173 ], [ -78.5689, 38.1128 ], [ -78.5746, 38.1129 ] ] ] } },
{ "type": "Feature", "properties": { "factor_fine": 0.949 }, "geometry": { "type": "Polygon", "coordinates": [ [ [ -78.5689, 38.1128 ], [ -78.5688, 38.1173 ], [ -78.5631, 38.1171 ], [ -78.5632, 38.1126 ], [ -78.5689, 38.1128 ] ] ] } },
{ "type": "Feature", "properties": { "factor_fine": 0.929 }, "geometry": { "type": "Polygon", "coordinates": [ [ [ -78.5632, 38.1126 ], [ -78.5631, 38.1171 ], [ -78.5574, 38.117 ], [ -78.5575, 38.1125 ], [ -78.5632, 38.1126 ] ] ] } },
{ "type": "Feature", "properties": { "factor_fine": 0.89 }, "geometry": { "type": "Polygon", "coordinates": [ [ [ -78.5575, 38.1125 ], [ -78.5574, 38.117 ], [ -78.5517, 38.1169 ], [ -78.5518, 38.1124 ], [ -78.5575, 38.1125 ] ] ] } },
{ "type": "Feature", "properties": { "factor_fine": 0.879 }, "geometry": { "type": "Polygon", "coordinates": [ [ [ -78.5518, 38.1124 ], [ -78.5517, 38.1169 ], [ -78.546, 38.1168 ], [ -78.5461, 38.1123 ], [ -78.5518, 38.1124 ] ] ] } },
{ "type": "Feature", "properties": { "factor_fine": 0.899 }, "geometry": { "type": "Polygon", "coordinates": [ [ [ -78.5461, 38.1123 ], [ -78.546, 38.1168 ], [ -78.5403, 38.1167 ], [ -78.5404, 38.1122 ], [ -78.5461, 38.1123 ] ] ] } },
{ "type": "Feature", "properties": { "factor_fine": 0.934 }, "geometry": { "type": "Polygon", "coordinates": [ [ [ -78.5404, 38.1122 ], [ -78.5403, 38.1167 ], [ -78.5346, 38.1166 ], [ -78.5347, 38.1121 ], [ -78.5404, 38.1122 ] ] ] } },
{ "type": "Feature", "properties": { "factor_fine": 0.964 }, "geometry": { "type": "Polygon", "coordinates": [ [ [ -78.5347, 38.1121 ], [ -78.5346, 38.1166 ], [ -78.5289, 38.1164 ], [ -78.529, 38.1119 ], [ -78.5347, 38.1121 ] ] ] } },
{ "type": "Feature", "properties": { "factor_fine": 0.975 }, "geometry": { "type": "Polygon", "coordinates": [ [ [ -78.529, 38.1119 ], [ -78.5289, 38.1164 ], [ -78.5232, 38.1163 ], [ -78.5233, 38.1118 ], [ -78.529, 38.1119 ] ] ] } },
{ "type": "Feature", "properties": { "factor_fine": 0.971 }, "geometry": { "type": "Polygon", "coordinates": [ [ [ -78.5233, 38.1118 ], [ -78.5232, 38.1163 ], [ -78.5175, 38.1162 ], [ -78.5176, 38.1117 ], [ -78.5233, 38.1118 ] ] ] } },
{ "type": "Feature", "properties": { "factor_fine": 0.962 }, "geometry": { "type": "Polygon", "coordinates": [ [ [ -78.5176, 38.1117 ], [ -78.5175, 38.1162 ], [ -78.5118, 38.1161 ], [ -78.5119, 38.1116 ], [ -78.5176, 38.1117 ] ] ] } },
{ "type": "Feature", "properties": { "factor_fine": 0.953 }, "geometry": { "type": "Polygon", "coordinates": [ [ [ -78.5119, 38.1116 ], [ -78.5118, 38.1161 ], [ -78.5061, 38.116 ], [ -78.5062, 38.1114 ], [ -78.5119, 38.1116 ] ] ] } },
{ "type": "Feature", "properties": { "factor_fine": 0.952 }, "geometry": { "type": "Polygon", "coordinates": [ [ [ -78.5062, 38.1114 ], [ -78.5061, 38.116 ], [ -78.5004, 38.1158 ], [ -78.5005, 38.1113 ], [ -78.5062, 38.1114 ] ] ] } },
{ "type": "Feature", "properties": { "factor_fine": 0.963 }, "geometry": { "type": "Polygon", "coordinates": [ [ [ -78.5005, 38.1113 ], [ -78.5004, 38.1158 ], [ -78.4947, 38.1157 ], [ -78.4948, 38.1112 ], [ -78.5005, 38.1113 ] ] ] } },
{ "type": "Feature", "properties": { "factor_fine": 0.962 }, "geometry": { "type": "Polygon", "coordinates": [ [ [ -78.4948, 38.1112 ], [ -78.4947, 38.1157 ], [ -78.489, 38.1156 ], [ -78.4892, 38.1111 ], [ -78.4948, 38.1112 ] ] ] } },
{ "type": "Feature", "properties": { "factor_fine": 0.95 }, "geometry": { "type": "Polygon", "coordinates": [ [ [ -78.4892, 38.1111 ], [ -78.489, 38.1156 ], [ -78.4833, 38.1155 ], [ -78.4835, 38.111 ], [ -78.4892, 38.1111 ] ] ] } },
{ "type": "Feature", "properties": { "factor_fine": 0.947 }, "geometry": { "type": "Polygon", "coordinates": [ [ [ -78.4835, 38.111 ], [ -78.4833, 38.1155 ], [ -78.4776, 38.1153 ], [ -78.4778, 38.1108 ], [ -78.4835, 38.111 ] ] ] } },
{ "type": "Feature", "properties": { "factor_fine": 0.962 }, "geometry": { "type": "Polygon", "coordinates": [ [ [ -78.4778, 38.1108 ], [ -78.4776, 38.1153 ], [ -78.4719, 38.1152 ], [ -78.4721, 38.1107 ], [ -78.4778, 38.1108 ] ] ] } },
{ "type": "Feature", "properties": { "factor_fine": 0.993 }, "geometry": { "type": "Polygon", "coordinates": [ [ [ -78.4721, 38.1107 ], [ -78.4719, 38.1152 ], [ -78.4662, 38.1151 ], [ -78.4664, 38.1106 ], [ -78.4721, 38.1107 ] ] ] } },
{ "type": "Feature", "properties": { "factor_fine": 1.019 }, "geometry": { "type": "Polygon", "coordinates": [ [ [ -78.4664, 38.1106 ], [ -78.4662, 38.1151 ], [ -78.4605, 38.115 ], [ -78.4607, 38.1105 ], [ -78.4664, 38.1106 ] ] ] } },
{ "type": "Feature", "properties": { "factor_fine": 1.027 }, "geometry": { "type": "Polygon", "coordinates": [ [ [ -78.4607, 38.1105 ], [ -78.4605, 38.115 ], [ -78.4548, 38.1149 ], [ -78.455, 38.1103 ], [ -78.4607, 38.1105 ] ] ] } },
{ "type": "Feature", "properties": { "factor_fine": 1.025 }, "geometry": { "type": "Polygon", "coordinates": [ [ [ -78.455, 38.1103 ], [ -78.4548, 38.1149 ], [ -78.4491, 38.1147 ], [ -78.4493, 38.1102 ], [ -78.455, 38.1103 ] ] ] } },
{ "type": "Feature", "properties": { "factor_fine": 1.018 }, "geometry": { "type": "Polygon", "coordinates": [ [ [ -78.4493, 38.1102 ], [ -78.4491, 38.1147 ], [ -78.4434, 38.1146 ], [ -78.4436, 38.1101 ], [ -78.4493, 38.1102 ] ] ] } },
{ "type": "Feature", "properties": { "factor_fine": 1.008 }, "geometry": { "type": "Polygon", "coordinates": [ [ [ -78.4436, 38.1101 ], [ -78.4434, 38.1146 ], [ -78.4377, 38.1145 ], [ -78.4379, 38.11 ], [ -78.4436, 38.1101 ] ] ] } },
{ "type": "Feature", "properties": { "factor_fine": 0.998 }, "geometry": { "type": "Polygon", "coordinates": [ [ [ -78.4379, 38.11 ], [ -78.4377, 38.1145 ], [ -78.432, 38.1144 ], [ -78.4322, 38.1099 ], [ -78.4379, 38.11 ] ] ] } },
{ "type": "Feature", "properties": { "factor_fine": 0.989 }, "geometry": { "type": "Polygon", "coordinates": [ [ [ -78.4322, 38.1099 ], [ -78.432, 38.1144 ], [ -78.4263, 38.1142 ], [ -78.4265, 38.1097 ], [ -78.4322, 38.1099 ] ] ] } },
{ "type": "Feature", "properties": { "factor_fine": 0.981 }, "geometry": { "type": "Polygon", "coordinates": [ [ [ -78.4265, 38.1097 ], [ -78.4263, 38.1142 ], [ -78.4206, 38.1141 ], [ -78.4208, 38.1096 ], [ -78.4265, 38.1097 ] ] ] } },
{ "type": "Feature", "properties": { "factor_fine": 0.976 }, "geometry": { "type": "Polygon", "coordinates": [ [ [ -78.4208, 38.1096 ], [ -78.4206, 38.1141 ], [ -78.4149, 38.114 ], [ -78.4151, 38.1095 ], [ -78.4208, 38.1096 ] ] ] } },
{ "type": "Feature", "properties": { "factor_fine": 0.969 }, "geometry": { "type": "Polygon", "coordinates": [ [ [ -78.4151, 38.1095 ], [ -78.4149, 38.114 ], [ -78.4092, 38.1139 ], [ -78.4094, 38.1094 ], [ -78.4151, 38.1095 ] ] ] } },
{ "type": "Feature", "properties": { "factor_fine": 0.949 }, "geometry": { "type": "Polygon", "coordinates": [ [ [ -78.4094, 38.1094 ], [ -78.4092, 38.1139 ], [ -78.4035, 38.1137 ], [ -78.4037, 38.1092 ], [ -78.4094, 38.1094 ] ] ] } },
{ "type": "Feature", "properties": { "factor_fine": 0.903 }, "geometry": { "type": "Polygon", "coordinates": [ [ [ -78.4037, 38.1092 ], [ -78.4035, 38.1137 ], [ -78.3978, 38.1136 ], [ -78.398, 38.1091 ], [ -78.4037, 38.1092 ] ] ] } },
{ "type": "Feature", "properties": { "factor_fine": 0.882 }, "geometry": { "type": "Polygon", "coordinates": [ [ [ -78.398, 38.1091 ], [ -78.3978, 38.1136 ], [ -78.3921, 38.1135 ], [ -78.3923, 38.109 ], [ -78.398, 38.1091 ] ] ] } },
{ "type": "Feature", "properties": { "factor_fine": 0.889 }, "geometry": { "type": "Polygon", "coordinates": [ [ [ -78.3923, 38.109 ], [ -78.3921, 38.1135 ], [ -78.3864, 38.1133 ], [ -78.3866, 38.1088 ], [ -78.3923, 38.109 ] ] ] } },
{ "type": "Feature", "properties": { "factor_fine": 0.898 }, "geometry": { "type": "Polygon", "coordinates": [ [ [ -78.3866, 38.1088 ], [ -78.3864, 38.1133 ], [ -78.3807, 38.1132 ], [ -78.3809, 38.1087 ], [ -78.3866, 38.1088 ] ] ] } },
{ "type": "Feature", "properties": { "factor_fine": 0.895 }, "geometry": { "type": "Polygon", "coordinates": [ [ [ -78.3809, 38.1087 ], [ -78.3807, 38.1132 ], [ -78.375, 38.1131 ], [ -78.3752, 38.1086 ], [ -78.3809, 38.1087 ] ] ] } },
{ "type": "Feature", "properties": { "factor_fine": 0.883 }, "geometry": { "type": "Polygon", "coordinates": [ [ [ -78.3752, 38.1086 ], [ -78.375, 38.1131 ], [ -78.3693, 38.113 ], [ -78.3695, 38.1085 ], [ -78.3752, 38.1086 ] ] ] } },
{ "type": "Feature", "properties": { "factor_fine": 0.87 }, "geometry": { "type": "Polygon", "coordinates": [ [ [ -78.3695, 38.1085 ], [ -78.3693, 38.113 ], [ -78.3636, 38.1128 ], [ -78.3638, 38.1083 ], [ -78.3695, 38.1085 ] ] ] } },
{ "type": "Feature", "properties": { "factor_fine": 0.858 }, "geometry": { "type": "Polygon", "coordinates": [ [ [ -78.3638, 38.1083 ], [ -78.3636, 38.1128 ], [ -78.3579, 38.1127 ], [ -78.3581, 38.1082 ], [ -78.3638, 38.1083 ] ] ] } },
{ "type": "Feature", "properties": { "factor_fine": 0.937 }, "geometry": { "type": "Polygon", "coordinates": [ [ [ -78.6486, 38.1189 ], [ -78.6484, 38.1234 ], [ -78.6427, 38.1233 ], [ -78.6429, 38.1188 ], [ -78.6486, 38.1189 ] ] ] } },
{ "type": "Feature", "properties": { "factor_fine": 0.843 }, "geometry": { "type": "Polygon", "coordinates": [ [ [ -78.5574, 38.117 ], [ -78.5572, 38.1215 ], [ -78.5515, 38.1214 ], [ -78.5517, 38.1169 ], [ -78.5574, 38.117 ] ] ] } },
{ "type": "Feature", "properties": { "factor_fine": 0.854 }, "geometry": { "type": "Polygon", "coordinates": [ [ [ -78.5517, 38.1169 ], [ -78.5515, 38.1214 ], [ -78.5458, 38.1213 ], [ -78.546, 38.1168 ], [ -78.5517, 38.1169 ] ] ] } },
{ "type": "Feature", "properties": { "factor_fine": 0.892 }, "geometry": { "type": "Polygon", "coordinates": [ [ [ -78.546, 38.1168 ], [ -78.5458, 38.1213 ], [ -78.5401, 38.1212 ], [ -78.5403, 38.1167 ], [ -78.546, 38.1168 ] ] ] } },
{ "type": "Feature", "properties": { "factor_fine": 0.933 }, "geometry": { "type": "Polygon", "coordinates": [ [ [ -78.5403, 38.1167 ], [ -78.5401, 38.1212 ], [ -78.5344, 38.1211 ], [ -78.5346, 38.1166 ], [ -78.5403, 38.1167 ] ] ] } },
{ "type": "Feature", "properties": { "factor_fine": 0.957 }, "geometry": { "type": "Polygon", "coordinates": [ [ [ -78.5346, 38.1166 ], [ -78.5344, 38.1211 ], [ -78.5287, 38.1209 ], [ -78.5289, 38.1164 ], [ -78.5346, 38.1166 ] ] ] } },
{ "type": "Feature", "properties": { "factor_fine": 0.961 }, "geometry": { "type": "Polygon", "coordinates": [ [ [ -78.5289, 38.1164 ], [ -78.5287, 38.1209 ], [ -78.523, 38.1208 ], [ -78.5232, 38.1163 ], [ -78.5289, 38.1164 ] ] ] } },
{ "type": "Feature", "properties": { "factor_fine": 0.956 }, "geometry": { "type": "Polygon", "coordinates": [ [ [ -78.5232, 38.1163 ], [ -78.523, 38.1208 ], [ -78.5173, 38.1207 ], [ -78.5175, 38.1162 ], [ -78.5232, 38.1163 ] ] ] } },
{ "type": "Feature", "properties": { "factor_fine": 0.95 }, "geometry": { "type": "Polygon", "coordinates": [ [ [ -78.5175, 38.1162 ], [ -78.5173, 38.1207 ], [ -78.5116, 38.1206 ], [ -78.5118, 38.1161 ], [ -78.5175, 38.1162 ] ] ] } },
{ "type": "Feature", "properties": { "factor_fine": 0.943 }, "geometry": { "type": "Polygon", "coordinates": [ [ [ -78.5118, 38.1161 ], [ -78.5116, 38.1206 ], [ -78.5059, 38.1205 ], [ -78.5061, 38.116 ], [ -78.5118, 38.1161 ] ] ] } },
{ "type": "Feature", "properties": { "factor_fine": 0.94 }, "geometry": { "type": "Polygon", "coordinates": [ [ [ -78.5061, 38.116 ], [ -78.5059, 38.1205 ], [ -78.5002, 38.1203 ], [ -78.5004, 38.1158 ], [ -78.5061, 38.116 ] ] ] } },
{ "type": "Feature", "properties": { "factor_fine": 0.942 }, "geometry": { "type": "Polygon", "coordinates": [ [ [ -78.5004, 38.1158 ], [ -78.5002, 38.1203 ], [ -78.4945, 38.1202 ], [ -78.4947, 38.1157 ], [ -78.5004, 38.1158 ] ] ] } },
{ "type": "Feature", "properties": { "factor_fine": 0.937 }, "geometry": { "type": "Polygon", "coordinates": [ [ [ -78.4947, 38.1157 ], [ -78.4945, 38.1202 ], [ -78.4888, 38.1201 ], [ -78.489, 38.1156 ], [ -78.4947, 38.1157 ] ] ] } },
{ "type": "Feature", "properties": { "factor_fine": 0.927 }, "geometry": { "type": "Polygon", "coordinates": [ [ [ -78.489, 38.1156 ], [ -78.4888, 38.1201 ], [ -78.4831, 38.12 ], [ -78.4833, 38.1155 ], [ -78.489, 38.1156 ] ] ] } },
{ "type": "Feature", "properties": { "factor_fine": 0.922 }, "geometry": { "type": "Polygon", "coordinates": [ [ [ -78.4833, 38.1155 ], [ -78.4831, 38.12 ], [ -78.4774, 38.1198 ], [ -78.4776, 38.1153 ], [ -78.4833, 38.1155 ] ] ] } },
{ "type": "Feature", "properties": { "factor_fine": 0.927 }, "geometry": { "type": "Polygon", "coordinates": [ [ [ -78.4776, 38.1153 ], [ -78.4774, 38.1198 ], [ -78.4717, 38.1197 ], [ -78.4719, 38.1152 ], [ -78.4776, 38.1153 ] ] ] } },
{ "type": "Feature", "properties": { "factor_fine": 0.95 }, "geometry": { "type": "Polygon", "coordinates": [ [ [ -78.4719, 38.1152 ], [ -78.4717, 38.1197 ], [ -78.466, 38.1196 ], [ -78.4662, 38.1151 ], [ -78.4719, 38.1152 ] ] ] } },
{ "type": "Feature", "properties": { "factor_fine": 0.981 }, "geometry": { "type": "Polygon", "coordinates": [ [ [ -78.4662, 38.1151 ], [ -78.466, 38.1196 ], [ -78.4603, 38.1195 ], [ -78.4605, 38.115 ], [ -78.4662, 38.1151 ] ] ] } },
{ "type": "Feature", "properties": { "factor_fine": 0.999 }, "geometry": { "type": "Polygon", "coordinates": [ [ [ -78.4605, 38.115 ], [ -78.4603, 38.1195 ], [ -78.4546, 38.1194 ], [ -78.4548, 38.1149 ], [ -78.4605, 38.115 ] ] ] } },
{ "type": "Feature", "properties": { "factor_fine": 1.004 }, "geometry": { "type": "Polygon", "coordinates": [ [ [ -78.4548, 38.1149 ], [ -78.4546, 38.1194 ], [ -78.449, 38.1192 ], [ -78.4491, 38.1147 ], [ -78.4548, 38.1149 ] ] ] } },
{ "type": "Feature", "properties": { "factor_fine": 1.001 }, "geometry": { "type": "Polygon", "coordinates": [ [ [ -78.4491, 38.1147 ], [ -78.449, 38.1192 ], [ -78.4433, 38.1191 ], [ -78.4434, 38.1146 ], [ -78.4491, 38.1147 ] ] ] } },
{ "type": "Feature", "properties": { "factor_fine": 0.994 }, "geometry": { "type": "Polygon", "coordinates": [ [ [ -78.4434, 38.1146 ], [ -78.4433, 38.1191 ], [ -78.4376, 38.119 ], [ -78.4377, 38.1145 ], [ -78.4434, 38.1146 ] ] ] } },
{ "type": "Feature", "properties": { "factor_fine": 0.987 }, "geometry": { "type": "Polygon", "coordinates": [ [ [ -78.4377, 38.1145 ], [ -78.4376, 38.119 ], [ -78.4319, 38.1189 ], [ -78.432, 38.1144 ], [ -78.4377, 38.1145 ] ] ] } },
{ "type": "Feature", "properties": { "factor_fine": 0.981 }, "geometry": { "type": "Polygon", "coordinates": [ [ [ -78.432, 38.1144 ], [ -78.4319, 38.1189 ], [ -78.4262, 38.1187 ], [ -78.4263, 38.1142 ], [ -78.432, 38.1144 ] ] ] } },
{ "type": "Feature", "properties": { "factor_fine": 0.977 }, "geometry": { "type": "Polygon", "coordinates": [ [ [ -78.4263, 38.1142 ], [ -78.4262, 38.1187 ], [ -78.4205, 38.1186 ], [ -78.4206, 38.1141 ], [ -78.4263, 38.1142 ] ] ] } },
{ "type": "Feature", "properties": { "factor_fine": 0.973 }, "geometry": { "type": "Polygon", "coordinates": [ [ [ -78.4206, 38.1141 ], [ -78.4205, 38.1186 ], [ -78.4148, 38.1185 ], [ -78.4149, 38.114 ], [ -78.4206, 38.1141 ] ] ] } },
{ "type": "Feature", "properties": { "factor_fine": 0.967 }, "geometry": { "type": "Polygon", "coordinates": [ [ [ -78.4149, 38.114 ], [ -78.4148, 38.1185 ], [ -78.4091, 38.1184 ], [ -78.4092, 38.1139 ], [ -78.4149, 38.114 ] ] ] } },
{ "type": "Feature", "properties": { "factor_fine": 0.951 }, "geometry": { "type": "Polygon", "coordinates": [ [ [ -78.4092, 38.1139 ], [ -78.4091, 38.1184 ], [ -78.4034, 38.1182 ], [ -78.4035, 38.1137 ], [ -78.4092, 38.1139 ] ] ] } },
{ "type": "Feature", "properties": { "factor_fine": 0.909 }, "geometry": { "type": "Polygon", "coordinates": [ [ [ -78.4035, 38.1137 ], [ -78.4034, 38.1182 ], [ -78.3977, 38.1181 ], [ -78.3978, 38.1136 ], [ -78.4035, 38.1137 ] ] ] } },
{ "type": "Feature", "properties": { "factor_fine": 0.875 }, "geometry": { "type": "Polygon", "coordinates": [ [ [ -78.3978, 38.1136 ], [ -78.3977, 38.1181 ], [ -78.392, 38.118 ], [ -78.3921, 38.1135 ], [ -78.3978, 38.1136 ] ] ] } },
{ "type": "Feature", "properties": { "factor_fine": 0.871 }, "geometry": { "type": "Polygon", "coordinates": [ [ [ -78.3921, 38.1135 ], [ -78.392, 38.118 ], [ -78.3863, 38.1178 ], [ -78.3864, 38.1133 ], [ -78.3921, 38.1135 ] ] ] } },
{ "type": "Feature", "properties": { "factor_fine": 0.873 }, "geometry": { "type": "Polygon", "coordinates": [ [ [ -78.3864, 38.1133 ], [ -78.3863, 38.1178 ], [ -78.3806, 38.1177 ], [ -78.3807, 38.1132 ], [ -78.3864, 38.1133 ] ] ] } },
{ "type": "Feature", "properties": { "factor_fine": 0.869 }, "geometry": { "type": "Polygon", "coordinates": [ [ [ -78.3807, 38.1132 ], [ -78.3806, 38.1177 ], [ -78.3749, 38.1176 ], [ -78.375, 38.1131 ], [ -78.3807, 38.1132 ] ] ] } },
{ "type": "Feature", "properties": { "factor_fine": 0.86 }, "geometry": { "type": "Polygon", "coordinates": [ [ [ -78.375, 38.1131 ], [ -78.3749, 38.1176 ], [ -78.3692, 38.1175 ], [ -78.3693, 38.113 ], [ -78.375, 38.1131 ] ] ] } },
{ "type": "Feature", "properties": { "factor_fine": 0.849 }, "geometry": { "type": "Polygon", "coordinates": [ [ [ -78.3693, 38.113 ], [ -78.3692, 38.1175 ], [ -78.3635, 38.1173 ], [ -78.3636, 38.1128 ], [ -78.3693, 38.113 ] ] ] } },
{ "type": "Feature", "properties": { "factor_fine": 0.844 }, "geometry": { "type": "Polygon", "coordinates": [ [ [ -78.3636, 38.1128 ], [ -78.3635, 38.1173 ], [ -78.3578, 38.1172 ], [ -78.3579, 38.1127 ], [ -78.3636, 38.1128 ] ] ] } },
{ "type": "Feature", "properties": { "factor_fine": 0.845 }, "geometry": { "type": "Polygon", "coordinates": [ [ [ -78.5515, 38.1214 ], [ -78.5514, 38.1259 ], [ -78.5457, 38.1258 ], [ -78.5458, 38.1213 ], [ -78.5515, 38.1214 ] ] ] } },
{ "type": "Feature", "properties": { "factor_fine": 0.893 }, "geometry": { "type": "Polygon", "coordinates": [ [ [ -78.5458, 38.1213 ], [ -78.5457, 38.1258 ], [ -78.54, 38.1257 ], [ -78.5401, 38.1212 ], [ -78.5458, 38.1213 ] ] ] } },
{ "type": "Feature", "properties": { "factor_fine": 0.931 }, "geometry": { "type": "Polygon", "coordinates": [ [ [ -78.5401, 38.1212 ], [ -78.54, 38.1257 ], [ -78.5343, 38.1256 ], [ -78.5344, 38.1211 ], [ -78.5401, 38.1212 ] ] ] } },
{ "type": "Feature", "properties": { "factor_fine": 0.943 }, "geometry": { "type": "Polygon", "coordinates": [ [ [ -78.5344, 38.1211 ], [ -78.5343, 38.1256 ], [ -78.5286, 38.1254 ], [ -78.5287, 38.1209 ], [ -78.5344, 38.1211 ] ] ] } },
{ "type": "Feature", "properties": { "factor_fine": 0.937 }, "geometry": { "type": "Polygon", "coordinates": [ [ [ -78.5287, 38.1209 ], [ -78.5286, 38.1254 ], [ -78.5229, 38.1253 ], [ -78.523, 38.1208 ], [ -78.5287, 38.1209 ] ] ] } },
{ "type": "Feature", "properties": { "factor_fine": 0.929 }, "geometry": { "type": "Polygon", "coordinates": [ [ [ -78.523, 38.1208 ], [ -78.5229, 38.1253 ], [ -78.5172, 38.1252 ], [ -78.5173, 38.1207 ], [ -78.523, 38.1208 ] ] ] } },
{ "type": "Feature", "properties": { "factor_fine": 0.924 }, "geometry": { "type": "Polygon", "coordinates": [ [ [ -78.5173, 38.1207 ], [ -78.5172, 38.1252 ], [ -78.5115, 38.1251 ], [ -78.5116, 38.1206 ], [ -78.5173, 38.1207 ] ] ] } },
{ "type": "Feature", "properties": { "factor_fine": 0.922 }, "geometry": { "type": "Polygon", "coordinates": [ [ [ -78.5116, 38.1206 ], [ -78.5115, 38.1251 ], [ -78.5058, 38.125 ], [ -78.5059, 38.1205 ], [ -78.5116, 38.1206 ] ] ] } },
{ "type": "Feature", "properties": { "factor_fine": 0.921 }, "geometry": { "type": "Polygon", "coordinates": [ [ [ -78.5059, 38.1205 ], [ -78.5058, 38.125 ], [ -78.5001, 38.1248 ], [ -78.5002, 38.1203 ], [ -78.5059, 38.1205 ] ] ] } },
{ "type": "Feature", "properties": { "factor_fine": 0.921 }, "geometry": { "type": "Polygon", "coordinates": [ [ [ -78.5002, 38.1203 ], [ -78.5001, 38.1248 ], [ -78.4944, 38.1247 ], [ -78.4945, 38.1202 ], [ -78.5002, 38.1203 ] ] ] } },
{ "type": "Feature", "properties": { "factor_fine": 0.919 }, "geometry": { "type": "Polygon", "coordinates": [ [ [ -78.4945, 38.1202 ], [ -78.4944, 38.1247 ], [ -78.4887, 38.1246 ], [ -78.4888, 38.1201 ], [ -78.4945, 38.1202 ] ] ] } },
{ "type": "Feature", "properties": { "factor_fine": 0.914 }, "geometry": { "type": "Polygon", "coordinates": [ [ [ -78.4888, 38.1201 ], [ -78.4887, 38.1246 ], [ -78.483, 38.1245 ], [ -78.4831, 38.12 ], [ -78.4888, 38.1201 ] ] ] } },
{ "type": "Feature", "properties": { "factor_fine": 0.908 }, "geometry": { "type": "Polygon", "coordinates": [ [ [ -78.4831, 38.12 ], [ -78.483, 38.1245 ], [ -78.4773, 38.1243 ], [ -78.4774, 38.1198 ], [ -78.4831, 38.12 ] ] ] } },
{ "type": "Feature", "properties": { "factor_fine": 0.908 }, "geometry": { "type": "Polygon", "coordinates": [ [ [ -78.4774, 38.1198 ], [ -78.4773, 38.1243 ], [ -78.4716, 38.1242 ], [ -78.4717, 38.1197 ], [ -78.4774, 38.1198 ] ] ] } },
{ "type": "Feature", "properties": { "factor_fine": 0.921 }, "geometry": { "type": "Polygon", "coordinates": [ [ [ -78.4717, 38.1197 ], [ -78.4716, 38.1242 ], [ -78.4659, 38.1241 ], [ -78.466, 38.1196 ], [ -78.4717, 38.1197 ] ] ] } },
{ "type": "Feature", "properties": { "factor_fine": 0.95 }, "geometry": { "type": "Polygon", "coordinates": [ [ [ -78.466, 38.1196 ], [ -78.4659, 38.1241 ], [ -78.4602, 38.124 ], [ -78.4603, 38.1195 ], [ -78.466, 38.1196 ] ] ] } },
{ "type": "Feature", "properties": { "factor_fine": 0.975 }, "geometry": { "type": "Polygon", "coordinates": [ [ [ -78.4603, 38.1195 ], [ -78.4602, 38.124 ], [ -78.4545, 38.1239 ], [ -78.4546, 38.1194 ], [ -78.4603, 38.1195 ] ] ] } },
{ "type": "Feature", "properties": { "factor_fine": 0.985 }, "geometry": { "type": "Polygon", "coordinates": [ [ [ -78.4546, 38.1194 ], [ -78.4545, 38.1239 ], [ -78.4488, 38.1237 ], [ -78.449, 38.1192 ], [ -78.4546, 38.1194 ] ] ] } },
{ "type": "Feature", "properties": { "factor_fine": 0.985 }, "geometry": { "type": "Polygon", "coordinates": [ [ [ -78.449, 38.1192 ], [ -78.4488, 38.1237 ], [ -78.4431, 38.1236 ], [ -78.4433, 38.1191 ], [ -78.449, 38.1192 ] ] ] } },
{ "type": "Feature", "properties": { "factor_fine": 0.982 }, "geometry": { "type": "Polygon", "coordinates": [ [ [ -78.4433, 38.1191 ], [ -78.4431, 38.1236 ], [ -78.4374, 38.1235 ], [ -78.4376, 38.119 ], [ -78.4433, 38.1191 ] ] ] } },
{ "type": "Feature", "properties": { "factor_fine": 0.978 }, "geometry": { "type": "Polygon", "coordinates": [ [ [ -78.4376, 38.119 ], [ -78.4374, 38.1235 ], [ -78.4317, 38.1234 ], [ -78.4319, 38.1189 ], [ -78.4376, 38.119 ] ] ] } },
{ "type": "Feature", "properties": { "factor_fine": 0.975 }, "geometry": { "type": "Polygon", "coordinates": [ [ [ -78.4319, 38.1189 ], [ -78.4317, 38.1234 ], [ -78.426, 38.1232 ], [ -78.4262, 38.1187 ], [ -78.4319, 38.1189 ] ] ] } },
{ "type": "Feature", "properties": { "factor_fine": 0.974 }, "geometry": { "type": "Polygon", "coordinates": [ [ [ -78.4262, 38.1187 ], [ -78.426, 38.1232 ], [ -78.4203, 38.1231 ], [ -78.4205, 38.1186 ], [ -78.4262, 38.1187 ] ] ] } },
{ "type": "Feature", "properties": { "factor_fine": 0.972 }, "geometry": { "type": "Polygon", "coordinates": [ [ [ -78.4205, 38.1186 ], [ -78.4203, 38.1231 ], [ -78.4146, 38.123 ], [ -78.4148, 38.1185 ], [ -78.4205, 38.1186 ] ] ] } },
{ "type": "Feature", "properties": { "factor_fine": 0.968 }, "geometry": { "type": "Polygon", "coordinates": [ [ [ -78.4148, 38.1185 ], [ -78.4146, 38.123 ], [ -78.4089, 38.1229 ], [ -78.4091, 38.1184 ], [ -78.4148, 38.1185 ] ] ] } },
{ "type": "Feature", "properties": { "factor_fine": 0.957 }, "geometry": { "type": "Polygon", "coordinates": [ [ [ -78.4091, 38.1184 ], [ -78.4089, 38.1229 ], [ -78.4032, 38.1227 ], [ -78.4034, 38.1182 ], [ -78.4091, 38.1184 ] ] ] } },
{ "type": "Feature", "properties": { "factor_fine": 0.919 }, "geometry": { "type": "Polygon", "coordinates": [ [ [ -78.4034, 38.1182 ], [ -78.4032, 38.1227 ], [ -78.3975, 38.1226 ], [ -78.3977, 38.1181 ], [ -78.4034, 38.1182 ] ] ] } },
{ "type": "Feature", "properties": { "factor_fine": 0.875 }, "geometry": { "type": "Polygon", "coordinates": [ [ [ -78.3977, 38.1181 ], [ -78.3975, 38.1226 ], [ -78.3918, 38.1225 ], [ -78.392, 38.118 ], [ -78.3977, 38.1181 ] ] ] } },
{ "type": "Feature", "properties": { "factor_fine": 0.861 }, "geometry": { "type": "Polygon", "coordinates": [ [ [ -78.392, 38.118 ], [ -78.3918, 38.1225 ], [ -78.3861, 38.1224 ], [ -78.3863, 38.1178 ], [ -78.392, 38.118 ] ] ] } },
{ "type": "Feature", "properties": { "factor_fine": 0.858 }, "geometry": { "type": "Polygon", "coordinates": [ [ [ -78.3863, 38.1178 ], [ -78.3861, 38.1224 ], [ -78.3804, 38.1222 ], [ -78.3806, 38.1177 ], [ -78.3863, 38.1178 ] ] ] } },
{ "type": "Feature", "properties": { "factor_fine": 0.854 }, "geometry": { "type": "Polygon", "coordinates": [ [ [ -78.3806, 38.1177 ], [ -78.3804, 38.1222 ], [ -78.3747, 38.1221 ], [ -78.3749, 38.1176 ], [ -78.3806, 38.1177 ] ] ] } },
{ "type": "Feature", "properties": { "factor_fine": 0.846 }, "geometry": { "type": "Polygon", "coordinates": [ [ [ -78.3749, 38.1176 ], [ -78.3747, 38.1221 ], [ -78.369, 38.122 ], [ -78.3692, 38.1175 ], [ -78.3749, 38.1176 ] ] ] } },
{ "type": "Feature", "properties": { "factor_fine": 0.837 }, "geometry": { "type": "Polygon", "coordinates": [ [ [ -78.3692, 38.1175 ], [ -78.369, 38.122 ], [ -78.3633, 38.1218 ], [ -78.3635, 38.1173 ], [ -78.3692, 38.1175 ] ] ] } },
{ "type": "Feature", "properties": { "factor_fine": 0.835 }, "geometry": { "type": "Polygon", "coordinates": [ [ [ -78.3635, 38.1173 ], [ -78.3633, 38.1218 ], [ -78.3576, 38.1217 ], [ -78.3578, 38.1172 ], [ -78.3635, 38.1173 ] ] ] } },
{ "type": "Feature", "properties": { "factor_fine": 0.893 }, "geometry": { "type": "Polygon", "coordinates": [ [ [ -78.5457, 38.1258 ], [ -78.5455, 38.1303 ], [ -78.5398, 38.1302 ], [ -78.54, 38.1257 ], [ -78.5457, 38.1258 ] ] ] } },
{ "type": "Feature", "properties": { "factor_fine": 0.918 }, "geometry": { "type": "Polygon", "coordinates": [ [ [ -78.54, 38.1257 ], [ -78.5398, 38.1302 ], [ -78.5341, 38.1301 ], [ -78.5343, 38.1256 ], [ -78.54, 38.1257 ] ] ] } },
{ "type": "Feature", "properties": { "factor_fine": 0.917 }, "geometry": { "type": "Polygon", "coordinates": [ [ [ -78.5343, 38.1256 ], [ -78.5341, 38.1301 ], [ -78.5284, 38.1299 ], [ -78.5286, 38.1254 ], [ -78.5343, 38.1256 ] ] ] } },
{ "type": "Feature", "properties": { "factor_fine": 0.904 }, "geometry": { "type": "Polygon", "coordinates": [ [ [ -78.5286, 38.1254 ], [ -78.5284, 38.1299 ], [ -78.5227, 38.1298 ], [ -78.5229, 38.1253 ], [ -78.5286, 38.1254 ] ] ] } },
{ "type": "Feature", "properties": { "factor_fine": 0.896 }, "geometry": { "type": "Polygon", "coordinates": [ [ [ -78.5229, 38.1253 ], [ -78.5227, 38.1298 ], [ -78.517, 38.1297 ], [ -78.5172, 38.1252 ], [ -78.5229, 38.1253 ] ] ] } },
{ "type": "Feature", "properties": { "factor_fine": 0.895 }, "geometry": { "type": "Polygon", "coordinates": [ [ [ -78.5172, 38.1252 ], [ -78.517, 38.1297 ], [ -78.5113, 38.1296 ], [ -78.5115, 38.1251 ], [ -78.5172, 38.1252 ] ] ] } },
{ "type": "Feature", "properties": { "factor_fine": 0.9 }, "geometry": { "type": "Polygon", "coordinates": [ [ [ -78.5115, 38.1251 ], [ -78.5113, 38.1296 ], [ -78.5056, 38.1295 ], [ -78.5058, 38.125 ], [ -78.5115, 38.1251 ] ] ] } },
{ "type": "Feature", "properties": { "factor_fine": 0.906 }, "geometry": { "type": "Polygon", "coordinates": [ [ [ -78.5058, 38.125 ], [ -78.5056, 38.1295 ], [ -78.4999, 38.1293 ], [ -78.5001, 38.1248 ], [ -78.5058, 38.125 ] ] ] } },
{ "type": "Feature", "properties": { "factor_fine": 0.907 }, "geometry": { "type": "Polygon", "coordinates": [ [ [ -78.5001, 38.1248 ], [ -78.4999, 38.1293 ], [ -78.4942, 38.1292 ], [ -78.4944, 38.1247 ], [ -78.5001, 38.1248 ] ] ] } },
{ "type": "Feature", "properties": { "factor_fine": 0.907 }, "geometry": { "type": "Polygon", "coordinates": [ [ [ -78.4944, 38.1247 ], [ -78.4942, 38.1292 ], [ -78.4885, 38.1291 ], [ -78.4887, 38.1246 ], [ -78.4944, 38.1247 ] ] ] } },
{ "type": "Feature", "properties": { "factor_fine": 0.907 }, "geometry": { "type": "Polygon", "coordinates": [ [ [ -78.4887, 38.1246 ], [ -78.4885, 38.1291 ], [ -78.4828, 38.129 ], [ -78.483, 38.1245 ], [ -78.4887, 38.1246 ] ] ] } },
{ "type": "Feature", "properties": { "factor_fine": 0.904 }, "geometry": { "type": "Polygon", "coordinates": [ [ [ -78.483, 38.1245 ], [ -78.4828, 38.129 ], [ -78.4771, 38.1288 ], [ -78.4773, 38.1243 ], [ -78.483, 38.1245 ] ] ] } },
{ "type": "Feature", "properties": { "factor_fine": 0.902 }, "geometry": { "type": "Polygon", "coordinates": [ [ [ -78.4773, 38.1243 ], [ -78.4771, 38.1288 ], [ -78.4714, 38.1287 ], [ -78.4716, 38.1242 ], [ -78.4773, 38.1243 ] ] ] } },
{ "type": "Feature", "properties": { "factor_fine": 0.911 }, "geometry": { "type": "Polygon", "coordinates": [ [ [ -78.4716, 38.1242 ], [ -78.4714, 38.1287 ], [ -78.4657, 38.1286 ], [ -78.4659, 38.1241 ], [ -78.4716, 38.1242 ] ] ] } },
{ "type": "Feature", "properties": { "factor_fine": 0.94 }, "geometry": { "type": "Polygon", "coordinates": [ [ [ -78.4659, 38.1241 ], [ -78.4657, 38.1286 ], [ -78.46, 38.1285 ], [ -78.4602, 38.124 ], [ -78.4659, 38.1241 ] ] ] } },
{ "type": "Feature", "properties": { "factor_fine": 0.967 }, "geometry": { "type": "Polygon", "coordinates": [ [ [ -78.4602, 38.124 ], [ -78.46, 38.1285 ], [ -78.4543, 38.1284 ], [ -78.4545, 38.1239 ], [ -78.4602, 38.124 ] ] ] } },
{ "type": "Feature", "properties": { "factor_fine": 0.977 }, "geometry": { "type": "Polygon", "coordinates": [ [ [ -78.4545, 38.1239 ], [ -78.4543, 38.1284 ], [ -78.4486, 38.1282 ], [ -78.4488, 38.1237 ], [ -78.4545, 38.1239 ] ] ] } },
{ "type": "Feature", "properties": { "factor_fine": 0.979 }, "geometry": { "type": "Polygon", "coordinates": [ [ [ -78.4488, 38.1237 ], [ -78.4486, 38.1282 ], [ -78.4429, 38.1281 ], [ -78.4431, 38.1236 ], [ -78.4488, 38.1237 ] ] ] } },
{ "type": "Feature", "properties": { "factor_fine": 0.976 }, "geometry": { "type": "Polygon", "coordinates": [ [ [ -78.4431, 38.1236 ], [ -78.4429, 38.1281 ], [ -78.4372, 38.128 ], [ -78.4374, 38.1235 ], [ -78.4431, 38.1236 ] ] ] } },
{ "type": "Feature", "properties": { "factor_fine": 0.973 }, "geometry": { "type": "Polygon", "coordinates": [ [ [ -78.4374, 38.1235 ], [ -78.4372, 38.128 ], [ -78.4315, 38.1279 ], [ -78.4317, 38.1234 ], [ -78.4374, 38.1235 ] ] ] } },
{ "type": "Feature", "properties": { "factor_fine": 0.972 }, "geometry": { "type": "Polygon", "coordinates": [ [ [ -78.4317, 38.1234 ], [ -78.4315, 38.1279 ], [ -78.4258, 38.1277 ], [ -78.426, 38.1232 ], [ -78.4317, 38.1234 ] ] ] } },
{ "type": "Feature", "properties": { "factor_fine": 0.972 }, "geometry": { "type": "Polygon", "coordinates": [ [ [ -78.426, 38.1232 ], [ -78.4258, 38.1277 ], [ -78.4201, 38.1276 ], [ -78.4203, 38.1231 ], [ -78.426, 38.1232 ] ] ] } },
{ "type": "Feature", "properties": { "factor_fine": 0.973 }, "geometry": { "type": "Polygon", "coordinates": [ [ [ -78.4203, 38.1231 ], [ -78.4201, 38.1276 ], [ -78.4144, 38.1275 ], [ -78.4146, 38.123 ], [ -78.4203, 38.1231 ] ] ] } },
{ "type": "Feature", "properties": { "factor_fine": 0.972 }, "geometry": { "type": "Polygon", "coordinates": [ [ [ -78.4146, 38.123 ], [ -78.4144, 38.1275 ], [ -78.4087, 38.1274 ], [ -78.4089, 38.1229 ], [ -78.4146, 38.123 ] ] ] } },
{ "type": "Feature", "properties": { "factor_fine": 0.964 }, "geometry": { "type": "Polygon", "coordinates": [ [ [ -78.4089, 38.1229 ], [ -78.4087, 38.1274 ], [ -78.403, 38.1272 ], [ -78.4032, 38.1227 ], [ -78.4089, 38.1229 ] ] ] } },
{ "type": "Feature", "properties": { "factor_fine": 0.93 }, "geometry": { "type": "Polygon", "coordinates": [ [ [ -78.4032, 38.1227 ], [ -78.403, 38.1272 ], [ -78.3973, 38.1271 ], [ -78.3975, 38.1226 ], [ -78.4032, 38.1227 ] ] ] } },
{ "type": "Feature", "properties": { "factor_fine": 0.88 }, "geometry": { "type": "Polygon", "coordinates": [ [ [ -78.3975, 38.1226 ], [ -78.3973, 38.1271 ], [ -78.3916, 38.127 ], [ -78.3918, 38.1225 ], [ -78.3975, 38.1226 ] ] ] } },
{ "type": "Feature", "properties": { "factor_fine": 0.859 }, "geometry": { "type": "Polygon", "coordinates": [ [ [ -78.3918, 38.1225 ], [ -78.3916, 38.127 ], [ -78.3859, 38.1269 ], [ -78.3861, 38.1224 ], [ -78.3918, 38.1225 ] ] ] } },
{ "type": "Feature", "properties": { "factor_fine": 0.852 }, "geometry": { "type": "Polygon", "coordinates": [ [ [ -78.3861, 38.1224 ], [ -78.3859, 38.1269 ], [ -78.3802, 38.1267 ], [ -78.3804, 38.1222 ], [ -78.3861, 38.1224 ] ] ] } },
{ "type": "Feature", "properties": { "factor_fine": 0.848 }, "geometry": { "type": "Polygon", "coordinates": [ [ [ -78.3804, 38.1222 ], [ -78.3802, 38.1267 ], [ -78.3746, 38.1266 ], [ -78.3747, 38.1221 ], [ -78.3804, 38.1222 ] ] ] } },
{ "type": "Feature", "properties": { "factor_fine": 0.84 }, "geometry": { "type": "Polygon", "coordinates": [ [ [ -78.3747, 38.1221 ], [ -78.3746, 38.1266 ], [ -78.3689, 38.1265 ], [ -78.369, 38.122 ], [ -78.3747, 38.1221 ] ] ] } },
{ "type": "Feature", "properties": { "factor_fine": 0.831 }, "geometry": { "type": "Polygon", "coordinates": [ [ [ -78.369, 38.122 ], [ -78.3689, 38.1265 ], [ -78.3632, 38.1263 ], [ -78.3633, 38.1218 ], [ -78.369, 38.122 ] ] ] } },
{ "type": "Feature", "properties": { "factor_fine": 0.826 }, "geometry": { "type": "Polygon", "coordinates": [ [ [ -78.3633, 38.1218 ], [ -78.3632, 38.1263 ], [ -78.3575, 38.1262 ], [ -78.3576, 38.1217 ], [ -78.3633, 38.1218 ] ] ] } },
{ "type": "Feature", "properties": { "factor_fine": 0.894 }, "geometry": { "type": "Polygon", "coordinates": [ [ [ -78.5398, 38.1302 ], [ -78.5397, 38.1347 ], [ -78.534, 38.1346 ], [ -78.5341, 38.1301 ], [ -78.5398, 38.1302 ] ] ] } },
{ "type": "Feature", "properties": { "factor_fine": 0.887 }, "geometry": { "type": "Polygon", "coordinates": [ [ [ -78.5341, 38.1301 ], [ -78.534, 38.1346 ], [ -78.5283, 38.1344 ], [ -78.5284, 38.1299 ], [ -78.5341, 38.1301 ] ] ] } },
{ "type": "Feature", "properties": { "factor_fine": 0.878 }, "geometry": { "type": "Polygon", "coordinates": [ [ [ -78.5284, 38.1299 ], [ -78.5283, 38.1344 ], [ -78.5226, 38.1343 ], [ -78.5227, 38.1298 ], [ -78.5284, 38.1299 ] ] ] } },
{ "type": "Feature", "properties": { "factor_fine": 0.876 }, "geometry": { "type": "Polygon", "coordinates": [ [ [ -78.5227, 38.1298 ], [ -78.5226, 38.1343 ], [ -78.5169, 38.1342 ], [ -78.517, 38.1297 ], [ -78.5227, 38.1298 ] ] ] } },
{ "type": "Feature", "properties": { "factor_fine": 0.882 }, "geometry": { "type": "Polygon", "coordinates": [ [ [ -78.517, 38.1297 ], [ -78.5169, 38.1342 ], [ -78.5112, 38.1341 ], [ -78.5113, 38.1296 ], [ -78.517, 38.1297 ] ] ] } },
{ "type": "Feature", "properties": { "factor_fine": 0.893 }, "geometry": { "type": "Polygon", "coordinates": [ [ [ -78.5113, 38.1296 ], [ -78.5112, 38.1341 ], [ -78.5055, 38.134 ], [ -78.5056, 38.1295 ], [ -78.5113, 38.1296 ] ] ] } },
{ "type": "Feature", "properties": { "factor_fine": 0.901 }, "geometry": { "type": "Polygon", "coordinates": [ [ [ -78.5056, 38.1295 ], [ -78.5055, 38.134 ], [ -78.4998, 38.1338 ], [ -78.4999, 38.1293 ], [ -78.5056, 38.1295 ] ] ] } },
{ "type": "Feature", "properties": { "factor_fine": 0.902 }, "geometry": { "type": "Polygon", "coordinates": [ [ [ -78.4999, 38.1293 ], [ -78.4998, 38.1338 ], [ -78.4941, 38.1337 ], [ -78.4942, 38.1292 ], [ -78.4999, 38.1293 ] ] ] } },
{ "type": "Feature", "properties": { "factor_fine": 0.901 }, "geometry": { "type": "Polygon", "coordinates": [ [ [ -78.4942, 38.1292 ], [ -78.4941, 38.1337 ], [ -78.4884, 38.1336 ], [ -78.4885, 38.1291 ], [ -78.4942, 38.1292 ] ] ] } },
{ "type": "Feature", "properties": { "factor_fine": 0.903 }, "geometry": { "type": "Polygon", "coordinates": [ [ [ -78.4885, 38.1291 ], [ -78.4884, 38.1336 ], [ -78.4827, 38.1335 ], [ -78.4828, 38.129 ], [ -78.4885, 38.1291 ] ] ] } },
{ "type": "Feature", "properties": { "factor_fine": 0.901 }, "geometry": { "type": "Polygon", "coordinates": [ [ [ -78.4828, 38.129 ], [ -78.4827, 38.1335 ], [ -78.477, 38.1333 ], [ -78.4771, 38.1288 ], [ -78.4828, 38.129 ] ] ] } },
{ "type": "Feature", "properties": { "factor_fine": 0.896 }, "geometry": { "type": "Polygon", "coordinates": [ [ [ -78.4771, 38.1288 ], [ -78.477, 38.1333 ], [ -78.4713, 38.1332 ], [ -78.4714, 38.1287 ], [ -78.4771, 38.1288 ] ] ] } },
{ "type": "Feature", "properties": { "factor_fine": 0.905 }, "geometry": { "type": "Polygon", "coordinates": [ [ [ -78.4714, 38.1287 ], [ -78.4713, 38.1332 ], [ -78.4656, 38.1331 ], [ -78.4657, 38.1286 ], [ -78.4714, 38.1287 ] ] ] } },
{ "type": "Feature", "properties": { "factor_fine": 0.938 }, "geometry": { "type": "Polygon", "coordinates": [ [ [ -78.4657, 38.1286 ], [ -78.4656, 38.1331 ], [ -78.4599, 38.133 ], [ -78.46, 38.1285 ], [ -78.4657, 38.1286 ] ] ] } },
{ "type": "Feature", "properties": { "factor_fine": 0.965 }, "geometry": { "type": "Polygon", "coordinates": [ [ [ -78.46, 38.1285 ], [ -78.4599, 38.133 ], [ -78.4542, 38.1329 ], [ -78.4543, 38.1284 ], [ -78.46, 38.1285 ] ] ] } },
{ "type": "Feature", "properties": { "factor_fine": 0.976 }, "geometry": { "type": "Polygon", "coordinates": [ [ [ -78.4543, 38.1284 ], [ -78.4542, 38.1329 ], [ -78.4485, 38.1327 ], [ -78.4486, 38.1282 ], [ -78.4543, 38.1284 ] ] ] } },
{ "type": "Feature", "properties": { "factor_fine": 0.978 }, "geometry": { "type": "Polygon", "coordinates": [ [ [ -78.4486, 38.1282 ], [ -78.4485, 38.1327 ], [ -78.4428, 38.1326 ], [ -78.4429, 38.1281 ], [ -78.4486, 38.1282 ] ] ] } },
{ "type": "Feature", "properties": { "factor_fine": 0.976 }, "geometry": { "type": "Polygon", "coordinates": [ [ [ -78.4429, 38.1281 ], [ -78.4428, 38.1326 ], [ -78.4371, 38.1325 ], [ -78.4372, 38.128 ], [ -78.4429, 38.1281 ] ] ] } },
{ "type": "Feature", "properties": { "factor_fine": 0.973 }, "geometry": { "type": "Polygon", "coordinates": [ [ [ -78.4372, 38.128 ], [ -78.4371, 38.1325 ], [ -78.4314, 38.1324 ], [ -78.4315, 38.1279 ], [ -78.4372, 38.128 ] ] ] } },
{ "type": "Feature", "properties": { "factor_fine": 0.972 }, "geometry": { "type": "Polygon", "coordinates": [ [ [ -78.4315, 38.1279 ], [ -78.4314, 38.1324 ], [ -78.4257, 38.1322 ], [ -78.4258, 38.1277 ], [ -78.4315, 38.1279 ] ] ] } },
{ "type": "Feature", "properties": { "factor_fine": 0.974 }, "geometry": { "type": "Polygon", "coordinates": [ [ [ -78.4258, 38.1277 ], [ -78.4257, 38.1322 ], [ -78.42, 38.1321 ], [ -78.4201, 38.1276 ], [ -78.4258, 38.1277 ] ] ] } },
{ "type": "Feature", "properties": { "factor_fine": 0.977 }, "geometry": { "type": "Polygon", "coordinates": [ [ [ -78.4201, 38.1276 ], [ -78.42, 38.1321 ], [ -78.4143, 38.132 ], [ -78.4144, 38.1275 ], [ -78.4201, 38.1276 ] ] ] } },
{ "type": "Feature", "properties": { "factor_fine": 0.979 }, "geometry": { "type": "Polygon", "coordinates": [ [ [ -78.4144, 38.1275 ], [ -78.4143, 38.132 ], [ -78.4086, 38.1319 ], [ -78.4087, 38.1274 ], [ -78.4144, 38.1275 ] ] ] } },
{ "type": "Feature", "properties": { "factor_fine": 0.972 }, "geometry": { "type": "Polygon", "coordinates": [ [ [ -78.4087, 38.1274 ], [ -78.4086, 38.1319 ], [ -78.4029, 38.1317 ], [ -78.403, 38.1272 ], [ -78.4087, 38.1274 ] ] ] } },
{ "type": "Feature", "properties": { "factor_fine": 0.938 }, "geometry": { "type": "Polygon", "coordinates": [ [ [ -78.403, 38.1272 ], [ -78.4029, 38.1317 ], [ -78.3972, 38.1316 ], [ -78.3973, 38.1271 ], [ -78.403, 38.1272 ] ] ] } },
{ "type": "Feature", "properties": { "factor_fine": 0.887 }, "geometry": { "type": "Polygon", "coordinates": [ [ [ -78.3973, 38.1271 ], [ -78.3972, 38.1316 ], [ -78.3915, 38.1315 ], [ -78.3916, 38.127 ], [ -78.3973, 38.1271 ] ] ] } },
{ "type": "Feature", "properties": { "factor_fine": 0.862 }, "geometry": { "type": "Polygon", "coordinates": [ [ [ -78.3916, 38.127 ], [ -78.3915, 38.1315 ], [ -78.3858, 38.1314 ], [ -78.3859, 38.1269 ], [ -78.3916, 38.127 ] ] ] } },
{ "type": "Feature", "properties": { "factor_fine": 0.851 }, "geometry": { "type": "Polygon", "coordinates": [ [ [ -78.3859, 38.1269 ], [ -78.3858, 38.1314 ], [ -78.3801, 38.1312 ], [ -78.3802, 38.1267 ], [ -78.3859, 38.1269 ] ] ] } },
{ "type": "Feature", "properties": { "factor_fine": 0.845 }, "geometry": { "type": "Polygon", "coordinates": [ [ [ -78.3802, 38.1267 ], [ -78.3801, 38.1312 ], [ -78.3744, 38.1311 ], [ -78.3746, 38.1266 ], [ -78.3802, 38.1267 ] ] ] } },
{ "type": "Feature", "properties": { "factor_fine": 0.837 }, "geometry": { "type": "Polygon", "coordinates": [ [ [ -78.3746, 38.1266 ], [ -78.3744, 38.1311 ], [ -78.3687, 38.131 ], [ -78.3689, 38.1265 ], [ -78.3746, 38.1266 ] ] ] } },
{ "type": "Feature", "properties": { "factor_fine": 0.824 }, "geometry": { "type": "Polygon", "coordinates": [ [ [ -78.3689, 38.1265 ], [ -78.3687, 38.131 ], [ -78.363, 38.1308 ], [ -78.3632, 38.1263 ], [ -78.3689, 38.1265 ] ] ] } },
{ "type": "Feature", "properties": { "factor_fine": 0.81 }, "geometry": { "type": "Polygon", "coordinates": [ [ [ -78.3632, 38.1263 ], [ -78.363, 38.1308 ], [ -78.3573, 38.1307 ], [ -78.3575, 38.1262 ], [ -78.3632, 38.1263 ] ] ] } },
{ "type": "Feature", "properties": { "factor_fine": 0.94 }, "geometry": { "type": "Polygon", "coordinates": [ [ [ -78.5625, 38.1352 ], [ -78.5623, 38.1397 ], [ -78.5566, 38.1395 ], [ -78.5568, 38.135 ], [ -78.5625, 38.1352 ] ] ] } },
{ "type": "Feature", "properties": { "factor_fine": 0.867 }, "geometry": { "type": "Polygon", "coordinates": [ [ [ -78.534, 38.1346 ], [ -78.5338, 38.1391 ], [ -78.5281, 38.1389 ], [ -78.5283, 38.1344 ], [ -78.534, 38.1346 ] ] ] } },
{ "type": "Feature", "properties": { "factor_fine": 0.868 }, "geometry": { "type": "Polygon", "coordinates": [ [ [ -78.5283, 38.1344 ], [ -78.5281, 38.1389 ], [ -78.5224, 38.1388 ], [ -78.5226, 38.1343 ], [ -78.5283, 38.1344 ] ] ] } },
{ "type": "Feature", "properties": { "factor_fine": 0.874 }, "geometry": { "type": "Polygon", "coordinates": [ [ [ -78.5226, 38.1343 ], [ -78.5224, 38.1388 ], [ -78.5167, 38.1387 ], [ -78.5169, 38.1342 ], [ -78.5226, 38.1343 ] ] ] } },
{ "type": "Feature", "properties": { "factor_fine": 0.884 }, "geometry": { "type": "Polygon", "coordinates": [ [ [ -78.5169, 38.1342 ], [ -78.5167, 38.1387 ], [ -78.511, 38.1386 ], [ -78.5112, 38.1341 ], [ -78.5169, 38.1342 ] ] ] } },
{ "type": "Feature", "properties": { "factor_fine": 0.895 }, "geometry": { "type": "Polygon", "coordinates": [ [ [ -78.5112, 38.1341 ], [ -78.511, 38.1386 ], [ -78.5053, 38.1385 ], [ -78.5055, 38.134 ], [ -78.5112, 38.1341 ] ] ] } },
{ "type": "Feature", "properties": { "factor_fine": 0.902 }, "geometry": { "type": "Polygon", "coordinates": [ [ [ -78.5055, 38.134 ], [ -78.5053, 38.1385 ], [ -78.4996, 38.1383 ], [ -78.4998, 38.1338 ], [ -78.5055, 38.134 ] ] ] } },
{ "type": "Feature", "properties": { "factor_fine": 0.902 }, "geometry": { "type": "Polygon", "coordinates": [ [ [ -78.4998, 38.1338 ], [ -78.4996, 38.1383 ], [ -78.4939, 38.1382 ], [ -78.4941, 38.1337 ], [ -78.4998, 38.1338 ] ] ] } },
{ "type": "Feature", "properties": { "factor_fine": 0.902 }, "geometry": { "type": "Polygon", "coordinates": [ [ [ -78.4941, 38.1337 ], [ -78.4939, 38.1382 ], [ -78.4882, 38.1381 ], [ -78.4884, 38.1336 ], [ -78.4941, 38.1337 ] ] ] } },
{ "type": "Feature", "properties": { "factor_fine": 0.901 }, "geometry": { "type": "Polygon", "coordinates": [ [ [ -78.4884, 38.1336 ], [ -78.4882, 38.1381 ], [ -78.4825, 38.138 ], [ -78.4827, 38.1335 ], [ -78.4884, 38.1336 ] ] ] } },
{ "type": "Feature", "properties": { "factor_fine": 0.894 }, "geometry": { "type": "Polygon", "coordinates": [ [ [ -78.4827, 38.1335 ], [ -78.4825, 38.138 ], [ -78.4768, 38.1379 ], [ -78.477, 38.1333 ], [ -78.4827, 38.1335 ] ] ] } },
{ "type": "Feature", "properties": { "factor_fine": 0.882 }, "geometry": { "type": "Polygon", "coordinates": [ [ [ -78.477, 38.1333 ], [ -78.4768, 38.1379 ], [ -78.4711, 38.1377 ], [ -78.4713, 38.1332 ], [ -78.477, 38.1333 ] ] ] } },
{ "type": "Feature", "properties": { "factor_fine": 0.883 }, "geometry": { "type": "Polygon", "coordinates": [ [ [ -78.4713, 38.1332 ], [ -78.4711, 38.1377 ], [ -78.4654, 38.1376 ], [ -78.4656, 38.1331 ], [ -78.4713, 38.1332 ] ] ] } },
{ "type": "Feature", "properties": { "factor_fine": 0.917 }, "geometry": { "type": "Polygon", "coordinates": [ [ [ -78.4656, 38.1331 ], [ -78.4654, 38.1376 ], [ -78.4597, 38.1375 ], [ -78.4599, 38.133 ], [ -78.4656, 38.1331 ] ] ] } },
{ "type": "Feature", "properties": { "factor_fine": 0.954 }, "geometry": { "type": "Polygon", "coordinates": [ [ [ -78.4599, 38.133 ], [ -78.4597, 38.1375 ], [ -78.454, 38.1374 ], [ -78.4542, 38.1329 ], [ -78.4599, 38.133 ] ] ] } },
{ "type": "Feature", "properties": { "factor_fine": 0.972 }, "geometry": { "type": "Polygon", "coordinates": [ [ [ -78.4542, 38.1329 ], [ -78.454, 38.1374 ], [ -78.4483, 38.1372 ], [ -78.4485, 38.1327 ], [ -78.4542, 38.1329 ] ] ] } },
{ "type": "Feature", "properties": { "factor_fine": 0.978 }, "geometry": { "type": "Polygon", "coordinates": [ [ [ -78.4485, 38.1327 ], [ -78.4483, 38.1372 ], [ -78.4426, 38.1371 ], [ -78.4428, 38.1326 ], [ -78.4485, 38.1327 ] ] ] } },
{ "type": "Feature", "properties": { "factor_fine": 0.977 }, "geometry": { "type": "Polygon", "coordinates": [ [ [ -78.4428, 38.1326 ], [ -78.4426, 38.1371 ], [ -78.4369, 38.137 ], [ -78.4371, 38.1325 ], [ -78.4428, 38.1326 ] ] ] } },
{ "type": "Feature", "properties": { "factor_fine": 0.975 }, "geometry": { "type": "Polygon", "coordinates": [ [ [ -78.4371, 38.1325 ], [ -78.4369, 38.137 ], [ -78.4312, 38.1369 ], [ -78.4314, 38.1324 ], [ -78.4371, 38.1325 ] ] ] } },
{ "type": "Feature", "properties": { "factor_fine": 0.977 }, "geometry": { "type": "Polygon", "coordinates": [ [ [ -78.4314, 38.1324 ], [ -78.4312, 38.1369 ], [ -78.4255, 38.1367 ], [ -78.4257, 38.1322 ], [ -78.4314, 38.1324 ] ] ] } },
{ "type": "Feature", "properties": { "factor_fine": 0.981 }, "geometry": { "type": "Polygon", "coordinates": [ [ [ -78.4257, 38.1322 ], [ -78.4255, 38.1367 ], [ -78.4198, 38.1366 ], [ -78.42, 38.1321 ], [ -78.4257, 38.1322 ] ] ] } },
{ "type": "Feature", "properties": { "factor_fine": 0.987 }, "geometry": { "type": "Polygon", "coordinates": [ [ [ -78.42, 38.1321 ], [ -78.4198, 38.1366 ], [ -78.4141, 38.1365 ], [ -78.4143, 38.132 ], [ -78.42, 38.1321 ] ] ] } },
{ "type": "Feature", "properties": { "factor_fine": 0.99 }, "geometry": { "type": "Polygon", "coordinates": [ [ [ -78.4143, 38.132 ], [ -78.4141, 38.1365 ], [ -78.4084, 38.1364 ], [ -78.4086, 38.1319 ], [ -78.4143, 38.132 ] ] ] } },
{ "type": "Feature", "properties": { "factor_fine": 0.984 }, "geometry": { "type": "Polygon", "coordinates": [ [ [ -78.4086, 38.1319 ], [ -78.4084, 38.1364 ], [ -78.4027, 38.1362 ], [ -78.4029, 38.1317 ], [ -78.4086, 38.1319 ] ] ] } },
{ "type": "Feature", "properties": { "factor_fine": 0.945 }, "geometry": { "type": "Polygon", "coordinates": [ [ [ -78.4029, 38.1317 ], [ -78.4027, 38.1362 ], [ -78.397, 38.1361 ], [ -78.3972, 38.1316 ], [ -78.4029, 38.1317 ] ] ] } },
{ "type": "Feature", "properties": { "factor_fine": 0.889 }, "geometry": { "type": "Polygon", "coordinates": [ [ [ -78.3972, 38.1316 ], [ -78.397, 38.1361 ], [ -78.3913, 38.136 ], [ -78.3915, 38.1315 ], [ -78.3972, 38.1316 ] ] ] } },
{ "type": "Feature", "properties": { "factor_fine": 0.862 }, "geometry": { "type": "Polygon", "coordinates": [ [ [ -78.3915, 38.1315 ], [ -78.3913, 38.136 ], [ -78.3856, 38.1359 ], [ -78.3858, 38.1314 ], [ -78.3915, 38.1315 ] ] ] } },
{ "type": "Feature", "properties": { "factor_fine": 0.849 }, "geometry": { "type": "Polygon", "coordinates": [ [ [ -78.3858, 38.1314 ], [ -78.3856, 38.1359 ], [ -78.3799, 38.1357 ], [ -78.3801, 38.1312 ], [ -78.3858, 38.1314 ] ] ] } },
{ "type": "Feature", "properties": { "factor_fine": 0.84 }, "geometry": { "type": "Polygon", "coordinates": [ [ [ -78.3801, 38.1312 ], [ -78.3799, 38.1357 ], [ -78.3742, 38.1356 ], [ -78.3744, 38.1311 ], [ -78.3801, 38.1312 ] ] ] } },
{ "type": "Feature", "properties": { "factor_fine": 0.831 }, "geometry": { "type": "Polygon", "coordinates": [ [ [ -78.3744, 38.1311 ], [ -78.3742, 38.1356 ], [ -78.3685, 38.1355 ], [ -78.3687, 38.131 ], [ -78.3744, 38.1311 ] ] ] } },
{ "type": "Feature", "properties": { "factor_fine": 0.816 }, "geometry": { "type": "Polygon", "coordinates": [ [ [ -78.3687, 38.131 ], [ -78.3685, 38.1355 ], [ -78.3628, 38.1353 ], [ -78.363, 38.1308 ], [ -78.3687, 38.131 ] ] ] } },
{ "type": "Feature", "properties": { "factor_fine": 0.797 }, "geometry": { "type": "Polygon", "coordinates": [ [ [ -78.363, 38.1308 ], [ -78.3628, 38.1353 ], [ -78.3571, 38.1352 ], [ -78.3573, 38.1307 ], [ -78.363, 38.1308 ] ] ] } },
{ "type": "Feature", "properties": { "factor_fine": 0.782 }, "geometry": { "type": "Polygon", "coordinates": [ [ [ -78.3573, 38.1307 ], [ -78.3571, 38.1352 ], [ -78.3514, 38.1351 ], [ -78.3516, 38.1306 ], [ -78.3573, 38.1307 ] ] ] } },
{ "type": "Feature", "properties": { "factor_fine": 0.851 }, "geometry": { "type": "Polygon", "coordinates": [ [ [ -78.5338, 38.1391 ], [ -78.5337, 38.1436 ], [ -78.528, 38.1434 ], [ -78.5281, 38.1389 ], [ -78.5338, 38.1391 ] ] ] } },
{ "type": "Feature", "properties": { "factor_fine": 0.863 }, "geometry": { "type": "Polygon", "coordinates": [ [ [ -78.5281, 38.1389 ], [ -78.528, 38.1434 ], [ -78.5223, 38.1433 ], [ -78.5224, 38.1388 ], [ -78.5281, 38.1389 ] ] ] } },
{ "type": "Feature", "properties": { "factor_fine": 0.876 }, "geometry": { "type": "Polygon", "coordinates": [ [ [ -78.5224, 38.1388 ], [ -78.5223, 38.1433 ], [ -78.5166, 38.1432 ], [ -78.5167, 38.1387 ], [ -78.5224, 38.1388 ] ] ] } },
{ "type": "Feature", "properties": { "factor_fine": 0.889 }, "geometry": { "type": "Polygon", "coordinates": [ [ [ -78.5167, 38.1387 ], [ -78.5166, 38.1432 ], [ -78.5109, 38.1431 ], [ -78.511, 38.1386 ], [ -78.5167, 38.1387 ] ] ] } },
{ "type": "Feature", "properties": { "factor_fine": 0.899 }, "geometry": { "type": "Polygon", "coordinates": [ [ [ -78.511, 38.1386 ], [ -78.5109, 38.1431 ], [ -78.5052, 38.143 ], [ -78.5053, 38.1385 ], [ -78.511, 38.1386 ] ] ] } },
{ "type": "Feature", "properties": { "factor_fine": 0.904 }, "geometry": { "type": "Polygon", "coordinates": [ [ [ -78.5053, 38.1385 ], [ -78.5052, 38.143 ], [ -78.4995, 38.1428 ], [ -78.4996, 38.1383 ], [ -78.5053, 38.1385 ] ] ] } },
{ "type": "Feature", "properties": { "factor_fine": 0.905 }, "geometry": { "type": "Polygon", "coordinates": [ [ [ -78.4996, 38.1383 ], [ -78.4995, 38.1428 ], [ -78.4938, 38.1427 ], [ -78.4939, 38.1382 ], [ -78.4996, 38.1383 ] ] ] } },
{ "type": "Feature", "properties": { "factor_fine": 0.904 }, "geometry": { "type": "Polygon", "coordinates": [ [ [ -78.4939, 38.1382 ], [ -78.4938, 38.1427 ], [ -78.4881, 38.1426 ], [ -78.4882, 38.1381 ], [ -78.4939, 38.1382 ] ] ] } },
{ "type": "Feature", "properties": { "factor_fine": 0.898 }, "geometry": { "type": "Polygon", "coordinates": [ [ [ -78.4882, 38.1381 ], [ -78.4881, 38.1426 ], [ -78.4824, 38.1425 ], [ -78.4825, 38.138 ], [ -78.4882, 38.1381 ] ] ] } },
{ "type": "Feature", "properties": { "factor_fine": 0.885 }, "geometry": { "type": "Polygon", "coordinates": [ [ [ -78.4825, 38.138 ], [ -78.4824, 38.1425 ], [ -78.4767, 38.1424 ], [ -78.4768, 38.1379 ], [ -78.4825, 38.138 ] ] ] } },
{ "type": "Feature", "properties": { "factor_fine": 0.868 }, "geometry": { "type": "Polygon", "coordinates": [ [ [ -78.4768, 38.1379 ], [ -78.4767, 38.1424 ], [ -78.471, 38.1422 ], [ -78.4711, 38.1377 ], [ -78.4768, 38.1379 ] ] ] } },
{ "type": "Feature", "properties": { "factor_fine": 0.857 }, "geometry": { "type": "Polygon", "coordinates": [ [ [ -78.4711, 38.1377 ], [ -78.471, 38.1422 ], [ -78.4653, 38.1421 ], [ -78.4654, 38.1376 ], [ -78.4711, 38.1377 ] ] ] } },
{ "type": "Feature", "properties": { "factor_fine": 0.877 }, "geometry": { "type": "Polygon", "coordinates": [ [ [ -78.4654, 38.1376 ], [ -78.4653, 38.1421 ], [ -78.4596, 38.142 ], [ -78.4597, 38.1375 ], [ -78.4654, 38.1376 ] ] ] } },
{ "type": "Feature", "properties": { "factor_fine": 0.924 }, "geometry": { "type": "Polygon", "coordinates": [ [ [ -78.4597, 38.1375 ], [ -78.4596, 38.142 ], [ -78.4539, 38.1419 ], [ -78.454, 38.1374 ], [ -78.4597, 38.1375 ] ] ] } },
{ "type": "Feature", "properties": { "factor_fine": 0.96 }, "geometry": { "type": "Polygon", "coordinates": [ [ [ -78.454, 38.1374 ], [ -78.4539, 38.1419 ], [ -78.4482, 38.1417 ], [ -78.4483, 38.1372 ], [ -78.454, 38.1374 ] ] ] } },
{ "type": "Feature", "properties": { "factor_fine": 0.974 }, "geometry": { "type": "Polygon", "coordinates": [ [ [ -78.4483, 38.1372 ], [ -78.4482, 38.1417 ], [ -78.4425, 38.1416 ], [ -78.4426, 38.1371 ], [ -78.4483, 38.1372 ] ] ] } },
{ "type": "Feature", "properties": { "factor_fine": 0.978 }, "geometry": { "type": "Polygon", "coordinates": [ [ [ -78.4426, 38.1371 ], [ -78.4425, 38.1416 ], [ -78.4368, 38.1415 ], [ -78.4369, 38.137 ], [ -78.4426, 38.1371 ] ] ] } },
{ "type": "Feature", "properties": { "factor_fine": 0.98 }, "geometry": { "type": "Polygon", "coordinates": [ [ [ -78.4369, 38.137 ], [ -78.4368, 38.1415 ], [ -78.4311, 38.1414 ], [ -78.4312, 38.1369 ], [ -78.4369, 38.137 ] ] ] } },
{ "type": "Feature", "properties": { "factor_fine": 0.985 }, "geometry": { "type": "Polygon", "coordinates": [ [ [ -78.4312, 38.1369 ], [ -78.4311, 38.1414 ], [ -78.4254, 38.1412 ], [ -78.4255, 38.1367 ], [ -78.4312, 38.1369 ] ] ] } },
{ "type": "Feature", "properties": { "factor_fine": 0.992 }, "geometry": { "type": "Polygon", "coordinates": [ [ [ -78.4255, 38.1367 ], [ -78.4254, 38.1412 ], [ -78.4197, 38.1411 ], [ -78.4198, 38.1366 ], [ -78.4255, 38.1367 ] ] ] } },
{ "type": "Feature", "properties": { "factor_fine": 1.0 }, "geometry": { "type": "Polygon", "coordinates": [ [ [ -78.4198, 38.1366 ], [ -78.4197, 38.1411 ], [ -78.414, 38.141 ], [ -78.4141, 38.1365 ], [ -78.4198, 38.1366 ] ] ] } },
{ "type": "Feature", "properties": { "factor_fine": 1.004 }, "geometry": { "type": "Polygon", "coordinates": [ [ [ -78.4141, 38.1365 ], [ -78.414, 38.141 ], [ -78.4083, 38.1409 ], [ -78.4084, 38.1364 ], [ -78.4141, 38.1365 ] ] ] } },
{ "type": "Feature", "properties": { "factor_fine": 0.995 }, "geometry": { "type": "Polygon", "coordinates": [ [ [ -78.4084, 38.1364 ], [ -78.4083, 38.1409 ], [ -78.4026, 38.1407 ], [ -78.4027, 38.1362 ], [ -78.4084, 38.1364 ] ] ] } },
{ "type": "Feature", "properties": { "factor_fine": 0.946 }, "geometry": { "type": "Polygon", "coordinates": [ [ [ -78.4027, 38.1362 ], [ -78.4026, 38.1407 ], [ -78.3969, 38.1406 ], [ -78.397, 38.1361 ], [ -78.4027, 38.1362 ] ] ] } },
{ "type": "Feature", "properties": { "factor_fine": 0.879 }, "geometry": { "type": "Polygon", "coordinates": [ [ [ -78.397, 38.1361 ], [ -78.3969, 38.1406 ], [ -78.3912, 38.1405 ], [ -78.3913, 38.136 ], [ -78.397, 38.1361 ] ] ] } },
{ "type": "Feature", "properties": { "factor_fine": 0.85 }, "geometry": { "type": "Polygon", "coordinates": [ [ [ -78.3913, 38.136 ], [ -78.3912, 38.1405 ], [ -78.3855, 38.1404 ], [ -78.3856, 38.1359 ], [ -78.3913, 38.136 ] ] ] } },
{ "type": "Feature", "properties": { "factor_fine": 0.837 }, "geometry": { "type": "Polygon", "coordinates": [ [ [ -78.3856, 38.1359 ], [ -78.3855, 38.1404 ], [ -78.3798, 38.1402 ], [ -78.3799, 38.1357 ], [ -78.3856, 38.1359 ] ] ] } },
{ "type": "Feature", "properties": { "factor_fine": 0.829 }, "geometry": { "type": "Polygon", "coordinates": [ [ [ -78.3799, 38.1357 ], [ -78.3798, 38.1402 ], [ -78.3741, 38.1401 ], [ -78.3742, 38.1356 ], [ -78.3799, 38.1357 ] ] ] } },
{ "type": "Feature", "properties": { "factor_fine": 0.821 }, "geometry": { "type": "Polygon", "coordinates": [ [ [ -78.3742, 38.1356 ], [ -78.3741, 38.1401 ], [ -78.3684, 38.14 ], [ -78.3685, 38.1355 ], [ -78.3742, 38.1356 ] ] ] } },
{ "type": "Feature", "properties": { "factor_fine": 0.809 }, "geometry": { "type": "Polygon", "coordinates": [ [ [ -78.3685, 38.1355 ], [ -78.3684, 38.14 ], [ -78.3627, 38.1398 ], [ -78.3628, 38.1353 ], [ -78.3685, 38.1355 ] ] ] } },
{ "type": "Feature", "properties": { "factor_fine": 0.791 }, "geometry": { "type": "Polygon", "coordinates": [ [ [ -78.3628, 38.1353 ], [ -78.3627, 38.1398 ], [ -78.357, 38.1397 ], [ -78.3571, 38.1352 ], [ -78.3628, 38.1353 ] ] ] } },
{ "type": "Feature", "properties": { "factor_fine": 0.772 }, "geometry": { "type": "Polygon", "coordinates": [ [ [ -78.3571, 38.1352 ], [ -78.357, 38.1397 ], [ -78.3513, 38.1396 ], [ -78.3514, 38.1351 ], [ -78.3571, 38.1352 ] ] ] } },
{ "type": "Feature", "properties": { "factor_fine": 0.824 }, "geometry": { "type": "Polygon", "coordinates": [ [ [ -78.5337, 38.1436 ], [ -78.5335, 38.1481 ], [ -78.5278, 38.1479 ], [ -78.528, 38.1434 ], [ -78.5337, 38.1436 ] ] ] } },
{ "type": "Feature", "properties": { "factor_fine": 0.847 }, "geometry": { "type": "Polygon", "coordinates": [ [ [ -78.528, 38.1434 ], [ -78.5278, 38.1479 ], [ -78.5221, 38.1478 ], [ -78.5223, 38.1433 ], [ -78.528, 38.1434 ] ] ] } },
{ "type": "Feature", "properties": { "factor_fine": 0.871 }, "geometry": { "type": "Polygon", "coordinates": [ [ [ -78.5223, 38.1433 ], [ -78.5221, 38.1478 ], [ -78.5164, 38.1477 ], [ -78.5166, 38.1432 ], [ -78.5223, 38.1433 ] ] ] } },
{ "type": "Feature", "properties": { "factor_fine": 0.89 }, "geometry": { "type": "Polygon", "coordinates": [ [ [ -78.5166, 38.1432 ], [ -78.5164, 38.1477 ], [ -78.5107, 38.1476 ], [ -78.5109, 38.1431 ], [ -78.5166, 38.1432 ] ] ] } },
{ "type": "Feature", "properties": { "factor_fine": 0.901 }, "geometry": { "type": "Polygon", "coordinates": [ [ [ -78.5109, 38.1431 ], [ -78.5107, 38.1476 ], [ -78.505, 38.1475 ], [ -78.5052, 38.143 ], [ -78.5109, 38.1431 ] ] ] } },
{ "type": "Feature", "properties": { "factor_fine": 0.906 }, "geometry": { "type": "Polygon", "coordinates": [ [ [ -78.5052, 38.143 ], [ -78.505, 38.1475 ], [ -78.4993, 38.1473 ], [ -78.4995, 38.1428 ], [ -78.5052, 38.143 ] ] ] } },
{ "type": "Feature", "properties": { "factor_fine": 0.907 }, "geometry": { "type": "Polygon", "coordinates": [ [ [ -78.4995, 38.1428 ], [ -78.4993, 38.1473 ], [ -78.4936, 38.1472 ], [ -78.4938, 38.1427 ], [ -78.4995, 38.1428 ] ] ] } },
{ "type": "Feature", "properties": { "factor_fine": 0.902 }, "geometry": { "type": "Polygon", "coordinates": [ [ [ -78.4938, 38.1427 ], [ -78.4936, 38.1472 ], [ -78.4879, 38.1471 ], [ -78.4881, 38.1426 ], [ -78.4938, 38.1427 ] ] ] } },
{ "type": "Feature", "properties": { "factor_fine": 0.892 }, "geometry": { "type": "Polygon", "coordinates": [ [ [ -78.4881, 38.1426 ], [ -78.4879, 38.1471 ], [ -78.4822, 38.147 ], [ -78.4824, 38.1425 ], [ -78.4881, 38.1426 ] ] ] } },
{ "type": "Feature", "properties": { "factor_fine": 0.877 }, "geometry": { "type": "Polygon", "coordinates": [ [ [ -78.4824, 38.1425 ], [ -78.4822, 38.147 ], [ -78.4765, 38.1469 ], [ -78.4767, 38.1424 ], [ -78.4824, 38.1425 ] ] ] } },
{ "type": "Feature", "properties": { "factor_fine": 0.859 }, "geometry": { "type": "Polygon", "coordinates": [ [ [ -78.4767, 38.1424 ], [ -78.4765, 38.1469 ], [ -78.4708, 38.1467 ], [ -78.471, 38.1422 ], [ -78.4767, 38.1424 ] ] ] } },
{ "type": "Feature", "properties": { "factor_fine": 0.843 }, "geometry": { "type": "Polygon", "coordinates": [ [ [ -78.471, 38.1422 ], [ -78.4708, 38.1467 ], [ -78.4651, 38.1466 ], [ -78.4653, 38.1421 ], [ -78.471, 38.1422 ] ] ] } },
{ "type": "Feature", "properties": { "factor_fine": 0.843 }, "geometry": { "type": "Polygon", "coordinates": [ [ [ -78.4653, 38.1421 ], [ -78.4651, 38.1466 ], [ -78.4594, 38.1465 ], [ -78.4596, 38.142 ], [ -78.4653, 38.1421 ] ] ] } },
{ "type": "Feature", "properties": { "factor_fine": 0.874 }, "geometry": { "type": "Polygon", "coordinates": [ [ [ -78.4596, 38.142 ], [ -78.4594, 38.1465 ], [ -78.4537, 38.1464 ], [ -78.4539, 38.1419 ], [ -78.4596, 38.142 ] ] ] } },
{ "type": "Feature", "properties": { "factor_fine": 0.925 }, "geometry": { "type": "Polygon", "coordinates": [ [ [ -78.4539, 38.1419 ], [ -78.4537, 38.1464 ], [ -78.448, 38.1462 ], [ -78.4482, 38.1417 ], [ -78.4539, 38.1419 ] ] ] } },
{ "type": "Feature", "properties": { "factor_fine": 0.96 }, "geometry": { "type": "Polygon", "coordinates": [ [ [ -78.4482, 38.1417 ], [ -78.448, 38.1462 ], [ -78.4423, 38.1461 ], [ -78.4425, 38.1416 ], [ -78.4482, 38.1417 ] ] ] } },
{ "type": "Feature", "properties": { "factor_fine": 0.975 }, "geometry": { "type": "Polygon", "coordinates": [ [ [ -78.4425, 38.1416 ], [ -78.4423, 38.1461 ], [ -78.4366, 38.146 ], [ -78.4368, 38.1415 ], [ -78.4425, 38.1416 ] ] ] } },
{ "type": "Feature", "properties": { "factor_fine": 0.983 }, "geometry": { "type": "Polygon", "coordinates": [ [ [ -78.4368, 38.1415 ], [ -78.4366, 38.146 ], [ -78.4309, 38.1459 ], [ -78.4311, 38.1414 ], [ -78.4368, 38.1415 ] ] ] } },
{ "type": "Feature", "properties": { "factor_fine": 0.992 }, "geometry": { "type": "Polygon", "coordinates": [ [ [ -78.4311, 38.1414 ], [ -78.4309, 38.1459 ], [ -78.4252, 38.1457 ], [ -78.4254, 38.1412 ], [ -78.4311, 38.1414 ] ] ] } },
{ "type": "Feature", "properties": { "factor_fine": 1.001 }, "geometry": { "type": "Polygon", "coordinates": [ [ [ -78.4254, 38.1412 ], [ -78.4252, 38.1457 ], [ -78.4195, 38.1456 ], [ -78.4197, 38.1411 ], [ -78.4254, 38.1412 ] ] ] } },
{ "type": "Feature", "properties": { "factor_fine": 1.008 }, "geometry": { "type": "Polygon", "coordinates": [ [ [ -78.4197, 38.1411 ], [ -78.4195, 38.1456 ], [ -78.4138, 38.1455 ], [ -78.414, 38.141 ], [ -78.4197, 38.1411 ] ] ] } },
{ "type": "Feature", "properties": { "factor_fine": 1.011 }, "geometry": { "type": "Polygon", "coordinates": [ [ [ -78.414, 38.141 ], [ -78.4138, 38.1455 ], [ -78.4081, 38.1454 ], [ -78.4083, 38.1409 ], [ -78.414, 38.141 ] ] ] } },
{ "type": "Feature", "properties": { "factor_fine": 0.998 }, "geometry": { "type": "Polygon", "coordinates": [ [ [ -78.4083, 38.1409 ], [ -78.4081, 38.1454 ], [ -78.4024, 38.1452 ], [ -78.4026, 38.1407 ], [ -78.4083, 38.1409 ] ] ] } },
{ "type": "Feature", "properties": { "factor_fine": 0.938 }, "geometry": { "type": "Polygon", "coordinates": [ [ [ -78.4026, 38.1407 ], [ -78.4024, 38.1452 ], [ -78.3967, 38.1451 ], [ -78.3969, 38.1406 ], [ -78.4026, 38.1407 ] ] ] } },
{ "type": "Feature", "properties": { "factor_fine": 0.861 }, "geometry": { "type": "Polygon", "coordinates": [ [ [ -78.3969, 38.1406 ], [ -78.3967, 38.1451 ], [ -78.391, 38.145 ], [ -78.3912, 38.1405 ], [ -78.3969, 38.1406 ] ] ] } },
{ "type": "Feature", "properties": { "factor_fine": 0.829 }, "geometry": { "type": "Polygon", "coordinates": [ [ [ -78.3912, 38.1405 ], [ -78.391, 38.145 ], [ -78.3853, 38.1449 ], [ -78.3855, 38.1404 ], [ -78.3912, 38.1405 ] ] ] } },
{ "type": "Feature", "properties": { "factor_fine": 0.817 }, "geometry": { "type": "Polygon", "coordinates": [ [ [ -78.3855, 38.1404 ], [ -78.3853, 38.1449 ], [ -78.3796, 38.1447 ], [ -78.3798, 38.1402 ], [ -78.3855, 38.1404 ] ] ] } },
{ "type": "Feature", "properties": { "factor_fine": 0.81 }, "geometry": { "type": "Polygon", "coordinates": [ [ [ -78.3798, 38.1402 ], [ -78.3796, 38.1447 ], [ -78.3739, 38.1446 ], [ -78.3741, 38.1401 ], [ -78.3798, 38.1402 ] ] ] } },
{ "type": "Feature", "properties": { "factor_fine": 0.808 }, "geometry": { "type": "Polygon", "coordinates": [ [ [ -78.3741, 38.1401 ], [ -78.3739, 38.1446 ], [ -78.3682, 38.1445 ], [ -78.3684, 38.14 ], [ -78.3741, 38.1401 ] ] ] } },
{ "type": "Feature", "properties": { "factor_fine": 0.801 }, "geometry": { "type": "Polygon", "coordinates": [ [ [ -78.3684, 38.14 ], [ -78.3682, 38.1445 ], [ -78.3625, 38.1443 ], [ -78.3627, 38.1398 ], [ -78.3684, 38.14 ] ] ] } },
{ "type": "Feature", "properties": { "factor_fine": 0.788 }, "geometry": { "type": "Polygon", "coordinates": [ [ [ -78.3627, 38.1398 ], [ -78.3625, 38.1443 ], [ -78.3568, 38.1442 ], [ -78.357, 38.1397 ], [ -78.3627, 38.1398 ] ] ] } },
{ "type": "Feature", "properties": { "factor_fine": 1.051 }, "geometry": { "type": "Polygon", "coordinates": [ [ [ -78.5791, 38.149 ], [ -78.579, 38.1535 ], [ -78.5733, 38.1534 ], [ -78.5734, 38.1489 ], [ -78.5791, 38.149 ] ] ] } },
{ "type": "Feature", "properties": { "factor_fine": 1.089 }, "geometry": { "type": "Polygon", "coordinates": [ [ [ -78.5734, 38.1489 ], [ -78.5733, 38.1534 ], [ -78.5676, 38.1533 ], [ -78.5677, 38.1488 ], [ -78.5734, 38.1489 ] ] ] } },
{ "type": "Feature", "properties": { "factor_fine": 1.11 }, "geometry": { "type": "Polygon", "coordinates": [ [ [ -78.5677, 38.1488 ], [ -78.5676, 38.1533 ], [ -78.5619, 38.1532 ], [ -78.562, 38.1487 ], [ -78.5677, 38.1488 ] ] ] } },
{ "type": "Feature", "properties": { "factor_fine": 0.792 }, "geometry": { "type": "Polygon", "coordinates": [ [ [ -78.5392, 38.1482 ], [ -78.5391, 38.1527 ], [ -78.5334, 38.1526 ], [ -78.5335, 38.1481 ], [ -78.5392, 38.1482 ] ] ] } },
{ "type": "Feature", "properties": { "factor_fine": 0.799 }, "geometry": { "type": "Polygon", "coordinates": [ [ [ -78.5335, 38.1481 ], [ -78.5334, 38.1526 ], [ -78.5277, 38.1524 ], [ -78.5278, 38.1479 ], [ -78.5335, 38.1481 ] ] ] } },
{ "type": "Feature", "properties": { "factor_fine": 0.822 }, "geometry": { "type": "Polygon", "coordinates": [ [ [ -78.5278, 38.1479 ], [ -78.5277, 38.1524 ], [ -78.522, 38.1523 ], [ -78.5221, 38.1478 ], [ -78.5278, 38.1479 ] ] ] } },
{ "type": "Feature", "properties": { "factor_fine": 0.853 }, "geometry": { "type": "Polygon", "coordinates": [ [ [ -78.5221, 38.1478 ], [ -78.522, 38.1523 ], [ -78.5163, 38.1522 ], [ -78.5164, 38.1477 ], [ -78.5221, 38.1478 ] ] ] } },
{ "type": "Feature", "properties": { "factor_fine": 0.883 }, "geometry": { "type": "Polygon", "coordinates": [ [ [ -78.5164, 38.1477 ], [ -78.5163, 38.1522 ], [ -78.5106, 38.1521 ], [ -78.5107, 38.1476 ], [ -78.5164, 38.1477 ] ] ] } },
{ "type": "Feature", "properties": { "factor_fine": 0.902 }, "geometry": { "type": "Polygon", "coordinates": [ [ [ -78.5107, 38.1476 ], [ -78.5106, 38.1521 ], [ -78.5049, 38.152 ], [ -78.505, 38.1475 ], [ -78.5107, 38.1476 ] ] ] } },
{ "type": "Feature", "properties": { "factor_fine": 0.909 }, "geometry": { "type": "Polygon", "coordinates": [ [ [ -78.505, 38.1475 ], [ -78.5049, 38.152 ], [ -78.4992, 38.1518 ], [ -78.4993, 38.1473 ], [ -78.505, 38.1475 ] ] ] } },
{ "type": "Feature", "properties": { "factor_fine": 0.907 }, "geometry": { "type": "Polygon", "coordinates": [ [ [ -78.4993, 38.1473 ], [ -78.4992, 38.1518 ], [ -78.4935, 38.1517 ], [ -78.4936, 38.1472 ], [ -78.4993, 38.1473 ] ] ] } },
{ "type": "Feature", "properties": { "factor_fine": 0.899 }, "geometry": { "type": "Polygon", "coordinates": [ [ [ -78.4936, 38.1472 ], [ -78.4935, 38.1517 ], [ -78.4878, 38.1516 ], [ -78.4879, 38.1471 ], [ -78.4936, 38.1472 ] ] ] } },
{ "type": "Feature", "properties": { "factor_fine": 0.886 }, "geometry": { "type": "Polygon", "coordinates": [ [ [ -78.4879, 38.1471 ], [ -78.4878, 38.1516 ], [ -78.4821, 38.1515 ], [ -78.4822, 38.147 ], [ -78.4879, 38.1471 ] ] ] } },
{ "type": "Feature", "properties": { "factor_fine": 0.871 }, "geometry": { "type": "Polygon", "coordinates": [ [ [ -78.4822, 38.147 ], [ -78.4821, 38.1515 ], [ -78.4764, 38.1514 ], [ -78.4765, 38.1469 ], [ -78.4822, 38.147 ] ] ] } },
{ "type": "Feature", "properties": { "factor_fine": 0.855 }, "geometry": { "type": "Polygon", "coordinates": [ [ [ -78.4765, 38.1469 ], [ -78.4764, 38.1514 ], [ -78.4707, 38.1512 ], [ -78.4708, 38.1467 ], [ -78.4765, 38.1469 ] ] ] } },
{ "type": "Feature", "properties": { "factor_fine": 0.839 }, "geometry": { "type": "Polygon", "coordinates": [ [ [ -78.4708, 38.1467 ], [ -78.4707, 38.1512 ], [ -78.465, 38.1511 ], [ -78.4651, 38.1466 ], [ -78.4708, 38.1467 ] ] ] } },
{ "type": "Feature", "properties": { "factor_fine": 0.829 }, "geometry": { "type": "Polygon", "coordinates": [ [ [ -78.4651, 38.1466 ], [ -78.465, 38.1511 ], [ -78.4593, 38.151 ], [ -78.4594, 38.1465 ], [ -78.4651, 38.1466 ] ] ] } },
{ "type": "Feature", "properties": { "factor_fine": 0.837 }, "geometry": { "type": "Polygon", "coordinates": [ [ [ -78.4594, 38.1465 ], [ -78.4593, 38.151 ], [ -78.4536, 38.1509 ], [ -78.4537, 38.1464 ], [ -78.4594, 38.1465 ] ] ] } },
{ "type": "Feature", "properties": { "factor_fine": 0.874 }, "geometry": { "type": "Polygon", "coordinates": [ [ [ -78.4537, 38.1464 ], [ -78.4536, 38.1509 ], [ -78.4479, 38.1507 ], [ -78.448, 38.1462 ], [ -78.4537, 38.1464 ] ] ] } },
{ "type": "Feature", "properties": { "factor_fine": 0.927 }, "geometry": { "type": "Polygon", "coordinates": [ [ [ -78.448, 38.1462 ], [ -78.4479, 38.1507 ], [ -78.4422, 38.1506 ], [ -78.4423, 38.1461 ], [ -78.448, 38.1462 ] ] ] } },
{ "type": "Feature", "properties": { "factor_fine": 0.961 }, "geometry": { "type": "Polygon", "coordinates": [ [ [ -78.4423, 38.1461 ], [ -78.4422, 38.1506 ], [ -78.4365, 38.1505 ], [ -78.4366, 38.146 ], [ -78.4423, 38.1461 ] ] ] } },
{ "type": "Feature", "properties": { "factor_fine": 0.977 }, "geometry": { "type": "Polygon", "coordinates": [ [ [ -78.4366, 38.146 ], [ -78.4365, 38.1505 ], [ -78.4308, 38.1504 ], [ -78.4309, 38.1459 ], [ -78.4366, 38.146 ] ] ] } },
{ "type": "Feature", "properties": { "factor_fine": 0.988 }, "geometry": { "type": "Polygon", "coordinates": [ [ [ -78.4309, 38.1459 ], [ -78.4308, 38.1504 ], [ -78.425, 38.1502 ], [ -78.4252, 38.1457 ], [ -78.4309, 38.1459 ] ] ] } },
{ "type": "Feature", "properties": { "factor_fine": 0.995 }, "geometry": { "type": "Polygon", "coordinates": [ [ [ -78.4252, 38.1457 ], [ -78.425, 38.1502 ], [ -78.4193, 38.1501 ], [ -78.4195, 38.1456 ], [ -78.4252, 38.1457 ] ] ] } },
{ "type": "Feature", "properties": { "factor_fine": 1.001 }, "geometry": { "type": "Polygon", "coordinates": [ [ [ -78.4195, 38.1456 ], [ -78.4193, 38.1501 ], [ -78.4136, 38.15 ], [ -78.4138, 38.1455 ], [ -78.4195, 38.1456 ] ] ] } },
{ "type": "Feature", "properties": { "factor_fine": 1.004 }, "geometry": { "type": "Polygon", "coordinates": [ [ [ -78.4138, 38.1455 ], [ -78.4136, 38.15 ], [ -78.4079, 38.1499 ], [ -78.4081, 38.1454 ], [ -78.4138, 38.1455 ] ] ] } },
{ "type": "Feature", "properties": { "factor_fine": 0.989 }, "geometry": { "type": "Polygon", "coordinates": [ [ [ -78.4081, 38.1454 ], [ -78.4079, 38.1499 ], [ -78.4022, 38.1497 ], [ -78.4024, 38.1452 ], [ -78.4081, 38.1454 ] ] ] } },
{ "type": "Feature", "properties": { "factor_fine": 0.924 }, "geometry": { "type": "Polygon", "coordinates": [ [ [ -78.4024, 38.1452 ], [ -78.4022, 38.1497 ], [ -78.3965, 38.1496 ], [ -78.3967, 38.1451 ], [ -78.4024, 38.1452 ] ] ] } },
{ "type": "Feature", "properties": { "factor_fine": 0.845 }, "geometry": { "type": "Polygon", "coordinates": [ [ [ -78.3967, 38.1451 ], [ -78.3965, 38.1496 ], [ -78.3908, 38.1495 ], [ -78.391, 38.145 ], [ -78.3967, 38.1451 ] ] ] } },
{ "type": "Feature", "properties": { "factor_fine": 0.813 }, "geometry": { "type": "Polygon", "coordinates": [ [ [ -78.391, 38.145 ], [ -78.3908, 38.1495 ], [ -78.3851, 38.1494 ], [ -78.3853, 38.1449 ], [ -78.391, 38.145 ] ] ] } },
{ "type": "Feature", "properties": { "factor_fine": 0.8 }, "geometry": { "type": "Polygon", "coordinates": [ [ [ -78.3853, 38.1449 ], [ -78.3851, 38.1494 ], [ -78.3794, 38.1492 ], [ -78.3796, 38.1447 ], [ -78.3853, 38.1449 ] ] ] } },
{ "type": "Feature", "properties": { "factor_fine": 0.791 }, "geometry": { "type": "Polygon", "coordinates": [ [ [ -78.3796, 38.1447 ], [ -78.3794, 38.1492 ], [ -78.3737, 38.1491 ], [ -78.3739, 38.1446 ], [ -78.3796, 38.1447 ] ] ] } },
{ "type": "Feature", "properties": { "factor_fine": 0.79 }, "geometry": { "type": "Polygon", "coordinates": [ [ [ -78.3739, 38.1446 ], [ -78.3737, 38.1491 ], [ -78.368, 38.149 ], [ -78.3682, 38.1445 ], [ -78.3739, 38.1446 ] ] ] } },
{ "type": "Feature", "properties": { "factor_fine": 0.79 }, "geometry": { "type": "Polygon", "coordinates": [ [ [ -78.3682, 38.1445 ], [ -78.368, 38.149 ], [ -78.3623, 38.1489 ], [ -78.3625, 38.1443 ], [ -78.3682, 38.1445 ] ] ] } },
{ "type": "Feature", "properties": { "factor_fine": 0.785 }, "geometry": { "type": "Polygon", "coordinates": [ [ [ -78.3625, 38.1443 ], [ -78.3623, 38.1489 ], [ -78.3566, 38.1487 ], [ -78.3568, 38.1442 ], [ -78.3625, 38.1443 ] ] ] } },
{ "type": "Feature", "properties": { "factor_fine": 0.978 }, "geometry": { "type": "Polygon", "coordinates": [ [ [ -78.5847, 38.1536 ], [ -78.5845, 38.1581 ], [ -78.5788, 38.158 ], [ -78.579, 38.1535 ], [ -78.5847, 38.1536 ] ] ] } },
{ "type": "Feature", "properties": { "factor_fine": 0.996 }, "geometry": { "type": "Polygon", "coordinates": [ [ [ -78.579, 38.1535 ], [ -78.5788, 38.158 ], [ -78.5731, 38.1579 ], [ -78.5733, 38.1534 ], [ -78.579, 38.1535 ] ] ] } },
{ "type": "Feature", "properties": { "factor_fine": 1.031 }, "geometry": { "type": "Polygon", "coordinates": [ [ [ -78.5733, 38.1534 ], [ -78.5731, 38.1579 ], [ -78.5674, 38.1578 ], [ -78.5676, 38.1533 ], [ -78.5733, 38.1534 ] ] ] } },
{ "type": "Feature", "properties": { "factor_fine": 1.07 }, "geometry": { "type": "Polygon", "coordinates": [ [ [ -78.5676, 38.1533 ], [ -78.5674, 38.1578 ], [ -78.5617, 38.1577 ], [ -78.5619, 38.1532 ], [ -78.5676, 38.1533 ] ] ] } },
{ "type": "Feature", "properties": { "factor_fine": 0.784 }, "geometry": { "type": "Polygon", "coordinates": [ [ [ -78.5391, 38.1527 ], [ -78.5389, 38.1572 ], [ -78.5332, 38.1571 ], [ -78.5334, 38.1526 ], [ -78.5391, 38.1527 ] ] ] } },
{ "type": "Feature", "properties": { "factor_fine": 0.79 }, "geometry": { "type": "Polygon", "coordinates": [ [ [ -78.5334, 38.1526 ], [ -78.5332, 38.1571 ], [ -78.5275, 38.157 ], [ -78.5277, 38.1524 ], [ -78.5334, 38.1526 ] ] ] } },
{ "type": "Feature", "properties": { "factor_fine": 0.806 }, "geometry": { "type": "Polygon", "coordinates": [ [ [ -78.5277, 38.1524 ], [ -78.5275, 38.157 ], [ -78.5218, 38.1568 ], [ -78.522, 38.1523 ], [ -78.5277, 38.1524 ] ] ] } },
{ "type": "Feature", "properties": { "factor_fine": 0.831 }, "geometry": { "type": "Polygon", "coordinates": [ [ [ -78.522, 38.1523 ], [ -78.5218, 38.1568 ], [ -78.5161, 38.1567 ], [ -78.5163, 38.1522 ], [ -78.522, 38.1523 ] ] ] } },
{ "type": "Feature", "properties": { "factor_fine": 0.868 }, "geometry": { "type": "Polygon", "coordinates": [ [ [ -78.5163, 38.1522 ], [ -78.5161, 38.1567 ], [ -78.5104, 38.1566 ], [ -78.5106, 38.1521 ], [ -78.5163, 38.1522 ] ] ] } },
{ "type": "Feature", "properties": { "factor_fine": 0.902 }, "geometry": { "type": "Polygon", "coordinates": [ [ [ -78.5106, 38.1521 ], [ -78.5104, 38.1566 ], [ -78.5047, 38.1565 ], [ -78.5049, 38.152 ], [ -78.5106, 38.1521 ] ] ] } },
{ "type": "Feature", "properties": { "factor_fine": 0.913 }, "geometry": { "type": "Polygon", "coordinates": [ [ [ -78.5049, 38.152 ], [ -78.5047, 38.1565 ], [ -78.499, 38.1563 ], [ -78.4992, 38.1518 ], [ -78.5049, 38.152 ] ] ] } },
{ "type": "Feature", "properties": { "factor_fine": 0.908 }, "geometry": { "type": "Polygon", "coordinates": [ [ [ -78.4992, 38.1518 ], [ -78.499, 38.1563 ], [ -78.4933, 38.1562 ], [ -78.4935, 38.1517 ], [ -78.4992, 38.1518 ] ] ] } },
{ "type": "Feature", "properties": { "factor_fine": 0.898 }, "geometry": { "type": "Polygon", "coordinates": [ [ [ -78.4935, 38.1517 ], [ -78.4933, 38.1562 ], [ -78.4876, 38.1561 ], [ -78.4878, 38.1516 ], [ -78.4935, 38.1517 ] ] ] } },
{ "type": "Feature", "properties": { "factor_fine": 0.886 }, "geometry": { "type": "Polygon", "coordinates": [ [ [ -78.4878, 38.1516 ], [ -78.4876, 38.1561 ], [ -78.4819, 38.156 ], [ -78.4821, 38.1515 ], [ -78.4878, 38.1516 ] ] ] } },
{ "type": "Feature", "properties": { "factor_fine": 0.871 }, "geometry": { "type": "Polygon", "coordinates": [ [ [ -78.4821, 38.1515 ], [ -78.4819, 38.156 ], [ -78.4762, 38.1559 ], [ -78.4764, 38.1514 ], [ -78.4821, 38.1515 ] ] ] } },
{ "type": "Feature", "properties": { "factor_fine": 0.855 }, "geometry": { "type": "Polygon", "coordinates": [ [ [ -78.4764, 38.1514 ], [ -78.4762, 38.1559 ], [ -78.4705, 38.1557 ], [ -78.4707, 38.1512 ], [ -78.4764, 38.1514 ] ] ] } },
{ "type": "Feature", "properties": { "factor_fine": 0.84 }, "geometry": { "type": "Polygon", "coordinates": [ [ [ -78.4707, 38.1512 ], [ -78.4705, 38.1557 ], [ -78.4648, 38.1556 ], [ -78.465, 38.1511 ], [ -78.4707, 38.1512 ] ] ] } },
{ "type": "Feature", "properties": { "factor_fine": 0.828 }, "geometry": { "type": "Polygon", "coordinates": [ [ [ -78.465, 38.1511 ], [ -78.4648, 38.1556 ], [ -78.4591, 38.1555 ], [ -78.4593, 38.151 ], [ -78.465, 38.1511 ] ] ] } },
{ "type": "Feature", "properties": { "factor_fine": 0.826 }, "geometry": { "type": "Polygon", "coordinates": [ [ [ -78.4593, 38.151 ], [ -78.4591, 38.1555 ], [ -78.4534, 38.1554 ], [ -78.4536, 38.1509 ], [ -78.4593, 38.151 ] ] ] } },
{ "type": "Feature", "properties": { "factor_fine": 0.846 }, "geometry": { "type": "Polygon", "coordinates": [ [ [ -78.4536, 38.1509 ], [ -78.4534, 38.1554 ], [ -78.4477, 38.1552 ], [ -78.4479, 38.1507 ], [ -78.4536, 38.1509 ] ] ] } },
{ "type": "Feature", "properties": { "factor_fine": 0.9 }, "geometry": { "type": "Polygon", "coordinates": [ [ [ -78.4479, 38.1507 ], [ -78.4477, 38.1552 ], [ -78.442, 38.1551 ], [ -78.4422, 38.1506 ], [ -78.4479, 38.1507 ] ] ] } },
{ "type": "Feature", "properties": { "factor_fine": 0.945 }, "geometry": { "type": "Polygon", "coordinates": [ [ [ -78.4422, 38.1506 ], [ -78.442, 38.1551 ], [ -78.4363, 38.155 ], [ -78.4365, 38.1505 ], [ -78.4422, 38.1506 ] ] ] } },
{ "type": "Feature", "properties": { "factor_fine": 0.963 }, "geometry": { "type": "Polygon", "coordinates": [ [ [ -78.4365, 38.1505 ], [ -78.4363, 38.155 ], [ -78.4306, 38.1549 ], [ -78.4308, 38.1504 ], [ -78.4365, 38.1505 ] ] ] } },
{ "type": "Feature", "properties": { "factor_fine": 0.973 }, "geometry": { "type": "Polygon", "coordinates": [ [ [ -78.4308, 38.1504 ], [ -78.4306, 38.1549 ], [ -78.4249, 38.1547 ], [ -78.425, 38.1502 ], [ -78.4308, 38.1504 ] ] ] } },
{ "type": "Feature", "properties": { "factor_fine": 0.98 }, "geometry": { "type": "Polygon", "coordinates": [ [ [ -78.425, 38.1502 ], [ -78.4249, 38.1547 ], [ -78.4192, 38.1546 ], [ -78.4193, 38.1501 ], [ -78.425, 38.1502 ] ] ] } },
{ "type": "Feature", "properties": { "factor_fine": 0.986 }, "geometry": { "type": "Polygon", "coordinates": [ [ [ -78.4193, 38.1501 ], [ -78.4192, 38.1546 ], [ -78.4135, 38.1545 ], [ -78.4136, 38.15 ], [ -78.4193, 38.1501 ] ] ] } },
{ "type": "Feature", "properties": { "factor_fine": 0.988 }, "geometry": { "type": "Polygon", "coordinates": [ [ [ -78.4136, 38.15 ], [ -78.4135, 38.1545 ], [ -78.4078, 38.1544 ], [ -78.4079, 38.1499 ], [ -78.4136, 38.15 ] ] ] } },
{ "type": "Feature", "properties": { "factor_fine": 0.976 }, "geometry": { "type": "Polygon", "coordinates": [ [ [ -78.4079, 38.1499 ], [ -78.4078, 38.1544 ], [ -78.4021, 38.1542 ], [ -78.4022, 38.1497 ], [ -78.4079, 38.1499 ] ] ] } },
{ "type": "Feature", "properties": { "factor_fine": 0.917 }, "geometry": { "type": "Polygon", "coordinates": [ [ [ -78.4022, 38.1497 ], [ -78.4021, 38.1542 ], [ -78.3964, 38.1541 ], [ -78.3965, 38.1496 ], [ -78.4022, 38.1497 ] ] ] } },
{ "type": "Feature", "properties": { "factor_fine": 0.839 }, "geometry": { "type": "Polygon", "coordinates": [ [ [ -78.3965, 38.1496 ], [ -78.3964, 38.1541 ], [ -78.3907, 38.154 ], [ -78.3908, 38.1495 ], [ -78.3965, 38.1496 ] ] ] } },
{ "type": "Feature", "properties": { "factor_fine": 0.808 }, "geometry": { "type": "Polygon", "coordinates": [ [ [ -78.3908, 38.1495 ], [ -78.3907, 38.154 ], [ -78.385, 38.1539 ], [ -78.3851, 38.1494 ], [ -78.3908, 38.1495 ] ] ] } },
{ "type": "Feature", "properties": { "factor_fine": 0.795 }, "geometry": { "type": "Polygon", "coordinates": [ [ [ -78.3851, 38.1494 ], [ -78.385, 38.1539 ], [ -78.3793, 38.1537 ], [ -78.3794, 38.1492 ], [ -78.3851, 38.1494 ] ] ] } },
{ "type": "Feature", "properties": { "factor_fine": 0.785 }, "geometry": { "type": "Polygon", "coordinates": [ [ [ -78.3794, 38.1492 ], [ -78.3793, 38.1537 ], [ -78.3736, 38.1536 ], [ -78.3737, 38.1491 ], [ -78.3794, 38.1492 ] ] ] } },
{ "type": "Feature", "properties": { "factor_fine": 0.78 }, "geometry": { "type": "Polygon", "coordinates": [ [ [ -78.3737, 38.1491 ], [ -78.3736, 38.1536 ], [ -78.3679, 38.1535 ], [ -78.368, 38.149 ], [ -78.3737, 38.1491 ] ] ] } },
{ "type": "Feature", "properties": { "factor_fine": 0.781 }, "geometry": { "type": "Polygon", "coordinates": [ [ [ -78.368, 38.149 ], [ -78.3679, 38.1535 ], [ -78.3622, 38.1534 ], [ -78.3623, 38.1489 ], [ -78.368, 38.149 ] ] ] } },
{ "type": "Feature", "properties": { "factor_fine": 0.782 }, "geometry": { "type": "Polygon", "coordinates": [ [ [ -78.3623, 38.1489 ], [ -78.3622, 38.1534 ], [ -78.3565, 38.1532 ], [ -78.3566, 38.1487 ], [ -78.3623, 38.1489 ] ] ] } },
{ "type": "Feature", "properties": { "factor_fine": 0.96 }, "geometry": { "type": "Polygon", "coordinates": [ [ [ -78.5845, 38.1581 ], [ -78.5844, 38.1626 ], [ -78.5787, 38.1625 ], [ -78.5788, 38.158 ], [ -78.5845, 38.1581 ] ] ] } },
{ "type": "Feature", "properties": { "factor_fine": 0.968 }, "geometry": { "type": "Polygon", "coordinates": [ [ [ -78.5788, 38.158 ], [ -78.5787, 38.1625 ], [ -78.573, 38.1624 ], [ -78.5731, 38.1579 ], [ -78.5788, 38.158 ] ] ] } },
{ "type": "Feature", "properties": { "factor_fine": 0.993 }, "geometry": { "type": "Polygon", "coordinates": [ [ [ -78.5731, 38.1579 ], [ -78.573, 38.1624 ], [ -78.5673, 38.1623 ], [ -78.5674, 38.1578 ], [ -78.5731, 38.1579 ] ] ] } },
{ "type": "Feature", "properties": { "factor_fine": 0.785 }, "geometry": { "type": "Polygon", "coordinates": [ [ [ -78.5389, 38.1572 ], [ -78.5388, 38.1617 ], [ -78.5331, 38.1616 ], [ -78.5332, 38.1571 ], [ -78.5389, 38.1572 ] ] ] } },
{ "type": "Feature", "properties": { "factor_fine": 0.79 }, "geometry": { "type": "Polygon", "coordinates": [ [ [ -78.5332, 38.1571 ], [ -78.5331, 38.1616 ], [ -78.5274, 38.1615 ], [ -78.5275, 38.157 ], [ -78.5332, 38.1571 ] ] ] } },
{ "type": "Feature", "properties": { "factor_fine": 0.8 }, "geometry": { "type": "Polygon", "coordinates": [ [ [ -78.5275, 38.157 ], [ -78.5274, 38.1615 ], [ -78.5217, 38.1613 ], [ -78.5218, 38.1568 ], [ -78.5275, 38.157 ] ] ] } },
{ "type": "Feature", "properties": { "factor_fine": 0.817 }, "geometry": { "type": "Polygon", "coordinates": [ [ [ -78.5218, 38.1568 ], [ -78.5217, 38.1613 ], [ -78.516, 38.1612 ], [ -78.5161, 38.1567 ], [ -78.5218, 38.1568 ] ] ] } },
{ "type": "Feature", "properties": { "factor_fine": 0.851 }, "geometry": { "type": "Polygon", "coordinates": [ [ [ -78.5161, 38.1567 ], [ -78.516, 38.1612 ], [ -78.5103, 38.1611 ], [ -78.5104, 38.1566 ], [ -78.5161, 38.1567 ] ] ] } },
{ "type": "Feature", "properties": { "factor_fine": 0.896 }, "geometry": { "type": "Polygon", "coordinates": [ [ [ -78.5104, 38.1566 ], [ -78.5103, 38.1611 ], [ -78.5046, 38.161 ], [ -78.5047, 38.1565 ], [ -78.5104, 38.1566 ] ] ] } },
{ "type": "Feature", "properties": { "factor_fine": 0.912 }, "geometry": { "type": "Polygon", "coordinates": [ [ [ -78.5047, 38.1565 ], [ -78.5046, 38.161 ], [ -78.4989, 38.1608 ], [ -78.499, 38.1563 ], [ -78.5047, 38.1565 ] ] ] } },
{ "type": "Feature", "properties": { "factor_fine": 0.908 }, "geometry": { "type": "Polygon", "coordinates": [ [ [ -78.499, 38.1563 ], [ -78.4989, 38.1608 ], [ -78.4932, 38.1607 ], [ -78.4933, 38.1562 ], [ -78.499, 38.1563 ] ] ] } },
{ "type": "Feature", "properties": { "factor_fine": 0.9 }, "geometry": { "type": "Polygon", "coordinates": [ [ [ -78.4933, 38.1562 ], [ -78.4932, 38.1607 ], [ -78.4875, 38.1606 ], [ -78.4876, 38.1561 ], [ -78.4933, 38.1562 ] ] ] } },
{ "type": "Feature", "properties": { "factor_fine": 0.889 }, "geometry": { "type": "Polygon", "coordinates": [ [ [ -78.4876, 38.1561 ], [ -78.4875, 38.1606 ], [ -78.4818, 38.1605 ], [ -78.4819, 38.156 ], [ -78.4876, 38.1561 ] ] ] } },
{ "type": "Feature", "properties": { "factor_fine": 0.874 }, "geometry": { "type": "Polygon", "coordinates": [ [ [ -78.4819, 38.156 ], [ -78.4818, 38.1605 ], [ -78.476, 38.1604 ], [ -78.4762, 38.1559 ], [ -78.4819, 38.156 ] ] ] } },
{ "type": "Feature", "properties": { "factor_fine": 0.858 }, "geometry": { "type": "Polygon", "coordinates": [ [ [ -78.4762, 38.1559 ], [ -78.476, 38.1604 ], [ -78.4703, 38.1602 ], [ -78.4705, 38.1557 ], [ -78.4762, 38.1559 ] ] ] } },
{ "type": "Feature", "properties": { "factor_fine": 0.842 }, "geometry": { "type": "Polygon", "coordinates": [ [ [ -78.4705, 38.1557 ], [ -78.4703, 38.1602 ], [ -78.4646, 38.1601 ], [ -78.4648, 38.1556 ], [ -78.4705, 38.1557 ] ] ] } },
{ "type": "Feature", "properties": { "factor_fine": 0.831 }, "geometry": { "type": "Polygon", "coordinates": [ [ [ -78.4648, 38.1556 ], [ -78.4646, 38.1601 ], [ -78.4589, 38.16 ], [ -78.4591, 38.1555 ], [ -78.4648, 38.1556 ] ] ] } },
{ "type": "Feature", "properties": { "factor_fine": 0.827 }, "geometry": { "type": "Polygon", "coordinates": [ [ [ -78.4591, 38.1555 ], [ -78.4589, 38.16 ], [ -78.4532, 38.1599 ], [ -78.4534, 38.1554 ], [ -78.4591, 38.1555 ] ] ] } },
{ "type": "Feature", "properties": { "factor_fine": 0.844 }, "geometry": { "type": "Polygon", "coordinates": [ [ [ -78.4534, 38.1554 ], [ -78.4532, 38.1599 ], [ -78.4475, 38.1597 ], [ -78.4477, 38.1552 ], [ -78.4534, 38.1554 ] ] ] } },
{ "type": "Feature", "properties": { "factor_fine": 0.901 }, "geometry": { "type": "Polygon", "coordinates": [ [ [ -78.4477, 38.1552 ], [ -78.4475, 38.1597 ], [ -78.4418, 38.1596 ], [ -78.442, 38.1551 ], [ -78.4477, 38.1552 ] ] ] } },
{ "type": "Feature", "properties": { "factor_fine": 0.94 }, "geometry": { "type": "Polygon", "coordinates": [ [ [ -78.442, 38.1551 ], [ -78.4418, 38.1596 ], [ -78.4361, 38.1595 ], [ -78.4363, 38.155 ], [ -78.442, 38.1551 ] ] ] } },
{ "type": "Feature", "properties": { "factor_fine": 0.955 }, "geometry": { "type": "Polygon", "coordinates": [ [ [ -78.4363, 38.155 ], [ -78.4361, 38.1595 ], [ -78.4304, 38.1594 ], [ -78.4306, 38.1549 ], [ -78.4363, 38.155 ] ] ] } },
{ "type": "Feature", "properties": { "factor_fine": 0.964 }, "geometry": { "type": "Polygon", "coordinates": [ [ [ -78.4306, 38.1549 ], [ -78.4304, 38.1594 ], [ -78.4247, 38.1592 ], [ -78.4249, 38.1547 ], [ -78.4306, 38.1549 ] ] ] } },
{ "type": "Feature", "properties": { "factor_fine": 0.971 }, "geometry": { "type": "Polygon", "coordinates": [ [ [ -78.4249, 38.1547 ], [ -78.4247, 38.1592 ], [ -78.419, 38.1591 ], [ -78.4192, 38.1546 ], [ -78.4249, 38.1547 ] ] ] } },
{ "type": "Feature", "properties": { "factor_fine": 0.977 }, "geometry": { "type": "Polygon", "coordinates": [ [ [ -78.4192, 38.1546 ], [ -78.419, 38.1591 ], [ -78.4133, 38.159 ], [ -78.4135, 38.1545 ], [ -78.4192, 38.1546 ] ] ] } },
{ "type": "Feature", "properties": { "factor_fine": 0.979 }, "geometry": { "type": "Polygon", "coordinates": [ [ [ -78.4135, 38.1545 ], [ -78.4133, 38.159 ], [ -78.4076, 38.1589 ], [ -78.4078, 38.1544 ], [ -78.4135, 38.1545 ] ] ] } },
{ "type": "Feature", "properties": { "factor_fine": 0.969 }, "geometry": { "type": "Polygon", "coordinates": [ [ [ -78.4078, 38.1544 ], [ -78.4076, 38.1589 ], [ -78.4019, 38.1587 ], [ -78.4021, 38.1542 ], [ -78.4078, 38.1544 ] ] ] } },
{ "type": "Feature", "properties": { "factor_fine": 0.918 }, "geometry": { "type": "Polygon", "coordinates": [ [ [ -78.4021, 38.1542 ], [ -78.4019, 38.1587 ], [ -78.3962, 38.1586 ], [ -78.3964, 38.1541 ], [ -78.4021, 38.1542 ] ] ] } },
{ "type": "Feature", "properties": { "factor_fine": 0.84 }, "geometry": { "type": "Polygon", "coordinates": [ [ [ -78.3964, 38.1541 ], [ -78.3962, 38.1586 ], [ -78.3905, 38.1585 ], [ -78.3907, 38.154 ], [ -78.3964, 38.1541 ] ] ] } },
{ "type": "Feature", "properties": { "factor_fine": 0.81 }, "geometry": { "type": "Polygon", "coordinates": [ [ [ -78.3907, 38.154 ], [ -78.3905, 38.1585 ], [ -78.3848, 38.1584 ], [ -78.385, 38.1539 ], [ -78.3907, 38.154 ] ] ] } },
{ "type": "Feature", "properties": { "factor_fine": 0.8 }, "geometry": { "type": "Polygon", "coordinates": [ [ [ -78.385, 38.1539 ], [ -78.3848, 38.1584 ], [ -78.3791, 38.1582 ], [ -78.3793, 38.1537 ], [ -78.385, 38.1539 ] ] ] } },
{ "type": "Feature", "properties": { "factor_fine": 0.79 }, "geometry": { "type": "Polygon", "coordinates": [ [ [ -78.3793, 38.1537 ], [ -78.3791, 38.1582 ], [ -78.3734, 38.1581 ], [ -78.3736, 38.1536 ], [ -78.3793, 38.1537 ] ] ] } },
{ "type": "Feature", "properties": { "factor_fine": 0.784 }, "geometry": { "type": "Polygon", "coordinates": [ [ [ -78.3736, 38.1536 ], [ -78.3734, 38.1581 ], [ -78.3677, 38.158 ], [ -78.3679, 38.1535 ], [ -78.3736, 38.1536 ] ] ] } },
{ "type": "Feature", "properties": { "factor_fine": 0.782 }, "geometry": { "type": "Polygon", "coordinates": [ [ [ -78.3679, 38.1535 ], [ -78.3677, 38.158 ], [ -78.362, 38.1579 ], [ -78.3622, 38.1534 ], [ -78.3679, 38.1535 ] ] ] } },
{ "type": "Feature", "properties": { "factor_fine": 0.784 }, "geometry": { "type": "Polygon", "coordinates": [ [ [ -78.3622, 38.1534 ], [ -78.362, 38.1579 ], [ -78.3563, 38.1577 ], [ -78.3565, 38.1532 ], [ -78.3622, 38.1534 ] ] ] } },
{ "type": "Feature", "properties": { "factor_fine": 0.96 }, "geometry": { "type": "Polygon", "coordinates": [ [ [ -78.5844, 38.1626 ], [ -78.5842, 38.1671 ], [ -78.5785, 38.167 ], [ -78.5787, 38.1625 ], [ -78.5844, 38.1626 ] ] ] } },
{ "type": "Feature", "properties": { "factor_fine": 0.963 }, "geometry": { "type": "Polygon", "coordinates": [ [ [ -78.5787, 38.1625 ], [ -78.5785, 38.167 ], [ -78.5728, 38.1669 ], [ -78.573, 38.1624 ], [ -78.5787, 38.1625 ] ] ] } },
{ "type": "Feature", "properties": { "factor_fine": 0.787 }, "geometry": { "type": "Polygon", "coordinates": [ [ [ -78.5388, 38.1617 ], [ -78.5386, 38.1662 ], [ -78.5329, 38.1661 ], [ -78.5331, 38.1616 ], [ -78.5388, 38.1617 ] ] ] } },
{ "type": "Feature", "properties": { "factor_fine": 0.791 }, "geometry": { "type": "Polygon", "coordinates": [ [ [ -78.5331, 38.1616 ], [ -78.5329, 38.1661 ], [ -78.5272, 38.166 ], [ -78.5274, 38.1615 ], [ -78.5331, 38.1616 ] ] ] } },
{ "type": "Feature", "properties": { "factor_fine": 0.798 }, "geometry": { "type": "Polygon", "coordinates": [ [ [ -78.5274, 38.1615 ], [ -78.5272, 38.166 ], [ -78.5215, 38.1658 ], [ -78.5217, 38.1613 ], [ -78.5274, 38.1615 ] ] ] } },
{ "type": "Feature", "properties": { "factor_fine": 0.811 }, "geometry": { "type": "Polygon", "coordinates": [ [ [ -78.5217, 38.1613 ], [ -78.5215, 38.1658 ], [ -78.5158, 38.1657 ], [ -78.516, 38.1612 ], [ -78.5217, 38.1613 ] ] ] } },
{ "type": "Feature", "properties": { "factor_fine": 0.842 }, "geometry": { "type": "Polygon", "coordinates": [ [ [ -78.516, 38.1612 ], [ -78.5158, 38.1657 ], [ -78.5101, 38.1656 ], [ -78.5103, 38.1611 ], [ -78.516, 38.1612 ] ] ] } },
{ "type": "Feature", "properties": { "factor_fine": 0.885 }, "geometry": { "type": "Polygon", "coordinates": [ [ [ -78.5103, 38.1611 ], [ -78.5101, 38.1656 ], [ -78.5044, 38.1655 ], [ -78.5046, 38.161 ], [ -78.5103, 38.1611 ] ] ] } },
{ "type": "Feature", "properties": { "factor_fine": 0.904 }, "geometry": { "type": "Polygon", "coordinates": [ [ [ -78.5046, 38.161 ], [ -78.5044, 38.1655 ], [ -78.4987, 38.1654 ], [ -78.4989, 38.1608 ], [ -78.5046, 38.161 ] ] ] } },
{ "type": "Feature", "properties": { "factor_fine": 0.905 }, "geometry": { "type": "Polygon", "coordinates": [ [ [ -78.4989, 38.1608 ], [ -78.4987, 38.1654 ], [ -78.493, 38.1652 ], [ -78.4932, 38.1607 ], [ -78.4989, 38.1608 ] ] ] } },
{ "type": "Feature", "properties": { "factor_fine": 0.901 }, "geometry": { "type": "Polygon", "coordinates": [ [ [ -78.4932, 38.1607 ], [ -78.493, 38.1652 ], [ -78.4873, 38.1651 ], [ -78.4875, 38.1606 ], [ -78.4932, 38.1607 ] ] ] } },
{ "type": "Feature", "properties": { "factor_fine": 0.891 }, "geometry": { "type": "Polygon", "coordinates": [ [ [ -78.4875, 38.1606 ], [ -78.4873, 38.1651 ], [ -78.4816, 38.165 ], [ -78.4818, 38.1605 ], [ -78.4875, 38.1606 ] ] ] } },
{ "type": "Feature", "properties": { "factor_fine": 0.877 }, "geometry": { "type": "Polygon", "coordinates": [ [ [ -78.4818, 38.1605 ], [ -78.4816, 38.165 ], [ -78.4759, 38.1649 ], [ -78.476, 38.1604 ], [ -78.4818, 38.1605 ] ] ] } },
{ "type": "Feature", "properties": { "factor_fine": 0.86 }, "geometry": { "type": "Polygon", "coordinates": [ [ [ -78.476, 38.1604 ], [ -78.4759, 38.1649 ], [ -78.4702, 38.1647 ], [ -78.4703, 38.1602 ], [ -78.476, 38.1604 ] ] ] } },
{ "type": "Feature", "properties": { "factor_fine": 0.845 }, "geometry": { "type": "Polygon", "coordinates": [ [ [ -78.4703, 38.1602 ], [ -78.4702, 38.1647 ], [ -78.4645, 38.1646 ], [ -78.4646, 38.1601 ], [ -78.4703, 38.1602 ] ] ] } },
{ "type": "Feature", "properties": { "factor_fine": 0.835 }, "geometry": { "type": "Polygon", "coordinates": [ [ [ -78.4646, 38.1601 ], [ -78.4645, 38.1646 ], [ -78.4588, 38.1645 ], [ -78.4589, 38.16 ], [ -78.4646, 38.1601 ] ] ] } },
{ "type": "Feature", "properties": { "factor_fine": 0.833 }, "geometry": { "type": "Polygon", "coordinates": [ [ [ -78.4589, 38.16 ], [ -78.4588, 38.1645 ], [ -78.4531, 38.1644 ], [ -78.4532, 38.1599 ], [ -78.4589, 38.16 ] ] ] } },
{ "type": "Feature", "properties": { "factor_fine": 0.854 }, "geometry": { "type": "Polygon", "coordinates": [ [ [ -78.4532, 38.1599 ], [ -78.4531, 38.1644 ], [ -78.4474, 38.1642 ], [ -78.4475, 38.1597 ], [ -78.4532, 38.1599 ] ] ] } },
{ "type": "Feature", "properties": { "factor_fine": 0.907 }, "geometry": { "type": "Polygon", "coordinates": [ [ [ -78.4475, 38.1597 ], [ -78.4474, 38.1642 ], [ -78.4417, 38.1641 ], [ -78.4418, 38.1596 ], [ -78.4475, 38.1597 ] ] ] } },
{ "type": "Feature", "properties": { "factor_fine": 0.937 }, "geometry": { "type": "Polygon", "coordinates": [ [ [ -78.4418, 38.1596 ], [ -78.4417, 38.1641 ], [ -78.436, 38.164 ], [ -78.4361, 38.1595 ], [ -78.4418, 38.1596 ] ] ] } },
{ "type": "Feature", "properties": { "factor_fine": 0.95 }, "geometry": { "type": "Polygon", "coordinates": [ [ [ -78.4361, 38.1595 ], [ -78.436, 38.164 ], [ -78.4303, 38.1639 ], [ -78.4304, 38.1594 ], [ -78.4361, 38.1595 ] ] ] } },
{ "type": "Feature", "properties": { "factor_fine": 0.959 }, "geometry": { "type": "Polygon", "coordinates": [ [ [ -78.4304, 38.1594 ], [ -78.4303, 38.1639 ], [ -78.4246, 38.1637 ], [ -78.4247, 38.1592 ], [ -78.4304, 38.1594 ] ] ] } },
{ "type": "Feature", "properties": { "factor_fine": 0.967 }, "geometry": { "type": "Polygon", "coordinates": [ [ [ -78.4247, 38.1592 ], [ -78.4246, 38.1637 ], [ -78.4189, 38.1636 ], [ -78.419, 38.1591 ], [ -78.4247, 38.1592 ] ] ] } },
{ "type": "Feature", "properties": { "factor_fine": 0.972 }, "geometry": { "type": "Polygon", "coordinates": [ [ [ -78.419, 38.1591 ], [ -78.4189, 38.1636 ], [ -78.4132, 38.1635 ], [ -78.4133, 38.159 ], [ -78.419, 38.1591 ] ] ] } },
{ "type": "Feature", "properties": { "factor_fine": 0.974 }, "geometry": { "type": "Polygon", "coordinates": [ [ [ -78.4133, 38.159 ], [ -78.4132, 38.1635 ], [ -78.4075, 38.1634 ], [ -78.4076, 38.1589 ], [ -78.4133, 38.159 ] ] ] } },
{ "type": "Feature", "properties": { "factor_fine": 0.964 }, "geometry": { "type": "Polygon", "coordinates": [ [ [ -78.4076, 38.1589 ], [ -78.4075, 38.1634 ], [ -78.4018, 38.1632 ], [ -78.4019, 38.1587 ], [ -78.4076, 38.1589 ] ] ] } },
{ "type": "Feature", "properties": { "factor_fine": 0.919 }, "geometry": { "type": "Polygon", "coordinates": [ [ [ -78.4019, 38.1587 ], [ -78.4018, 38.1632 ], [ -78.3961, 38.1631 ], [ -78.3962, 38.1586 ], [ -78.4019, 38.1587 ] ] ] } },
{ "type": "Feature", "properties": { "factor_fine": 0.843 }, "geometry": { "type": "Polygon", "coordinates": [ [ [ -78.3962, 38.1586 ], [ -78.3961, 38.1631 ], [ -78.3904, 38.163 ], [ -78.3905, 38.1585 ], [ -78.3962, 38.1586 ] ] ] } },
{ "type": "Feature", "properties": { "factor_fine": 0.814 }, "geometry": { "type": "Polygon", "coordinates": [ [ [ -78.3905, 38.1585 ], [ -78.3904, 38.163 ], [ -78.3847, 38.1629 ], [ -78.3848, 38.1584 ], [ -78.3905, 38.1585 ] ] ] } },
{ "type": "Feature", "properties": { "factor_fine": 0.808 }, "geometry": { "type": "Polygon", "coordinates": [ [ [ -78.3848, 38.1584 ], [ -78.3847, 38.1629 ], [ -78.379, 38.1627 ], [ -78.3791, 38.1582 ], [ -78.3848, 38.1584 ] ] ] } },
{ "type": "Feature", "properties": { "factor_fine": 0.8 }, "geometry": { "type": "Polygon", "coordinates": [ [ [ -78.3791, 38.1582 ], [ -78.379, 38.1627 ], [ -78.3733, 38.1626 ], [ -78.3734, 38.1581 ], [ -78.3791, 38.1582 ] ] ] } },
{ "type": "Feature", "properties": { "factor_fine": 0.794 }, "geometry": { "type": "Polygon", "coordinates": [ [ [ -78.3734, 38.1581 ], [ -78.3733, 38.1626 ], [ -78.3676, 38.1625 ], [ -78.3677, 38.158 ], [ -78.3734, 38.1581 ] ] ] } },
{ "type": "Feature", "properties": { "factor_fine": 0.791 }, "geometry": { "type": "Polygon", "coordinates": [ [ [ -78.3677, 38.158 ], [ -78.3676, 38.1625 ], [ -78.3619, 38.1624 ], [ -78.362, 38.1579 ], [ -78.3677, 38.158 ] ] ] } },
{ "type": "Feature", "properties": { "factor_fine": 0.792 }, "geometry": { "type": "Polygon", "coordinates": [ [ [ -78.362, 38.1579 ], [ -78.3619, 38.1624 ], [ -78.3562, 38.1622 ], [ -78.3563, 38.1577 ], [ -78.362, 38.1579 ] ] ] } },
{ "type": "Feature", "properties": { "factor_fine": 0.796 }, "geometry": { "type": "Polygon", "coordinates": [ [ [ -78.3563, 38.1577 ], [ -78.3562, 38.1622 ], [ -78.3505, 38.1621 ], [ -78.3506, 38.1576 ], [ -78.3563, 38.1577 ] ] ] } },
{ "type": "Feature", "properties": { "factor_fine": 0.978 }, "geometry": { "type": "Polygon", "coordinates": [ [ [ -78.5899, 38.1673 ], [ -78.5898, 38.1718 ], [ -78.5841, 38.1716 ], [ -78.5842, 38.1671 ], [ -78.5899, 38.1673 ] ] ] } },
{ "type": "Feature", "properties": { "factor_fine": 0.974 }, "geometry": { "type": "Polygon", "coordinates": [ [ [ -78.5842, 38.1671 ], [ -78.5841, 38.1716 ], [ -78.5784, 38.1715 ], [ -78.5785, 38.167 ], [ -78.5842, 38.1671 ] ] ] } },
{ "type": "Feature", "properties": { "factor_fine": 0.974 }, "geometry": { "type": "Polygon", "coordinates": [ [ [ -78.5785, 38.167 ], [ -78.5784, 38.1715 ], [ -78.5727, 38.1714 ], [ -78.5728, 38.1669 ], [ -78.5785, 38.167 ] ] ] } },
{ "type": "Feature", "properties": { "factor_fine": 0.794 }, "geometry": { "type": "Polygon", "coordinates": [ [ [ -78.5329, 38.1661 ], [ -78.5328, 38.1706 ], [ -78.5271, 38.1705 ], [ -78.5272, 38.166 ], [ -78.5329, 38.1661 ] ] ] } },
{ "type": "Feature", "properties": { "factor_fine": 0.8 }, "geometry": { "type": "Polygon", "coordinates": [ [ [ -78.5272, 38.166 ], [ -78.5271, 38.1705 ], [ -78.5214, 38.1703 ], [ -78.5215, 38.1658 ], [ -78.5272, 38.166 ] ] ] } },
{ "type": "Feature", "properties": { "factor_fine": 0.814 }, "geometry": { "type": "Polygon", "coordinates": [ [ [ -78.5215, 38.1658 ], [ -78.5214, 38.1703 ], [ -78.5157, 38.1702 ], [ -78.5158, 38.1657 ], [ -78.5215, 38.1658 ] ] ] } },
{ "type": "Feature", "properties": { "factor_fine": 0.844 }, "geometry": { "type": "Polygon", "coordinates": [ [ [ -78.5158, 38.1657 ], [ -78.5157, 38.1702 ], [ -78.51, 38.1701 ], [ -78.5101, 38.1656 ], [ -78.5158, 38.1657 ] ] ] } },
{ "type": "Feature", "properties": { "factor_fine": 0.876 }, "geometry": { "type": "Polygon", "coordinates": [ [ [ -78.5101, 38.1656 ], [ -78.51, 38.1701 ], [ -78.5043, 38.17 ], [ -78.5044, 38.1655 ], [ -78.5101, 38.1656 ] ] ] } },
{ "type": "Feature", "properties": { "factor_fine": 0.894 }, "geometry": { "type": "Polygon", "coordinates": [ [ [ -78.5044, 38.1655 ], [ -78.5043, 38.17 ], [ -78.4985, 38.1699 ], [ -78.4987, 38.1654 ], [ -78.5044, 38.1655 ] ] ] } },
{ "type": "Feature", "properties": { "factor_fine": 0.899 }, "geometry": { "type": "Polygon", "coordinates": [ [ [ -78.4987, 38.1654 ], [ -78.4985, 38.1699 ], [ -78.4928, 38.1697 ], [ -78.493, 38.1652 ], [ -78.4987, 38.1654 ] ] ] } },
{ "type": "Feature", "properties": { "factor_fine": 0.896 }, "geometry": { "type": "Polygon", "coordinates": [ [ [ -78.493, 38.1652 ], [ -78.4928, 38.1697 ], [ -78.4871, 38.1696 ], [ -78.4873, 38.1651 ], [ -78.493, 38.1652 ] ] ] } },
{ "type": "Feature", "properties": { "factor_fine": 0.888 }, "geometry": { "type": "Polygon", "coordinates": [ [ [ -78.4873, 38.1651 ], [ -78.4871, 38.1696 ], [ -78.4814, 38.1695 ], [ -78.4816, 38.165 ], [ -78.4873, 38.1651 ] ] ] } },
{ "type": "Feature", "properties": { "factor_fine": 0.875 }, "geometry": { "type": "Polygon", "coordinates": [ [ [ -78.4816, 38.165 ], [ -78.4814, 38.1695 ], [ -78.4757, 38.1694 ], [ -78.4759, 38.1649 ], [ -78.4816, 38.165 ] ] ] } },
{ "type": "Feature", "properties": { "factor_fine": 0.86 }, "geometry": { "type": "Polygon", "coordinates": [ [ [ -78.4759, 38.1649 ], [ -78.4757, 38.1694 ], [ -78.47, 38.1692 ], [ -78.4702, 38.1647 ], [ -78.4759, 38.1649 ] ] ] } },
{ "type": "Feature", "properties": { "factor_fine": 0.849 }, "geometry": { "type": "Polygon", "coordinates": [ [ [ -78.4702, 38.1647 ], [ -78.47, 38.1692 ], [ -78.4643, 38.1691 ], [ -78.4645, 38.1646 ], [ -78.4702, 38.1647 ] ] ] } },
{ "type": "Feature", "properties": { "factor_fine": 0.845 }, "geometry": { "type": "Polygon", "coordinates": [ [ [ -78.4645, 38.1646 ], [ -78.4643, 38.1691 ], [ -78.4586, 38.169 ], [ -78.4588, 38.1645 ], [ -78.4645, 38.1646 ] ] ] } },
{ "type": "Feature", "properties": { "factor_fine": 0.849 }, "geometry": { "type": "Polygon", "coordinates": [ [ [ -78.4588, 38.1645 ], [ -78.4586, 38.169 ], [ -78.4529, 38.1689 ], [ -78.4531, 38.1644 ], [ -78.4588, 38.1645 ] ] ] } },
{ "type": "Feature", "properties": { "factor_fine": 0.869 }, "geometry": { "type": "Polygon", "coordinates": [ [ [ -78.4531, 38.1644 ], [ -78.4529, 38.1689 ], [ -78.4472, 38.1687 ], [ -78.4474, 38.1642 ], [ -78.4531, 38.1644 ] ] ] } },
{ "type": "Feature", "properties": { "factor_fine": 0.907 }, "geometry": { "type": "Polygon", "coordinates": [ [ [ -78.4474, 38.1642 ], [ -78.4472, 38.1687 ], [ -78.4415, 38.1686 ], [ -78.4417, 38.1641 ], [ -78.4474, 38.1642 ] ] ] } },
{ "type": "Feature", "properties": { "factor_fine": 0.93 }, "geometry": { "type": "Polygon", "coordinates": [ [ [ -78.4417, 38.1641 ], [ -78.4415, 38.1686 ], [ -78.4358, 38.1685 ], [ -78.436, 38.164 ], [ -78.4417, 38.1641 ] ] ] } },
{ "type": "Feature", "properties": { "factor_fine": 0.944 }, "geometry": { "type": "Polygon", "coordinates": [ [ [ -78.436, 38.164 ], [ -78.4358, 38.1685 ], [ -78.4301, 38.1684 ], [ -78.4303, 38.1639 ], [ -78.436, 38.164 ] ] ] } },
{ "type": "Feature", "properties": { "factor_fine": 0.955 }, "geometry": { "type": "Polygon", "coordinates": [ [ [ -78.4303, 38.1639 ], [ -78.4301, 38.1684 ], [ -78.4244, 38.1683 ], [ -78.4246, 38.1637 ], [ -78.4303, 38.1639 ] ] ] } },
{ "type": "Feature", "properties": { "factor_fine": 0.963 }, "geometry": { "type": "Polygon", "coordinates": [ [ [ -78.4246, 38.1637 ], [ -78.4244, 38.1683 ], [ -78.4187, 38.1681 ], [ -78.4189, 38.1636 ], [ -78.4246, 38.1637 ] ] ] } },
{ "type": "Feature", "properties": { "factor_fine": 0.968 }, "geometry": { "type": "Polygon", "coordinates": [ [ [ -78.4189, 38.1636 ], [ -78.4187, 38.1681 ], [ -78.413, 38.168 ], [ -78.4132, 38.1635 ], [ -78.4189, 38.1636 ] ] ] } },
{ "type": "Feature", "properties": { "factor_fine": 0.969 }, "geometry": { "type": "Polygon", "coordinates": [ [ [ -78.4132, 38.1635 ], [ -78.413, 38.168 ], [ -78.4073, 38.1679 ], [ -78.4075, 38.1634 ], [ -78.4132, 38.1635 ] ] ] } },
{ "type": "Feature", "properties": { "factor_fine": 0.958 }, "geometry": { "type": "Polygon", "coordinates": [ [ [ -78.4075, 38.1634 ], [ -78.4073, 38.1679 ], [ -78.4016, 38.1677 ], [ -78.4018, 38.1632 ], [ -78.4075, 38.1634 ] ] ] } },
{ "type": "Feature", "properties": { "factor_fine": 0.914 }, "geometry": { "type": "Polygon", "coordinates": [ [ [ -78.4018, 38.1632 ], [ -78.4016, 38.1677 ], [ -78.3959, 38.1676 ], [ -78.3961, 38.1631 ], [ -78.4018, 38.1632 ] ] ] } },
{ "type": "Feature", "properties": { "factor_fine": 0.844 }, "geometry": { "type": "Polygon", "coordinates": [ [ [ -78.3961, 38.1631 ], [ -78.3959, 38.1676 ], [ -78.3902, 38.1675 ], [ -78.3904, 38.163 ], [ -78.3961, 38.1631 ] ] ] } },
{ "type": "Feature", "properties": { "factor_fine": 0.82 }, "geometry": { "type": "Polygon", "coordinates": [ [ [ -78.3904, 38.163 ], [ -78.3902, 38.1675 ], [ -78.3845, 38.1674 ], [ -78.3847, 38.1629 ], [ -78.3904, 38.163 ] ] ] } },
{ "type": "Feature", "properties": { "factor_fine": 0.817 }, "geometry": { "type": "Polygon", "coordinates": [ [ [ -78.3847, 38.1629 ], [ -78.3845, 38.1674 ], [ -78.3788, 38.1672 ], [ -78.379, 38.1627 ], [ -78.3847, 38.1629 ] ] ] } },
{ "type": "Feature", "properties": { "factor_fine": 0.812 }, "geometry": { "type": "Polygon", "coordinates": [ [ [ -78.379, 38.1627 ], [ -78.3788, 38.1672 ], [ -78.3731, 38.1671 ], [ -78.3733, 38.1626 ], [ -78.379, 38.1627 ] ] ] } },
{ "type": "Feature", "properties": { "factor_fine": 0.806 }, "geometry": { "type": "Polygon", "coordinates": [ [ [ -78.3733, 38.1626 ], [ -78.3731, 38.1671 ], [ -78.3674, 38.167 ], [ -78.3676, 38.1625 ], [ -78.3733, 38.1626 ] ] ] } },
{ "type": "Feature", "properties": { "factor_fine": 0.802 }, "geometry": { "type": "Polygon", "coordinates": [ [ [ -78.3676, 38.1625 ], [ -78.3674, 38.167 ], [ -78.3617, 38.1669 ], [ -78.3619, 38.1624 ], [ -78.3676, 38.1625 ] ] ] } },
{ "type": "Feature", "properties": { "factor_fine": 0.803 }, "geometry": { "type": "Polygon", "coordinates": [ [ [ -78.3619, 38.1624 ], [ -78.3617, 38.1669 ], [ -78.356, 38.1667 ], [ -78.3562, 38.1622 ], [ -78.3619, 38.1624 ] ] ] } },
{ "type": "Feature", "properties": { "factor_fine": 0.807 }, "geometry": { "type": "Polygon", "coordinates": [ [ [ -78.3562, 38.1622 ], [ -78.356, 38.1667 ], [ -78.3503, 38.1666 ], [ -78.3505, 38.1621 ], [ -78.3562, 38.1622 ] ] ] } },
{ "type": "Feature", "properties": { "factor_fine": 0.809 }, "geometry": { "type": "Polygon", "coordinates": [ [ [ -78.3505, 38.1621 ], [ -78.3503, 38.1666 ], [ -78.3446, 38.1665 ], [ -78.3448, 38.162 ], [ -78.3505, 38.1621 ] ] ] } },
{ "type": "Feature", "properties": { "factor_fine": 0.77 }, "geometry": { "type": "Polygon", "coordinates": [ [ [ -78.3333, 38.1617 ], [ -78.3332, 38.1662 ], [ -78.3275, 38.1661 ], [ -78.3276, 38.1616 ], [ -78.3333, 38.1617 ] ] ] } },
{ "type": "Feature", "properties": { "factor_fine": 0.773 }, "geometry": { "type": "Polygon", "coordinates": [ [ [ -78.3276, 38.1616 ], [ -78.3275, 38.1661 ], [ -78.3218, 38.166 ], [ -78.3219, 38.1615 ], [ -78.3276, 38.1616 ] ] ] } },
{ "type": "Feature", "properties": { "factor_fine": 0.988 }, "geometry": { "type": "Polygon", "coordinates": [ [ [ -78.5841, 38.1716 ], [ -78.5839, 38.1761 ], [ -78.5782, 38.176 ], [ -78.5784, 38.1715 ], [ -78.5841, 38.1716 ] ] ] } },
{ "type": "Feature", "properties": { "factor_fine": 0.983 }, "geometry": { "type": "Polygon", "coordinates": [ [ [ -78.5784, 38.1715 ], [ -78.5782, 38.176 ], [ -78.5725, 38.1759 ], [ -78.5727, 38.1714 ], [ -78.5784, 38.1715 ] ] ] } },
{ "type": "Feature", "properties": { "factor_fine": 0.827 }, "geometry": { "type": "Polygon", "coordinates": [ [ [ -78.5214, 38.1703 ], [ -78.5212, 38.1748 ], [ -78.5155, 38.1747 ], [ -78.5157, 38.1702 ], [ -78.5214, 38.1703 ] ] ] } },
{ "type": "Feature", "properties": { "factor_fine": 0.847 }, "geometry": { "type": "Polygon", "coordinates": [ [ [ -78.5157, 38.1702 ], [ -78.5155, 38.1747 ], [ -78.5098, 38.1746 ], [ -78.51, 38.1701 ], [ -78.5157, 38.1702 ] ] ] } },
{ "type": "Feature", "properties": { "factor_fine": 0.866 }, "geometry": { "type": "Polygon", "coordinates": [ [ [ -78.51, 38.1701 ], [ -78.5098, 38.1746 ], [ -78.5041, 38.1745 ], [ -78.5043, 38.17 ], [ -78.51, 38.1701 ] ] ] } },
{ "type": "Feature", "properties": { "factor_fine": 0.882 }, "geometry": { "type": "Polygon", "coordinates": [ [ [ -78.5043, 38.17 ], [ -78.5041, 38.1745 ], [ -78.4984, 38.1744 ], [ -78.4985, 38.1699 ], [ -78.5043, 38.17 ] ] ] } },
{ "type": "Feature", "properties": { "factor_fine": 0.889 }, "geometry": { "type": "Polygon", "coordinates": [ [ [ -78.4985, 38.1699 ], [ -78.4984, 38.1744 ], [ -78.4927, 38.1742 ], [ -78.4928, 38.1697 ], [ -78.4985, 38.1699 ] ] ] } },
{ "type": "Feature", "properties": { "factor_fine": 0.885 }, "geometry": { "type": "Polygon", "coordinates": [ [ [ -78.4928, 38.1697 ], [ -78.4927, 38.1742 ], [ -78.487, 38.1741 ], [ -78.4871, 38.1696 ], [ -78.4928, 38.1697 ] ] ] } },
{ "type": "Feature", "properties": { "factor_fine": 0.874 }, "geometry": { "type": "Polygon", "coordinates": [ [ [ -78.4871, 38.1696 ], [ -78.487, 38.1741 ], [ -78.4813, 38.174 ], [ -78.4814, 38.1695 ], [ -78.4871, 38.1696 ] ] ] } },
{ "type": "Feature", "properties": { "factor_fine": 0.862 }, "geometry": { "type": "Polygon", "coordinates": [ [ [ -78.4814, 38.1695 ], [ -78.4813, 38.174 ], [ -78.4756, 38.1739 ], [ -78.4757, 38.1694 ], [ -78.4814, 38.1695 ] ] ] } },
{ "type": "Feature", "properties": { "factor_fine": 0.854 }, "geometry": { "type": "Polygon", "coordinates": [ [ [ -78.4757, 38.1694 ], [ -78.4756, 38.1739 ], [ -78.4699, 38.1737 ], [ -78.47, 38.1692 ], [ -78.4757, 38.1694 ] ] ] } },
{ "type": "Feature", "properties": { "factor_fine": 0.854 }, "geometry": { "type": "Polygon", "coordinates": [ [ [ -78.47, 38.1692 ], [ -78.4699, 38.1737 ], [ -78.4642, 38.1736 ], [ -78.4643, 38.1691 ], [ -78.47, 38.1692 ] ] ] } },
{ "type": "Feature", "properties": { "factor_fine": 0.861 }, "geometry": { "type": "Polygon", "coordinates": [ [ [ -78.4643, 38.1691 ], [ -78.4642, 38.1736 ], [ -78.4585, 38.1735 ], [ -78.4586, 38.169 ], [ -78.4643, 38.1691 ] ] ] } },
{ "type": "Feature", "properties": { "factor_fine": 0.869 }, "geometry": { "type": "Polygon", "coordinates": [ [ [ -78.4586, 38.169 ], [ -78.4585, 38.1735 ], [ -78.4528, 38.1734 ], [ -78.4529, 38.1689 ], [ -78.4586, 38.169 ] ] ] } },
{ "type": "Feature", "properties": { "factor_fine": 0.879 }, "geometry": { "type": "Polygon", "coordinates": [ [ [ -78.4529, 38.1689 ], [ -78.4528, 38.1734 ], [ -78.4471, 38.1733 ], [ -78.4472, 38.1687 ], [ -78.4529, 38.1689 ] ] ] } },
{ "type": "Feature", "properties": { "factor_fine": 0.897 }, "geometry": { "type": "Polygon", "coordinates": [ [ [ -78.4472, 38.1687 ], [ -78.4471, 38.1733 ], [ -78.4414, 38.1731 ], [ -78.4415, 38.1686 ], [ -78.4472, 38.1687 ] ] ] } },
{ "type": "Feature", "properties": { "factor_fine": 0.917 }, "geometry": { "type": "Polygon", "coordinates": [ [ [ -78.4415, 38.1686 ], [ -78.4414, 38.1731 ], [ -78.4357, 38.173 ], [ -78.4358, 38.1685 ], [ -78.4415, 38.1686 ] ] ] } },
{ "type": "Feature", "properties": { "factor_fine": 0.933 }, "geometry": { "type": "Polygon", "coordinates": [ [ [ -78.4358, 38.1685 ], [ -78.4357, 38.173 ], [ -78.43, 38.1729 ], [ -78.4301, 38.1684 ], [ -78.4358, 38.1685 ] ] ] } },
{ "type": "Feature", "properties": { "factor_fine": 0.946 }, "geometry": { "type": "Polygon", "coordinates": [ [ [ -78.4301, 38.1684 ], [ -78.43, 38.1729 ], [ -78.4243, 38.1728 ], [ -78.4244, 38.1683 ], [ -78.4301, 38.1684 ] ] ] } },
{ "type": "Feature", "properties": { "factor_fine": 0.955 }, "geometry": { "type": "Polygon", "coordinates": [ [ [ -78.4244, 38.1683 ], [ -78.4243, 38.1728 ], [ -78.4186, 38.1726 ], [ -78.4187, 38.1681 ], [ -78.4244, 38.1683 ] ] ] } },
{ "type": "Feature", "properties": { "factor_fine": 0.96 }, "geometry": { "type": "Polygon", "coordinates": [ [ [ -78.4187, 38.1681 ], [ -78.4186, 38.1726 ], [ -78.4129, 38.1725 ], [ -78.413, 38.168 ], [ -78.4187, 38.1681 ] ] ] } },
{ "type": "Feature", "properties": { "factor_fine": 0.959 }, "geometry": { "type": "Polygon", "coordinates": [ [ [ -78.413, 38.168 ], [ -78.4129, 38.1725 ], [ -78.4072, 38.1724 ], [ -78.4073, 38.1679 ], [ -78.413, 38.168 ] ] ] } },
{ "type": "Feature", "properties": { "factor_fine": 0.943 }, "geometry": { "type": "Polygon", "coordinates": [ [ [ -78.4073, 38.1679 ], [ -78.4072, 38.1724 ], [ -78.4014, 38.1722 ], [ -78.4016, 38.1677 ], [ -78.4073, 38.1679 ] ] ] } },
{ "type": "Feature", "properties": { "factor_fine": 0.896 }, "geometry": { "type": "Polygon", "coordinates": [ [ [ -78.4016, 38.1677 ], [ -78.4014, 38.1722 ], [ -78.3957, 38.1721 ], [ -78.3959, 38.1676 ], [ -78.4016, 38.1677 ] ] ] } },
{ "type": "Feature", "properties": { "factor_fine": 0.839 }, "geometry": { "type": "Polygon", "coordinates": [ [ [ -78.3959, 38.1676 ], [ -78.3957, 38.1721 ], [ -78.39, 38.172 ], [ -78.3902, 38.1675 ], [ -78.3959, 38.1676 ] ] ] } },
{ "type": "Feature", "properties": { "factor_fine": 0.825 }, "geometry": { "type": "Polygon", "coordinates": [ [ [ -78.3902, 38.1675 ], [ -78.39, 38.172 ], [ -78.3843, 38.1719 ], [ -78.3845, 38.1674 ], [ -78.3902, 38.1675 ] ] ] } },
{ "type": "Feature", "properties": { "factor_fine": 0.825 }, "geometry": { "type": "Polygon", "coordinates": [ [ [ -78.3845, 38.1674 ], [ -78.3843, 38.1719 ], [ -78.3786, 38.1717 ], [ -78.3788, 38.1672 ], [ -78.3845, 38.1674 ] ] ] } },
{ "type": "Feature", "properties": { "factor_fine": 0.822 }, "geometry": { "type": "Polygon", "coordinates": [ [ [ -78.3788, 38.1672 ], [ -78.3786, 38.1717 ], [ -78.3729, 38.1716 ], [ -78.3731, 38.1671 ], [ -78.3788, 38.1672 ] ] ] } },
{ "type": "Feature", "properties": { "factor_fine": 0.817 }, "geometry": { "type": "Polygon", "coordinates": [ [ [ -78.3731, 38.1671 ], [ -78.3729, 38.1716 ], [ -78.3672, 38.1715 ], [ -78.3674, 38.167 ], [ -78.3731, 38.1671 ] ] ] } },
{ "type": "Feature", "properties": { "factor_fine": 0.814 }, "geometry": { "type": "Polygon", "coordinates": [ [ [ -78.3674, 38.167 ], [ -78.3672, 38.1715 ], [ -78.3615, 38.1714 ], [ -78.3617, 38.1669 ], [ -78.3674, 38.167 ] ] ] } },
{ "type": "Feature", "properties": { "factor_fine": 0.814 }, "geometry": { "type": "Polygon", "coordinates": [ [ [ -78.3617, 38.1669 ], [ -78.3615, 38.1714 ], [ -78.3558, 38.1712 ], [ -78.356, 38.1667 ], [ -78.3617, 38.1669 ] ] ] } },
{ "type": "Feature", "properties": { "factor_fine": 0.816 }, "geometry": { "type": "Polygon", "coordinates": [ [ [ -78.356, 38.1667 ], [ -78.3558, 38.1712 ], [ -78.3501, 38.1711 ], [ -78.3503, 38.1666 ], [ -78.356, 38.1667 ] ] ] } },
{ "type": "Feature", "properties": { "factor_fine": 0.812 }, "geometry": { "type": "Polygon", "coordinates": [ [ [ -78.3503, 38.1666 ], [ -78.3501, 38.1711 ], [ -78.3444, 38.171 ], [ -78.3446, 38.1665 ], [ -78.3503, 38.1666 ] ] ] } },
{ "type": "Feature", "properties": { "factor_fine": 0.795 }, "geometry": { "type": "Polygon", "coordinates": [ [ [ -78.3446, 38.1665 ], [ -78.3444, 38.171 ], [ -78.3387, 38.1708 ], [ -78.3389, 38.1663 ], [ -78.3446, 38.1665 ] ] ] } },
{ "type": "Feature", "properties": { "factor_fine": 0.981 }, "geometry": { "type": "Polygon", "coordinates": [ [ [ -78.5839, 38.1761 ], [ -78.5838, 38.1807 ], [ -78.5781, 38.1805 ], [ -78.5782, 38.176 ], [ -78.5839, 38.1761 ] ] ] } },
{ "type": "Feature", "properties": { "factor_fine": 0.968 }, "geometry": { "type": "Polygon", "coordinates": [ [ [ -78.5782, 38.176 ], [ -78.5781, 38.1805 ], [ -78.5724, 38.1804 ], [ -78.5725, 38.1759 ], [ -78.5782, 38.176 ] ] ] } },
{ "type": "Feature", "properties": { "factor_fine": 0.834 }, "geometry": { "type": "Polygon", "coordinates": [ [ [ -78.5269, 38.175 ], [ -78.5268, 38.1795 ], [ -78.5211, 38.1793 ], [ -78.5212, 38.1748 ], [ -78.5269, 38.175 ] ] ] } },
{ "type": "Feature", "properties": { "factor_fine": 0.841 }, "geometry": { "type": "Polygon", "coordinates": [ [ [ -78.5212, 38.1748 ], [ -78.5211, 38.1793 ], [ -78.5154, 38.1792 ], [ -78.5155, 38.1747 ], [ -78.5212, 38.1748 ] ] ] } },
{ "type": "Feature", "properties": { "factor_fine": 0.847 }, "geometry": { "type": "Polygon", "coordinates": [ [ [ -78.5155, 38.1747 ], [ -78.5154, 38.1792 ], [ -78.5096, 38.1791 ], [ -78.5098, 38.1746 ], [ -78.5155, 38.1747 ] ] ] } },
{ "type": "Feature", "properties": { "factor_fine": 0.856 }, "geometry": { "type": "Polygon", "coordinates": [ [ [ -78.5098, 38.1746 ], [ -78.5096, 38.1791 ], [ -78.5039, 38.179 ], [ -78.5041, 38.1745 ], [ -78.5098, 38.1746 ] ] ] } },
{ "type": "Feature", "properties": { "factor_fine": 0.868 }, "geometry": { "type": "Polygon", "coordinates": [ [ [ -78.5041, 38.1745 ], [ -78.5039, 38.179 ], [ -78.4982, 38.1789 ], [ -78.4984, 38.1744 ], [ -78.5041, 38.1745 ] ] ] } },
{ "type": "Feature", "properties": { "factor_fine": 0.873 }, "geometry": { "type": "Polygon", "coordinates": [ [ [ -78.4984, 38.1744 ], [ -78.4982, 38.1789 ], [ -78.4925, 38.1787 ], [ -78.4927, 38.1742 ], [ -78.4984, 38.1744 ] ] ] } },
{ "type": "Feature", "properties": { "factor_fine": 0.867 }, "geometry": { "type": "Polygon", "coordinates": [ [ [ -78.4927, 38.1742 ], [ -78.4925, 38.1787 ], [ -78.4868, 38.1786 ], [ -78.487, 38.1741 ], [ -78.4927, 38.1742 ] ] ] } },
{ "type": "Feature", "properties": { "factor_fine": 0.853 }, "geometry": { "type": "Polygon", "coordinates": [ [ [ -78.487, 38.1741 ], [ -78.4868, 38.1786 ], [ -78.4811, 38.1785 ], [ -78.4813, 38.174 ], [ -78.487, 38.1741 ] ] ] } },
{ "type": "Feature", "properties": { "factor_fine": 0.842 }, "geometry": { "type": "Polygon", "coordinates": [ [ [ -78.4813, 38.174 ], [ -78.4811, 38.1785 ], [ -78.4754, 38.1784 ], [ -78.4756, 38.1739 ], [ -78.4813, 38.174 ] ] ] } },
{ "type": "Feature", "properties": { "factor_fine": 0.843 }, "geometry": { "type": "Polygon", "coordinates": [ [ [ -78.4756, 38.1739 ], [ -78.4754, 38.1784 ], [ -78.4697, 38.1782 ], [ -78.4699, 38.1737 ], [ -78.4756, 38.1739 ] ] ] } },
{ "type": "Feature", "properties": { "factor_fine": 0.856 }, "geometry": { "type": "Polygon", "coordinates": [ [ [ -78.4699, 38.1737 ], [ -78.4697, 38.1782 ], [ -78.464, 38.1781 ], [ -78.4642, 38.1736 ], [ -78.4699, 38.1737 ] ] ] } },
{ "type": "Feature", "properties": { "factor_fine": 0.87 }, "geometry": { "type": "Polygon", "coordinates": [ [ [ -78.4642, 38.1736 ], [ -78.464, 38.1781 ], [ -78.4583, 38.178 ], [ -78.4585, 38.1735 ], [ -78.4642, 38.1736 ] ] ] } },
{ "type": "Feature", "properties": { "factor_fine": 0.874 }, "geometry": { "type": "Polygon", "coordinates": [ [ [ -78.4585, 38.1735 ], [ -78.4583, 38.178 ], [ -78.4526, 38.1779 ], [ -78.4528, 38.1734 ], [ -78.4585, 38.1735 ] ] ] } },
{ "type": "Feature", "properties": { "factor_fine": 0.869 }, "geometry": { "type": "Polygon", "coordinates": [ [ [ -78.4528, 38.1734 ], [ -78.4526, 38.1779 ], [ -78.4469, 38.1778 ], [ -78.4471, 38.1733 ], [ -78.4528, 38.1734 ] ] ] } },
{ "type": "Feature", "properties": { "factor_fine": 0.875 }, "geometry": { "type": "Polygon", "coordinates": [ [ [ -78.4471, 38.1733 ], [ -78.4469, 38.1778 ], [ -78.4412, 38.1776 ], [ -78.4414, 38.1731 ], [ -78.4471, 38.1733 ] ] ] } },
{ "type": "Feature", "properties": { "factor_fine": 0.894 }, "geometry": { "type": "Polygon", "coordinates": [ [ [ -78.4414, 38.1731 ], [ -78.4412, 38.1776 ], [ -78.4355, 38.1775 ], [ -78.4357, 38.173 ], [ -78.4414, 38.1731 ] ] ] } },
{ "type": "Feature", "properties": { "factor_fine": 0.914 }, "geometry": { "type": "Polygon", "coordinates": [ [ [ -78.4357, 38.173 ], [ -78.4355, 38.1775 ], [ -78.4298, 38.1774 ], [ -78.43, 38.1729 ], [ -78.4357, 38.173 ] ] ] } },
{ "type": "Feature", "properties": { "factor_fine": 0.93 }, "geometry": { "type": "Polygon", "coordinates": [ [ [ -78.43, 38.1729 ], [ -78.4298, 38.1774 ], [ -78.4241, 38.1773 ], [ -78.4243, 38.1728 ], [ -78.43, 38.1729 ] ] ] } },
{ "type": "Feature", "properties": { "factor_fine": 0.94 }, "geometry": { "type": "Polygon", "coordinates": [ [ [ -78.4243, 38.1728 ], [ -78.4241, 38.1773 ], [ -78.4184, 38.1771 ], [ -78.4186, 38.1726 ], [ -78.4243, 38.1728 ] ] ] } },
{ "type": "Feature", "properties": { "factor_fine": 0.945 }, "geometry": { "type": "Polygon", "coordinates": [ [ [ -78.4186, 38.1726 ], [ -78.4184, 38.1771 ], [ -78.4127, 38.177 ], [ -78.4129, 38.1725 ], [ -78.4186, 38.1726 ] ] ] } },
{ "type": "Feature", "properties": { "factor_fine": 0.939 }, "geometry": { "type": "Polygon", "coordinates": [ [ [ -78.4129, 38.1725 ], [ -78.4127, 38.177 ], [ -78.407, 38.1769 ], [ -78.4072, 38.1724 ], [ -78.4129, 38.1725 ] ] ] } },
{ "type": "Feature", "properties": { "factor_fine": 0.915 }, "geometry": { "type": "Polygon", "coordinates": [ [ [ -78.4072, 38.1724 ], [ -78.407, 38.1769 ], [ -78.4013, 38.1768 ], [ -78.4014, 38.1722 ], [ -78.4072, 38.1724 ] ] ] } },
{ "type": "Feature", "properties": { "factor_fine": 0.866 }, "geometry": { "type": "Polygon", "coordinates": [ [ [ -78.4014, 38.1722 ], [ -78.4013, 38.1768 ], [ -78.3956, 38.1766 ], [ -78.3957, 38.1721 ], [ -78.4014, 38.1722 ] ] ] } },
{ "type": "Feature", "properties": { "factor_fine": 0.828 }, "geometry": { "type": "Polygon", "coordinates": [ [ [ -78.3957, 38.1721 ], [ -78.3956, 38.1766 ], [ -78.3899, 38.1765 ], [ -78.39, 38.172 ], [ -78.3957, 38.1721 ] ] ] } },
{ "type": "Feature", "properties": { "factor_fine": 0.821 }, "geometry": { "type": "Polygon", "coordinates": [ [ [ -78.39, 38.172 ], [ -78.3899, 38.1765 ], [ -78.3842, 38.1764 ], [ -78.3843, 38.1719 ], [ -78.39, 38.172 ] ] ] } },
{ "type": "Feature", "properties": { "factor_fine": 0.824 }, "geometry": { "type": "Polygon", "coordinates": [ [ [ -78.3843, 38.1719 ], [ -78.3842, 38.1764 ], [ -78.3785, 38.1762 ], [ -78.3786, 38.1717 ], [ -78.3843, 38.1719 ] ] ] } },
{ "type": "Feature", "properties": { "factor_fine": 0.826 }, "geometry": { "type": "Polygon", "coordinates": [ [ [ -78.3786, 38.1717 ], [ -78.3785, 38.1762 ], [ -78.3728, 38.1761 ], [ -78.3729, 38.1716 ], [ -78.3786, 38.1717 ] ] ] } },
{ "type": "Feature", "properties": { "factor_fine": 0.825 }, "geometry": { "type": "Polygon", "coordinates": [ [ [ -78.3729, 38.1716 ], [ -78.3728, 38.1761 ], [ -78.3671, 38.176 ], [ -78.3672, 38.1715 ], [ -78.3729, 38.1716 ] ] ] } },
{ "type": "Feature", "properties": { "factor_fine": 0.824 }, "geometry": { "type": "Polygon", "coordinates": [ [ [ -78.3672, 38.1715 ], [ -78.3671, 38.176 ], [ -78.3614, 38.1759 ], [ -78.3615, 38.1714 ], [ -78.3672, 38.1715 ] ] ] } },
{ "type": "Feature", "properties": { "factor_fine": 0.823 }, "geometry": { "type": "Polygon", "coordinates": [ [ [ -78.3615, 38.1714 ], [ -78.3614, 38.1759 ], [ -78.3557, 38.1757 ], [ -78.3558, 38.1712 ], [ -78.3615, 38.1714 ] ] ] } },
{ "type": "Feature", "properties": { "factor_fine": 0.821 }, "geometry": { "type": "Polygon", "coordinates": [ [ [ -78.3558, 38.1712 ], [ -78.3557, 38.1757 ], [ -78.35, 38.1756 ], [ -78.3501, 38.1711 ], [ -78.3558, 38.1712 ] ] ] } },
{ "type": "Feature", "properties": { "factor_fine": 0.813 }, "geometry": { "type": "Polygon", "coordinates": [ [ [ -78.3501, 38.1711 ], [ -78.35, 38.1756 ], [ -78.3443, 38.1755 ], [ -78.3444, 38.171 ], [ -78.3501, 38.1711 ] ] ] } },
{ "type": "Feature", "properties": { "factor_fine": 0.929 }, "geometry": { "type": "Polygon", "coordinates": [ [ [ -78.5781, 38.1805 ], [ -78.5779, 38.185 ], [ -78.5722, 38.1849 ], [ -78.5724, 38.1804 ], [ -78.5781, 38.1805 ] ] ] } },
{ "type": "Feature", "properties": { "factor_fine": 0.927 }, "geometry": { "type": "Polygon", "coordinates": [ [ [ -78.5724, 38.1804 ], [ -78.5722, 38.1849 ], [ -78.5665, 38.1848 ], [ -78.5667, 38.1803 ], [ -78.5724, 38.1804 ] ] ] } },
{ "type": "Feature", "properties": { "factor_fine": 0.836 }, "geometry": { "type": "Polygon", "coordinates": [ [ [ -78.5325, 38.1796 ], [ -78.5323, 38.1841 ], [ -78.5266, 38.184 ], [ -78.5268, 38.1795 ], [ -78.5325, 38.1796 ] ] ] } },
{ "type": "Feature", "properties": { "factor_fine": 0.842 }, "geometry": { "type": "Polygon", "coordinates": [ [ [ -78.5268, 38.1795 ], [ -78.5266, 38.184 ], [ -78.5209, 38.1838 ], [ -78.5211, 38.1793 ], [ -78.5268, 38.1795 ] ] ] } },
{ "type": "Feature", "properties": { "factor_fine": 0.846 }, "geometry": { "type": "Polygon", "coordinates": [ [ [ -78.5211, 38.1793 ], [ -78.5209, 38.1838 ], [ -78.5152, 38.1837 ], [ -78.5154, 38.1792 ], [ -78.5211, 38.1793 ] ] ] } },
{ "type": "Feature", "properties": { "factor_fine": 0.848 }, "geometry": { "type": "Polygon", "coordinates": [ [ [ -78.5154, 38.1792 ], [ -78.5152, 38.1837 ], [ -78.5095, 38.1836 ], [ -78.5096, 38.1791 ], [ -78.5154, 38.1792 ] ] ] } },
{ "type": "Feature", "properties": { "factor_fine": 0.849 }, "geometry": { "type": "Polygon", "coordinates": [ [ [ -78.5096, 38.1791 ], [ -78.5095, 38.1836 ], [ -78.5038, 38.1835 ], [ -78.5039, 38.179 ], [ -78.5096, 38.1791 ] ] ] } },
{ "type": "Feature", "properties": { "factor_fine": 0.853 }, "geometry": { "type": "Polygon", "coordinates": [ [ [ -78.5039, 38.179 ], [ -78.5038, 38.1835 ], [ -78.4981, 38.1834 ], [ -78.4982, 38.1789 ], [ -78.5039, 38.179 ] ] ] } },
{ "type": "Feature", "properties": { "factor_fine": 0.852 }, "geometry": { "type": "Polygon", "coordinates": [ [ [ -78.4982, 38.1789 ], [ -78.4981, 38.1834 ], [ -78.4924, 38.1832 ], [ -78.4925, 38.1787 ], [ -78.4982, 38.1789 ] ] ] } },
{ "type": "Feature", "properties": { "factor_fine": 0.842 }, "geometry": { "type": "Polygon", "coordinates": [ [ [ -78.4925, 38.1787 ], [ -78.4924, 38.1832 ], [ -78.4867, 38.1831 ], [ -78.4868, 38.1786 ], [ -78.4925, 38.1787 ] ] ] } },
{ "type": "Feature", "properties": { "factor_fine": 0.83 }, "geometry": { "type": "Polygon", "coordinates": [ [ [ -78.4868, 38.1786 ], [ -78.4867, 38.1831 ], [ -78.481, 38.183 ], [ -78.4811, 38.1785 ], [ -78.4868, 38.1786 ] ] ] } },
{ "type": "Feature", "properties": { "factor_fine": 0.824 }, "geometry": { "type": "Polygon", "coordinates": [ [ [ -78.4811, 38.1785 ], [ -78.481, 38.183 ], [ -78.4753, 38.1829 ], [ -78.4754, 38.1784 ], [ -78.4811, 38.1785 ] ] ] } },
{ "type": "Feature", "properties": { "factor_fine": 0.829 }, "geometry": { "type": "Polygon", "coordinates": [ [ [ -78.4754, 38.1784 ], [ -78.4753, 38.1829 ], [ -78.4696, 38.1827 ], [ -78.4697, 38.1782 ], [ -78.4754, 38.1784 ] ] ] } },
{ "type": "Feature", "properties": { "factor_fine": 0.847 }, "geometry": { "type": "Polygon", "coordinates": [ [ [ -78.4697, 38.1782 ], [ -78.4696, 38.1827 ], [ -78.4639, 38.1826 ], [ -78.464, 38.1781 ], [ -78.4697, 38.1782 ] ] ] } },
{ "type": "Feature", "properties": { "factor_fine": 0.861 }, "geometry": { "type": "Polygon", "coordinates": [ [ [ -78.464, 38.1781 ], [ -78.4639, 38.1826 ], [ -78.4582, 38.1825 ], [ -78.4583, 38.178 ], [ -78.464, 38.1781 ] ] ] } },
{ "type": "Feature", "properties": { "factor_fine": 0.856 }, "geometry": { "type": "Polygon", "coordinates": [ [ [ -78.4583, 38.178 ], [ -78.4582, 38.1825 ], [ -78.4525, 38.1824 ], [ -78.4526, 38.1779 ], [ -78.4583, 38.178 ] ] ] } },
{ "type": "Feature", "properties": { "factor_fine": 0.842 }, "geometry": { "type": "Polygon", "coordinates": [ [ [ -78.4526, 38.1779 ], [ -78.4525, 38.1824 ], [ -78.4468, 38.1823 ], [ -78.4469, 38.1778 ], [ -78.4526, 38.1779 ] ] ] } },
{ "type": "Feature", "properties": { "factor_fine": 0.841 }, "geometry": { "type": "Polygon", "coordinates": [ [ [ -78.4469, 38.1778 ], [ -78.4468, 38.1823 ], [ -78.4411, 38.1821 ], [ -78.4412, 38.1776 ], [ -78.4469, 38.1778 ] ] ] } },
{ "type": "Feature", "properties": { "factor_fine": 0.857 }, "geometry": { "type": "Polygon", "coordinates": [ [ [ -78.4412, 38.1776 ], [ -78.4411, 38.1821 ], [ -78.4353, 38.182 ], [ -78.4355, 38.1775 ], [ -78.4412, 38.1776 ] ] ] } },
{ "type": "Feature", "properties": { "factor_fine": 0.88 }, "geometry": { "type": "Polygon", "coordinates": [ [ [ -78.4355, 38.1775 ], [ -78.4353, 38.182 ], [ -78.4296, 38.1819 ], [ -78.4298, 38.1774 ], [ -78.4355, 38.1775 ] ] ] } },
{ "type": "Feature", "properties": { "factor_fine": 0.9 }, "geometry": { "type": "Polygon", "coordinates": [ [ [ -78.4298, 38.1774 ], [ -78.4296, 38.1819 ], [ -78.4239, 38.1818 ], [ -78.4241, 38.1773 ], [ -78.4298, 38.1774 ] ] ] } },
{ "type": "Feature", "properties": { "factor_fine": 0.913 }, "geometry": { "type": "Polygon", "coordinates": [ [ [ -78.4241, 38.1773 ], [ -78.4239, 38.1818 ], [ -78.4182, 38.1816 ], [ -78.4184, 38.1771 ], [ -78.4241, 38.1773 ] ] ] } },
{ "type": "Feature", "properties": { "factor_fine": 0.916 }, "geometry": { "type": "Polygon", "coordinates": [ [ [ -78.4184, 38.1771 ], [ -78.4182, 38.1816 ], [ -78.4125, 38.1815 ], [ -78.4127, 38.177 ], [ -78.4184, 38.1771 ] ] ] } },
{ "type": "Feature", "properties": { "factor_fine": 0.904 }, "geometry": { "type": "Polygon", "coordinates": [ [ [ -78.4127, 38.177 ], [ -78.4125, 38.1815 ], [ -78.4068, 38.1814 ], [ -78.407, 38.1769 ], [ -78.4127, 38.177 ] ] ] } },
{ "type": "Feature", "properties": { "factor_fine": 0.873 }, "geometry": { "type": "Polygon", "coordinates": [ [ [ -78.407, 38.1769 ], [ -78.4068, 38.1814 ], [ -78.4011, 38.1813 ], [ -78.4013, 38.1768 ], [ -78.407, 38.1769 ] ] ] } },
{ "type": "Feature", "properties": { "factor_fine": 0.835 }, "geometry": { "type": "Polygon", "coordinates": [ [ [ -78.4013, 38.1768 ], [ -78.4011, 38.1813 ], [ -78.3954, 38.1811 ], [ -78.3956, 38.1766 ], [ -78.4013, 38.1768 ] ] ] } },
{ "type": "Feature", "properties": { "factor_fine": 0.814 }, "geometry": { "type": "Polygon", "coordinates": [ [ [ -78.3956, 38.1766 ], [ -78.3954, 38.1811 ], [ -78.3897, 38.181 ], [ -78.3899, 38.1765 ], [ -78.3956, 38.1766 ] ] ] } },
{ "type": "Feature", "properties": { "factor_fine": 0.809 }, "geometry": { "type": "Polygon", "coordinates": [ [ [ -78.3899, 38.1765 ], [ -78.3897, 38.181 ], [ -78.384, 38.1809 ], [ -78.3842, 38.1764 ], [ -78.3899, 38.1765 ] ] ] } },
{ "type": "Feature", "properties": { "factor_fine": 0.813 }, "geometry": { "type": "Polygon", "coordinates": [ [ [ -78.3842, 38.1764 ], [ -78.384, 38.1809 ], [ -78.3783, 38.1807 ], [ -78.3785, 38.1762 ], [ -78.3842, 38.1764 ] ] ] } },
{ "type": "Feature", "properties": { "factor_fine": 0.821 }, "geometry": { "type": "Polygon", "coordinates": [ [ [ -78.3785, 38.1762 ], [ -78.3783, 38.1807 ], [ -78.3726, 38.1806 ], [ -78.3728, 38.1761 ], [ -78.3785, 38.1762 ] ] ] } },
{ "type": "Feature", "properties": { "factor_fine": 0.827 }, "geometry": { "type": "Polygon", "coordinates": [ [ [ -78.3728, 38.1761 ], [ -78.3726, 38.1806 ], [ -78.3669, 38.1805 ], [ -78.3671, 38.176 ], [ -78.3728, 38.1761 ] ] ] } },
{ "type": "Feature", "properties": { "factor_fine": 0.829 }, "geometry": { "type": "Polygon", "coordinates": [ [ [ -78.3671, 38.176 ], [ -78.3669, 38.1805 ], [ -78.3612, 38.1804 ], [ -78.3614, 38.1759 ], [ -78.3671, 38.176 ] ] ] } },
{ "type": "Feature", "properties": { "factor_fine": 0.828 }, "geometry": { "type": "Polygon", "coordinates": [ [ [ -78.3614, 38.1759 ], [ -78.3612, 38.1804 ], [ -78.3555, 38.1802 ], [ -78.3557, 38.1757 ], [ -78.3614, 38.1759 ] ] ] } },
{ "type": "Feature", "properties": { "factor_fine": 0.899 }, "geometry": { "type": "Polygon", "coordinates": [ [ [ -78.5779, 38.185 ], [ -78.5778, 38.1895 ], [ -78.5721, 38.1894 ], [ -78.5722, 38.1849 ], [ -78.5779, 38.185 ] ] ] } },
{ "type": "Feature", "properties": { "factor_fine": 0.902 }, "geometry": { "type": "Polygon", "coordinates": [ [ [ -78.5722, 38.1849 ], [ -78.5721, 38.1894 ], [ -78.5664, 38.1893 ], [ -78.5665, 38.1848 ], [ -78.5722, 38.1849 ] ] ] } },
{ "type": "Feature", "properties": { "factor_fine": 0.832 }, "geometry": { "type": "Polygon", "coordinates": [ [ [ -78.538, 38.1842 ], [ -78.5379, 38.1887 ], [ -78.5322, 38.1886 ], [ -78.5323, 38.1841 ], [ -78.538, 38.1842 ] ] ] } },
{ "type": "Feature", "properties": { "factor_fine": 0.835 }, "geometry": { "type": "Polygon", "coordinates": [ [ [ -78.5323, 38.1841 ], [ -78.5322, 38.1886 ], [ -78.5265, 38.1885 ], [ -78.5266, 38.184 ], [ -78.5323, 38.1841 ] ] ] } },
{ "type": "Feature", "properties": { "factor_fine": 0.842 }, "geometry": { "type": "Polygon", "coordinates": [ [ [ -78.5266, 38.184 ], [ -78.5265, 38.1885 ], [ -78.5207, 38.1883 ], [ -78.5209, 38.1838 ], [ -78.5266, 38.184 ] ] ] } },
{ "type": "Feature", "properties": { "factor_fine": 0.847 }, "geometry": { "type": "Polygon", "coordinates": [ [ [ -78.5209, 38.1838 ], [ -78.5207, 38.1883 ], [ -78.515, 38.1882 ], [ -78.5152, 38.1837 ], [ -78.5209, 38.1838 ] ] ] } },
{ "type": "Feature", "properties": { "factor_fine": 0.849 }, "geometry": { "type": "Polygon", "coordinates": [ [ [ -78.5152, 38.1837 ], [ -78.515, 38.1882 ], [ -78.5093, 38.1881 ], [ -78.5095, 38.1836 ], [ -78.5152, 38.1837 ] ] ] } },
{ "type": "Feature", "properties": { "factor_fine": 0.847 }, "geometry": { "type": "Polygon", "coordinates": [ [ [ -78.5095, 38.1836 ], [ -78.5093, 38.1881 ], [ -78.5036, 38.188 ], [ -78.5038, 38.1835 ], [ -78.5095, 38.1836 ] ] ] } },
{ "type": "Feature", "properties": { "factor_fine": 0.841 }, "geometry": { "type": "Polygon", "coordinates": [ [ [ -78.5038, 38.1835 ], [ -78.5036, 38.188 ], [ -78.4979, 38.1879 ], [ -78.4981, 38.1834 ], [ -78.5038, 38.1835 ] ] ] } },
{ "type": "Feature", "properties": { "factor_fine": 0.828 }, "geometry": { "type": "Polygon", "coordinates": [ [ [ -78.4981, 38.1834 ], [ -78.4979, 38.1879 ], [ -78.4922, 38.1877 ], [ -78.4924, 38.1832 ], [ -78.4981, 38.1834 ] ] ] } },
{ "type": "Feature", "properties": { "factor_fine": 0.814 }, "geometry": { "type": "Polygon", "coordinates": [ [ [ -78.4924, 38.1832 ], [ -78.4922, 38.1877 ], [ -78.4865, 38.1876 ], [ -78.4867, 38.1831 ], [ -78.4924, 38.1832 ] ] ] } },
{ "type": "Feature", "properties": { "factor_fine": 0.805 }, "geometry": { "type": "Polygon", "coordinates": [ [ [ -78.4867, 38.1831 ], [ -78.4865, 38.1876 ], [ -78.4808, 38.1875 ], [ -78.481, 38.183 ], [ -78.4867, 38.1831 ] ] ] } },
{ "type": "Feature", "properties": { "factor_fine": 0.803 }, "geometry": { "type": "Polygon", "coordinates": [ [ [ -78.481, 38.183 ], [ -78.4808, 38.1875 ], [ -78.4751, 38.1874 ], [ -78.4753, 38.1829 ], [ -78.481, 38.183 ] ] ] } },
{ "type": "Feature", "properties": { "factor_fine": 0.81 }, "geometry": { "type": "Polygon", "coordinates": [ [ [ -78.4753, 38.1829 ], [ -78.4751, 38.1874 ], [ -78.4694, 38.1873 ], [ -78.4696, 38.1827 ], [ -78.4753, 38.1829 ] ] ] } },
{ "type": "Feature", "properties": { "factor_fine": 0.825 }, "geometry": { "type": "Polygon", "coordinates": [ [ [ -78.4696, 38.1827 ], [ -78.4694, 38.1873 ], [ -78.4637, 38.1871 ], [ -78.4639, 38.1826 ], [ -78.4696, 38.1827 ] ] ] } },
{ "type": "Feature", "properties": { "factor_fine": 0.835 }, "geometry": { "type": "Polygon", "coordinates": [ [ [ -78.4639, 38.1826 ], [ -78.4637, 38.1871 ], [ -78.458, 38.187 ], [ -78.4582, 38.1825 ], [ -78.4639, 38.1826 ] ] ] } },
{ "type": "Feature", "properties": { "factor_fine": 0.826 }, "geometry": { "type": "Polygon", "coordinates": [ [ [ -78.4582, 38.1825 ], [ -78.458, 38.187 ], [ -78.4523, 38.1869 ], [ -78.4525, 38.1824 ], [ -78.4582, 38.1825 ] ] ] } },
{ "type": "Feature", "properties": { "factor_fine": 0.813 }, "geometry": { "type": "Polygon", "coordinates": [ [ [ -78.4525, 38.1824 ], [ -78.4523, 38.1869 ], [ -78.4466, 38.1868 ], [ -78.4468, 38.1823 ], [ -78.4525, 38.1824 ] ] ] } },
{ "type": "Feature", "properties": { "factor_fine": 0.811 }, "geometry": { "type": "Polygon", "coordinates": [ [ [ -78.4468, 38.1823 ], [ -78.4466, 38.1868 ], [ -78.4409, 38.1866 ], [ -78.4411, 38.1821 ], [ -78.4468, 38.1823 ] ] ] } },
{ "type": "Feature", "properties": { "factor_fine": 0.819 }, "geometry": { "type": "Polygon", "coordinates": [ [ [ -78.4411, 38.1821 ], [ -78.4409, 38.1866 ], [ -78.4352, 38.1865 ], [ -78.4353, 38.182 ], [ -78.4411, 38.1821 ] ] ] } },
{ "type": "Feature", "properties": { "factor_fine": 0.835 }, "geometry": { "type": "Polygon", "coordinates": [ [ [ -78.4353, 38.182 ], [ -78.4352, 38.1865 ], [ -78.4295, 38.1864 ], [ -78.4296, 38.1819 ], [ -78.4353, 38.182 ] ] ] } },
{ "type": "Feature", "properties": { "factor_fine": 0.853 }, "geometry": { "type": "Polygon", "coordinates": [ [ [ -78.4296, 38.1819 ], [ -78.4295, 38.1864 ], [ -78.4238, 38.1863 ], [ -78.4239, 38.1818 ], [ -78.4296, 38.1819 ] ] ] } },
{ "type": "Feature", "properties": { "factor_fine": 0.867 }, "geometry": { "type": "Polygon", "coordinates": [ [ [ -78.4239, 38.1818 ], [ -78.4238, 38.1863 ], [ -78.4181, 38.1861 ], [ -78.4182, 38.1816 ], [ -78.4239, 38.1818 ] ] ] } },
{ "type": "Feature", "properties": { "factor_fine": 0.872 }, "geometry": { "type": "Polygon", "coordinates": [ [ [ -78.4182, 38.1816 ], [ -78.4181, 38.1861 ], [ -78.4124, 38.186 ], [ -78.4125, 38.1815 ], [ -78.4182, 38.1816 ] ] ] } },
{ "type": "Feature", "properties": { "factor_fine": 0.864 }, "geometry": { "type": "Polygon", "coordinates": [ [ [ -78.4125, 38.1815 ], [ -78.4124, 38.186 ], [ -78.4067, 38.1859 ], [ -78.4068, 38.1814 ], [ -78.4125, 38.1815 ] ] ] } },
{ "type": "Feature", "properties": { "factor_fine": 0.841 }, "geometry": { "type": "Polygon", "coordinates": [ [ [ -78.4068, 38.1814 ], [ -78.4067, 38.1859 ], [ -78.401, 38.1858 ], [ -78.4011, 38.1813 ], [ -78.4068, 38.1814 ] ] ] } },
{ "type": "Feature", "properties": { "factor_fine": 0.818 }, "geometry": { "type": "Polygon", "coordinates": [ [ [ -78.4011, 38.1813 ], [ -78.401, 38.1858 ], [ -78.3953, 38.1856 ], [ -78.3954, 38.1811 ], [ -78.4011, 38.1813 ] ] ] } },
{ "type": "Feature", "properties": { "factor_fine": 0.802 }, "geometry": { "type": "Polygon", "coordinates": [ [ [ -78.3954, 38.1811 ], [ -78.3953, 38.1856 ], [ -78.3896, 38.1855 ], [ -78.3897, 38.181 ], [ -78.3954, 38.1811 ] ] ] } },
{ "type": "Feature", "properties": { "factor_fine": 0.795 }, "geometry": { "type": "Polygon", "coordinates": [ [ [ -78.3897, 38.181 ], [ -78.3896, 38.1855 ], [ -78.3839, 38.1854 ], [ -78.384, 38.1809 ], [ -78.3897, 38.181 ] ] ] } },
{ "type": "Feature", "properties": { "factor_fine": 0.798 }, "geometry": { "type": "Polygon", "coordinates": [ [ [ -78.384, 38.1809 ], [ -78.3839, 38.1854 ], [ -78.3782, 38.1852 ], [ -78.3783, 38.1807 ], [ -78.384, 38.1809 ] ] ] } },
{ "type": "Feature", "properties": { "factor_fine": 0.808 }, "geometry": { "type": "Polygon", "coordinates": [ [ [ -78.3783, 38.1807 ], [ -78.3782, 38.1852 ], [ -78.3725, 38.1851 ], [ -78.3726, 38.1806 ], [ -78.3783, 38.1807 ] ] ] } },
{ "type": "Feature", "properties": { "factor_fine": 0.908 }, "geometry": { "type": "Polygon", "coordinates": [ [ [ -78.5835, 38.1897 ], [ -78.5833, 38.1942 ], [ -78.5776, 38.194 ], [ -78.5778, 38.1895 ], [ -78.5835, 38.1897 ] ] ] } },
{ "type": "Feature", "properties": { "factor_fine": 0.901 }, "geometry": { "type": "Polygon", "coordinates": [ [ [ -78.5778, 38.1895 ], [ -78.5776, 38.194 ], [ -78.5719, 38.1939 ], [ -78.5721, 38.1894 ], [ -78.5778, 38.1895 ] ] ] } },
{ "type": "Feature", "properties": { "factor_fine": 0.899 }, "geometry": { "type": "Polygon", "coordinates": [ [ [ -78.5721, 38.1894 ], [ -78.5719, 38.1939 ], [ -78.5662, 38.1938 ], [ -78.5664, 38.1893 ], [ -78.5721, 38.1894 ] ] ] } },
{ "type": "Feature", "properties": { "factor_fine": 0.832 }, "geometry": { "type": "Polygon", "coordinates": [ [ [ -78.5379, 38.1887 ], [ -78.5377, 38.1932 ], [ -78.532, 38.1931 ], [ -78.5322, 38.1886 ], [ -78.5379, 38.1887 ] ] ] } },
{ "type": "Feature", "properties": { "factor_fine": 0.835 }, "geometry": { "type": "Polygon", "coordinates": [ [ [ -78.5322, 38.1886 ], [ -78.532, 38.1931 ], [ -78.5263, 38.193 ], [ -78.5265, 38.1885 ], [ -78.5322, 38.1886 ] ] ] } },
{ "type": "Feature", "properties": { "factor_fine": 0.841 }, "geometry": { "type": "Polygon", "coordinates": [ [ [ -78.5265, 38.1885 ], [ -78.5263, 38.193 ], [ -78.5206, 38.1928 ], [ -78.5207, 38.1883 ], [ -78.5265, 38.1885 ] ] ] } },
{ "type": "Feature", "properties": { "factor_fine": 0.848 }, "geometry": { "type": "Polygon", "coordinates": [ [ [ -78.5207, 38.1883 ], [ -78.5206, 38.1928 ], [ -78.5149, 38.1927 ], [ -78.515, 38.1882 ], [ -78.5207, 38.1883 ] ] ] } },
{ "type": "Feature", "properties": { "factor_fine": 0.851 }, "geometry": { "type": "Polygon", "coordinates": [ [ [ -78.515, 38.1882 ], [ -78.5149, 38.1927 ], [ -78.5092, 38.1926 ], [ -78.5093, 38.1881 ], [ -78.515, 38.1882 ] ] ] } },
{ "type": "Feature", "properties": { "factor_fine": 0.849 }, "geometry": { "type": "Polygon", "coordinates": [ [ [ -78.5093, 38.1881 ], [ -78.5092, 38.1926 ], [ -78.5035, 38.1925 ], [ -78.5036, 38.188 ], [ -78.5093, 38.1881 ] ] ] } },
{ "type": "Feature", "properties": { "factor_fine": 0.834 }, "geometry": { "type": "Polygon", "coordinates": [ [ [ -78.5036, 38.188 ], [ -78.5035, 38.1925 ], [ -78.4978, 38.1924 ], [ -78.4979, 38.1879 ], [ -78.5036, 38.188 ] ] ] } },
{ "type": "Feature", "properties": { "factor_fine": 0.806 }, "geometry": { "type": "Polygon", "coordinates": [ [ [ -78.4979, 38.1879 ], [ -78.4978, 38.1924 ], [ -78.4921, 38.1922 ], [ -78.4922, 38.1877 ], [ -78.4979, 38.1879 ] ] ] } },
{ "type": "Feature", "properties": { "factor_fine": 0.786 }, "geometry": { "type": "Polygon", "coordinates": [ [ [ -78.4922, 38.1877 ], [ -78.4921, 38.1922 ], [ -78.4864, 38.1921 ], [ -78.4865, 38.1876 ], [ -78.4922, 38.1877 ] ] ] } },
{ "type": "Feature", "properties": { "factor_fine": 0.778 }, "geometry": { "type": "Polygon", "coordinates": [ [ [ -78.4865, 38.1876 ], [ -78.4864, 38.1921 ], [ -78.4807, 38.192 ], [ -78.4808, 38.1875 ], [ -78.4865, 38.1876 ] ] ] } },
{ "type": "Feature", "properties": { "factor_fine": 0.78 }, "geometry": { "type": "Polygon", "coordinates": [ [ [ -78.4808, 38.1875 ], [ -78.4807, 38.192 ], [ -78.475, 38.1919 ], [ -78.4751, 38.1874 ], [ -78.4808, 38.1875 ] ] ] } },
{ "type": "Feature", "properties": { "factor_fine": 0.787 }, "geometry": { "type": "Polygon", "coordinates": [ [ [ -78.4751, 38.1874 ], [ -78.475, 38.1919 ], [ -78.4693, 38.1918 ], [ -78.4694, 38.1873 ], [ -78.4751, 38.1874 ] ] ] } },
{ "type": "Feature", "properties": { "factor_fine": 0.797 }, "geometry": { "type": "Polygon", "coordinates": [ [ [ -78.4694, 38.1873 ], [ -78.4693, 38.1918 ], [ -78.4636, 38.1916 ], [ -78.4637, 38.1871 ], [ -78.4694, 38.1873 ] ] ] } },
{ "type": "Feature", "properties": { "factor_fine": 0.805 }, "geometry": { "type": "Polygon", "coordinates": [ [ [ -78.4637, 38.1871 ], [ -78.4636, 38.1916 ], [ -78.4578, 38.1915 ], [ -78.458, 38.187 ], [ -78.4637, 38.1871 ] ] ] } },
{ "type": "Feature", "properties": { "factor_fine": 0.8 }, "geometry": { "type": "Polygon", "coordinates": [ [ [ -78.458, 38.187 ], [ -78.4578, 38.1915 ], [ -78.4521, 38.1914 ], [ -78.4523, 38.1869 ], [ -78.458, 38.187 ] ] ] } },
{ "type": "Feature", "properties": { "factor_fine": 0.793 }, "geometry": { "type": "Polygon", "coordinates": [ [ [ -78.4523, 38.1869 ], [ -78.4521, 38.1914 ], [ -78.4464, 38.1913 ], [ -78.4466, 38.1868 ], [ -78.4523, 38.1869 ] ] ] } },
{ "type": "Feature", "properties": { "factor_fine": 0.793 }, "geometry": { "type": "Polygon", "coordinates": [ [ [ -78.4466, 38.1868 ], [ -78.4464, 38.1913 ], [ -78.4407, 38.1911 ], [ -78.4409, 38.1866 ], [ -78.4466, 38.1868 ] ] ] } },
{ "type": "Feature", "properties": { "factor_fine": 0.798 }, "geometry": { "type": "Polygon", "coordinates": [ [ [ -78.4409, 38.1866 ], [ -78.4407, 38.1911 ], [ -78.435, 38.191 ], [ -78.4352, 38.1865 ], [ -78.4409, 38.1866 ] ] ] } },
{ "type": "Feature", "properties": { "factor_fine": 0.805 }, "geometry": { "type": "Polygon", "coordinates": [ [ [ -78.4352, 38.1865 ], [ -78.435, 38.191 ], [ -78.4293, 38.1909 ], [ -78.4295, 38.1864 ], [ -78.4352, 38.1865 ] ] ] } },
{ "type": "Feature", "properties": { "factor_fine": 0.813 }, "geometry": { "type": "Polygon", "coordinates": [ [ [ -78.4295, 38.1864 ], [ -78.4293, 38.1909 ], [ -78.4236, 38.1908 ], [ -78.4238, 38.1863 ], [ -78.4295, 38.1864 ] ] ] } },
{ "type": "Feature", "properties": { "factor_fine": 0.824 }, "geometry": { "type": "Polygon", "coordinates": [ [ [ -78.4238, 38.1863 ], [ -78.4236, 38.1908 ], [ -78.4179, 38.1906 ], [ -78.4181, 38.1861 ], [ -78.4238, 38.1863 ] ] ] } },
{ "type": "Feature", "properties": { "factor_fine": 0.836 }, "geometry": { "type": "Polygon", "coordinates": [ [ [ -78.4181, 38.1861 ], [ -78.4179, 38.1906 ], [ -78.4122, 38.1905 ], [ -78.4124, 38.186 ], [ -78.4181, 38.1861 ] ] ] } },
{ "type": "Feature", "properties": { "factor_fine": 0.925 }, "geometry": { "type": "Polygon", "coordinates": [ [ [ -78.5833, 38.1942 ], [ -78.5832, 38.1987 ], [ -78.5775, 38.1985 ], [ -78.5776, 38.194 ], [ -78.5833, 38.1942 ] ] ] } },
{ "type": "Feature", "properties": { "factor_fine": 0.916 }, "geometry": { "type": "Polygon", "coordinates": [ [ [ -78.5776, 38.194 ], [ -78.5775, 38.1985 ], [ -78.5718, 38.1984 ], [ -78.5719, 38.1939 ], [ -78.5776, 38.194 ] ] ] } },
{ "type": "Feature", "properties": { "factor_fine": 0.907 }, "geometry": { "type": "Polygon", "coordinates": [ [ [ -78.5719, 38.1939 ], [ -78.5718, 38.1984 ], [ -78.5661, 38.1983 ], [ -78.5662, 38.1938 ], [ -78.5719, 38.1939 ] ] ] } },
{ "type": "Feature", "properties": { "factor_fine": 0.839 }, "geometry": { "type": "Polygon", "coordinates": [ [ [ -78.5377, 38.1932 ], [ -78.5376, 38.1977 ], [ -78.5319, 38.1976 ], [ -78.532, 38.1931 ], [ -78.5377, 38.1932 ] ] ] } },
{ "type": "Feature", "properties": { "factor_fine": 0.838 }, "geometry": { "type": "Polygon", "coordinates": [ [ [ -78.532, 38.1931 ], [ -78.5319, 38.1976 ], [ -78.5261, 38.1975 ], [ -78.5263, 38.193 ], [ -78.532, 38.1931 ] ] ] } },
{ "type": "Feature", "properties": { "factor_fine": 0.843 }, "geometry": { "type": "Polygon", "coordinates": [ [ [ -78.5263, 38.193 ], [ -78.5261, 38.1975 ], [ -78.5204, 38.1974 ], [ -78.5206, 38.1928 ], [ -78.5263, 38.193 ] ] ] } },
{ "type": "Feature", "properties": { "factor_fine": 0.851 }, "geometry": { "type": "Polygon", "coordinates": [ [ [ -78.5206, 38.1928 ], [ -78.5204, 38.1974 ], [ -78.5147, 38.1972 ], [ -78.5149, 38.1927 ], [ -78.5206, 38.1928 ] ] ] } },
{ "type": "Feature", "properties": { "factor_fine": 0.859 }, "geometry": { "type": "Polygon", "coordinates": [ [ [ -78.5149, 38.1927 ], [ -78.5147, 38.1972 ], [ -78.509, 38.1971 ], [ -78.5092, 38.1926 ], [ -78.5149, 38.1927 ] ] ] } },
{ "type": "Feature", "properties": { "factor_fine": 0.861 }, "geometry": { "type": "Polygon", "coordinates": [ [ [ -78.5092, 38.1926 ], [ -78.509, 38.1971 ], [ -78.5033, 38.197 ], [ -78.5035, 38.1925 ], [ -78.5092, 38.1926 ] ] ] } },
{ "type": "Feature", "properties": { "factor_fine": 0.836 }, "geometry": { "type": "Polygon", "coordinates": [ [ [ -78.5035, 38.1925 ], [ -78.5033, 38.197 ], [ -78.4976, 38.1969 ], [ -78.4978, 38.1924 ], [ -78.5035, 38.1925 ] ] ] } },
{ "type": "Feature", "properties": { "factor_fine": 0.789 }, "geometry": { "type": "Polygon", "coordinates": [ [ [ -78.4978, 38.1924 ], [ -78.4976, 38.1969 ], [ -78.4919, 38.1967 ], [ -78.4921, 38.1922 ], [ -78.4978, 38.1924 ] ] ] } },
{ "type": "Feature", "properties": { "factor_fine": 0.761 }, "geometry": { "type": "Polygon", "coordinates": [ [ [ -78.4921, 38.1922 ], [ -78.4919, 38.1967 ], [ -78.4862, 38.1966 ], [ -78.4864, 38.1921 ], [ -78.4921, 38.1922 ] ] ] } },
{ "type": "Feature", "properties": { "factor_fine": 0.756 }, "geometry": { "type": "Polygon", "coordinates": [ [ [ -78.4864, 38.1921 ], [ -78.4862, 38.1966 ], [ -78.4805, 38.1965 ], [ -78.4807, 38.192 ], [ -78.4864, 38.1921 ] ] ] } },
{ "type": "Feature", "properties": { "factor_fine": 0.762 }, "geometry": { "type": "Polygon", "coordinates": [ [ [ -78.4807, 38.192 ], [ -78.4805, 38.1965 ], [ -78.4748, 38.1964 ], [ -78.475, 38.1919 ], [ -78.4807, 38.192 ] ] ] } },
{ "type": "Feature", "properties": { "factor_fine": 0.771 }, "geometry": { "type": "Polygon", "coordinates": [ [ [ -78.475, 38.1919 ], [ -78.4748, 38.1964 ], [ -78.4691, 38.1963 ], [ -78.4693, 38.1918 ], [ -78.475, 38.1919 ] ] ] } },
{ "type": "Feature", "properties": { "factor_fine": 0.778 }, "geometry": { "type": "Polygon", "coordinates": [ [ [ -78.4693, 38.1918 ], [ -78.4691, 38.1963 ], [ -78.4634, 38.1961 ], [ -78.4636, 38.1916 ], [ -78.4693, 38.1918 ] ] ] } },
{ "type": "Feature", "properties": { "factor_fine": 0.781 }, "geometry": { "type": "Polygon", "coordinates": [ [ [ -78.4578, 38.1915 ], [ -78.4577, 38.196 ], [ -78.452, 38.1959 ], [ -78.4521, 38.1914 ], [ -78.4578, 38.1915 ] ] ] } },
{ "type": "Feature", "properties": { "factor_fine": 0.779 }, "geometry": { "type": "Polygon", "coordinates": [ [ [ -78.4521, 38.1914 ], [ -78.452, 38.1959 ], [ -78.4463, 38.1958 ], [ -78.4464, 38.1913 ], [ -78.4521, 38.1914 ] ] ] } },
{ "type": "Feature", "properties": { "factor_fine": 0.782 }, "geometry": { "type": "Polygon", "coordinates": [ [ [ -78.4464, 38.1913 ], [ -78.4463, 38.1958 ], [ -78.4406, 38.1956 ], [ -78.4407, 38.1911 ], [ -78.4464, 38.1913 ] ] ] } },
{ "type": "Feature", "properties": { "factor_fine": 0.786 }, "geometry": { "type": "Polygon", "coordinates": [ [ [ -78.4407, 38.1911 ], [ -78.4406, 38.1956 ], [ -78.4349, 38.1955 ], [ -78.435, 38.191 ], [ -78.4407, 38.1911 ] ] ] } },
{ "type": "Feature", "properties": { "factor_fine": 0.79 }, "geometry": { "type": "Polygon", "coordinates": [ [ [ -78.435, 38.191 ], [ -78.4349, 38.1955 ], [ -78.4292, 38.1954 ], [ -78.4293, 38.1909 ], [ -78.435, 38.191 ] ] ] } },
{ "type": "Feature", "properties": { "factor_fine": 0.795 }, "geometry": { "type": "Polygon", "coordinates": [ [ [ -78.4293, 38.1909 ], [ -78.4292, 38.1954 ], [ -78.4235, 38.1953 ], [ -78.4236, 38.1908 ], [ -78.4293, 38.1909 ] ] ] } },
{ "type": "Feature", "properties": { "factor_fine": 0.803 }, "geometry": { "type": "Polygon", "coordinates": [ [ [ -78.4236, 38.1908 ], [ -78.4235, 38.1953 ], [ -78.4178, 38.1951 ], [ -78.4179, 38.1906 ], [ -78.4236, 38.1908 ] ] ] } },
{ "type": "Feature", "properties": { "factor_fine": 0.816 }, "geometry": { "type": "Polygon", "coordinates": [ [ [ -78.4179, 38.1906 ], [ -78.4178, 38.1951 ], [ -78.4121, 38.195 ], [ -78.4122, 38.1905 ], [ -78.4179, 38.1906 ] ] ] } },
{ "type": "Feature", "properties": { "factor_fine": 0.926 }, "geometry": { "type": "Polygon", "coordinates": [ [ [ -78.5889, 38.1988 ], [ -78.5888, 38.2033 ], [ -78.5831, 38.2032 ], [ -78.5832, 38.1987 ], [ -78.5889, 38.1988 ] ] ] } },
{ "type": "Feature", "properties": { "factor_fine": 0.922 }, "geometry": { "type": "Polygon", "coordinates": [ [ [ -78.5832, 38.1987 ], [ -78.5831, 38.2032 ], [ -78.5773, 38.203 ], [ -78.5775, 38.1985 ], [ -78.5832, 38.1987 ] ] ] } },
{ "type": "Feature", "properties": { "factor_fine": 0.914 }, "geometry": { "type": "Polygon", "coordinates": [ [ [ -78.5775, 38.1985 ], [ -78.5773, 38.203 ], [ -78.5716, 38.2029 ], [ -78.5718, 38.1984 ], [ -78.5775, 38.1985 ] ] ] } },
{ "type": "Feature", "properties": { "factor_fine": 0.901 }, "geometry": { "type": "Polygon", "coordinates": [ [ [ -78.5718, 38.1984 ], [ -78.5716, 38.2029 ], [ -78.5659, 38.2028 ], [ -78.5661, 38.1983 ], [ -78.5718, 38.1984 ] ] ] } },
{ "type": "Feature", "properties": { "factor_fine": 0.856 }, "geometry": { "type": "Polygon", "coordinates": [ [ [ -78.5376, 38.1977 ], [ -78.5374, 38.2022 ], [ -78.5317, 38.2021 ], [ -78.5319, 38.1976 ], [ -78.5376, 38.1977 ] ] ] } },
{ "type": "Feature", "properties": { "factor_fine": 0.846 }, "geometry": { "type": "Polygon", "coordinates": [ [ [ -78.5319, 38.1976 ], [ -78.5317, 38.2021 ], [ -78.526, 38.202 ], [ -78.5261, 38.1975 ], [ -78.5319, 38.1976 ] ] ] } },
{ "type": "Feature", "properties": { "factor_fine": 0.849 }, "geometry": { "type": "Polygon", "coordinates": [ [ [ -78.5261, 38.1975 ], [ -78.526, 38.202 ], [ -78.5203, 38.2019 ], [ -78.5204, 38.1974 ], [ -78.5261, 38.1975 ] ] ] } },
{ "type": "Feature", "properties": { "factor_fine": 0.86 }, "geometry": { "type": "Polygon", "coordinates": [ [ [ -78.5204, 38.1974 ], [ -78.5203, 38.2019 ], [ -78.5146, 38.2017 ], [ -78.5147, 38.1972 ], [ -78.5204, 38.1974 ] ] ] } },
{ "type": "Feature", "properties": { "factor_fine": 0.878 }, "geometry": { "type": "Polygon", "coordinates": [ [ [ -78.5147, 38.1972 ], [ -78.5146, 38.2017 ], [ -78.5089, 38.2016 ], [ -78.509, 38.1971 ], [ -78.5147, 38.1972 ] ] ] } },
{ "type": "Feature", "properties": { "factor_fine": 0.89 }, "geometry": { "type": "Polygon", "coordinates": [ [ [ -78.509, 38.1971 ], [ -78.5089, 38.2016 ], [ -78.5032, 38.2015 ], [ -78.5033, 38.197 ], [ -78.509, 38.1971 ] ] ] } },
{ "type": "Feature", "properties": { "factor_fine": 0.856 }, "geometry": { "type": "Polygon", "coordinates": [ [ [ -78.5033, 38.197 ], [ -78.5032, 38.2015 ], [ -78.4975, 38.2014 ], [ -78.4976, 38.1969 ], [ -78.5033, 38.197 ] ] ] } },
{ "type": "Feature", "properties": { "factor_fine": 0.781 }, "geometry": { "type": "Polygon", "coordinates": [ [ [ -78.4976, 38.1969 ], [ -78.4975, 38.2014 ], [ -78.4918, 38.2012 ], [ -78.4919, 38.1967 ], [ -78.4976, 38.1969 ] ] ] } },
{ "type": "Feature", "properties": { "factor_fine": 0.742 }, "geometry": { "type": "Polygon", "coordinates": [ [ [ -78.4919, 38.1967 ], [ -78.4918, 38.2012 ], [ -78.4861, 38.2011 ], [ -78.4862, 38.1966 ], [ -78.4919, 38.1967 ] ] ] } },
{ "type": "Feature", "properties": { "factor_fine": 0.742 }, "geometry": { "type": "Polygon", "coordinates": [ [ [ -78.4862, 38.1966 ], [ -78.4861, 38.2011 ], [ -78.4804, 38.201 ], [ -78.4805, 38.1965 ], [ -78.4862, 38.1966 ] ] ] } },
{ "type": "Feature", "properties": { "factor_fine": 0.754 }, "geometry": { "type": "Polygon", "coordinates": [ [ [ -78.4805, 38.1965 ], [ -78.4804, 38.201 ], [ -78.4746, 38.2009 ], [ -78.4748, 38.1964 ], [ -78.4805, 38.1965 ] ] ] } },
{ "type": "Feature", "properties": { "factor_fine": 0.765 }, "geometry": { "type": "Polygon", "coordinates": [ [ [ -78.4748, 38.1964 ], [ -78.4746, 38.2009 ], [ -78.4689, 38.2008 ], [ -78.4691, 38.1963 ], [ -78.4748, 38.1964 ] ] ] } },
{ "type": "Feature", "properties": { "factor_fine": 0.767 }, "geometry": { "type": "Polygon", "coordinates": [ [ [ -78.452, 38.1959 ], [ -78.4518, 38.2004 ], [ -78.4461, 38.2003 ], [ -78.4463, 38.1958 ], [ -78.452, 38.1959 ] ] ] } },
{ "type": "Feature", "properties": { "factor_fine": 0.772 }, "geometry": { "type": "Polygon", "coordinates": [ [ [ -78.4463, 38.1958 ], [ -78.4461, 38.2003 ], [ -78.4404, 38.2001 ], [ -78.4406, 38.1956 ], [ -78.4463, 38.1958 ] ] ] } },
{ "type": "Feature", "properties": { "factor_fine": 0.777 }, "geometry": { "type": "Polygon", "coordinates": [ [ [ -78.4406, 38.1956 ], [ -78.4404, 38.2001 ], [ -78.4347, 38.2 ], [ -78.4349, 38.1955 ], [ -78.4406, 38.1956 ] ] ] } },
{ "type": "Feature", "properties": { "factor_fine": 0.78 }, "geometry": { "type": "Polygon", "coordinates": [ [ [ -78.4349, 38.1955 ], [ -78.4347, 38.2 ], [ -78.429, 38.1999 ], [ -78.4292, 38.1954 ], [ -78.4349, 38.1955 ] ] ] } },
{ "type": "Feature", "properties": { "factor_fine": 0.784 }, "geometry": { "type": "Polygon", "coordinates": [ [ [ -78.4292, 38.1954 ], [ -78.429, 38.1999 ], [ -78.4233, 38.1998 ], [ -78.4235, 38.1953 ], [ -78.4292, 38.1954 ] ] ] } },
{ "type": "Feature", "properties": { "factor_fine": 0.791 }, "geometry": { "type": "Polygon", "coordinates": [ [ [ -78.4235, 38.1953 ], [ -78.4233, 38.1998 ], [ -78.4176, 38.1996 ], [ -78.4178, 38.1951 ], [ -78.4235, 38.1953 ] ] ] } },
{ "type": "Feature", "properties": { "factor_fine": 0.802 }, "geometry": { "type": "Polygon", "coordinates": [ [ [ -78.4178, 38.1951 ], [ -78.4176, 38.1996 ], [ -78.4119, 38.1995 ], [ -78.4121, 38.195 ], [ -78.4178, 38.1951 ] ] ] } },
{ "type": "Feature", "properties": { "factor_fine": 0.902 }, "geometry": { "type": "Polygon", "coordinates": [ [ [ -78.5888, 38.2033 ], [ -78.5886, 38.2078 ], [ -78.5829, 38.2077 ], [ -78.5831, 38.2032 ], [ -78.5888, 38.2033 ] ] ] } },
{ "type": "Feature", "properties": { "factor_fine": 0.899 }, "geometry": { "type": "Polygon", "coordinates": [ [ [ -78.5831, 38.2032 ], [ -78.5829, 38.2077 ], [ -78.5772, 38.2075 ], [ -78.5773, 38.203 ], [ -78.5831, 38.2032 ] ] ] } },
{ "type": "Feature", "properties": { "factor_fine": 0.891 }, "geometry": { "type": "Polygon", "coordinates": [ [ [ -78.5773, 38.203 ], [ -78.5772, 38.2075 ], [ -78.5715, 38.2074 ], [ -78.5716, 38.2029 ], [ -78.5773, 38.203 ] ] ] } },
{ "type": "Feature", "properties": { "factor_fine": 0.876 }, "geometry": { "type": "Polygon", "coordinates": [ [ [ -78.5716, 38.2029 ], [ -78.5715, 38.2074 ], [ -78.5658, 38.2073 ], [ -78.5659, 38.2028 ], [ -78.5716, 38.2029 ] ] ] } },
{ "type": "Feature", "properties": { "factor_fine": 0.858 }, "geometry": { "type": "Polygon", "coordinates": [ [ [ -78.5317, 38.2021 ], [ -78.5315, 38.2066 ], [ -78.5258, 38.2065 ], [ -78.526, 38.202 ], [ -78.5317, 38.2021 ] ] ] } },
{ "type": "Feature", "properties": { "factor_fine": 0.856 }, "geometry": { "type": "Polygon", "coordinates": [ [ [ -78.526, 38.202 ], [ -78.5258, 38.2065 ], [ -78.5201, 38.2064 ], [ -78.5203, 38.2019 ], [ -78.526, 38.202 ] ] ] } },
{ "type": "Feature", "properties": { "factor_fine": 0.873 }, "geometry": { "type": "Polygon", "coordinates": [ [ [ -78.5203, 38.2019 ], [ -78.5201, 38.2064 ], [ -78.5144, 38.2062 ], [ -78.5146, 38.2017 ], [ -78.5203, 38.2019 ] ] ] } },
{ "type": "Feature", "properties": { "factor_fine": 0.904 }, "geometry": { "type": "Polygon", "coordinates": [ [ [ -78.5146, 38.2017 ], [ -78.5144, 38.2062 ], [ -78.5087, 38.2061 ], [ -78.5089, 38.2016 ], [ -78.5146, 38.2017 ] ] ] } },
{ "type": "Feature", "properties": { "factor_fine": 0.737 }, "geometry": { "type": "Polygon", "coordinates": [ [ [ -78.4861, 38.2011 ], [ -78.4859, 38.2056 ], [ -78.4802, 38.2055 ], [ -78.4804, 38.201 ], [ -78.4861, 38.2011 ] ] ] } },
{ "type": "Feature", "properties": { "factor_fine": 0.754 }, "geometry": { "type": "Polygon", "coordinates": [ [ [ -78.4804, 38.201 ], [ -78.4802, 38.2055 ], [ -78.4745, 38.2054 ], [ -78.4746, 38.2009 ], [ -78.4804, 38.201 ] ] ] } },
{ "type": "Feature", "properties": { "factor_fine": 0.767 }, "geometry": { "type": "Polygon", "coordinates": [ [ [ -78.4746, 38.2009 ], [ -78.4745, 38.2054 ], [ -78.4688, 38.2053 ], [ -78.4689, 38.2008 ], [ -78.4746, 38.2009 ] ] ] } },
{ "type": "Feature", "properties": { "factor_fine": 0.756 }, "geometry": { "type": "Polygon", "coordinates": [ [ [ -78.4518, 38.2004 ], [ -78.4517, 38.2049 ], [ -78.446, 38.2048 ], [ -78.4461, 38.2003 ], [ -78.4518, 38.2004 ] ] ] } },
{ "type": "Feature", "properties": { "factor_fine": 0.764 }, "geometry": { "type": "Polygon", "coordinates": [ [ [ -78.4461, 38.2003 ], [ -78.446, 38.2048 ], [ -78.4403, 38.2046 ], [ -78.4404, 38.2001 ], [ -78.4461, 38.2003 ] ] ] } },
{ "type": "Feature", "properties": { "factor_fine": 0.77 }, "geometry": { "type": "Polygon", "coordinates": [ [ [ -78.4404, 38.2001 ], [ -78.4403, 38.2046 ], [ -78.4346, 38.2045 ], [ -78.4347, 38.2 ], [ -78.4404, 38.2001 ] ] ] } },
{ "type": "Feature", "properties": { "factor_fine": 0.772 }, "geometry": { "type": "Polygon", "coordinates": [ [ [ -78.4347, 38.2 ], [ -78.4346, 38.2045 ], [ -78.4289, 38.2044 ], [ -78.429, 38.1999 ], [ -78.4347, 38.2 ] ] ] } },
{ "type": "Feature", "properties": { "factor_fine": 0.776 }, "geometry": { "type": "Polygon", "coordinates": [ [ [ -78.429, 38.1999 ], [ -78.4289, 38.2044 ], [ -78.4231, 38.2043 ], [ -78.4233, 38.1998 ], [ -78.429, 38.1999 ] ] ] } },
{ "type": "Feature", "properties": { "factor_fine": 0.87 }, "geometry": { "type": "Polygon", "coordinates": [ [ [ -78.5886, 38.2078 ], [ -78.5885, 38.2123 ], [ -78.5828, 38.2122 ], [ -78.5829, 38.2077 ], [ -78.5886, 38.2078 ] ] ] } },
{ "type": "Feature", "properties": { "factor_fine": 0.869 }, "geometry": { "type": "Polygon", "coordinates": [ [ [ -78.5829, 38.2077 ], [ -78.5828, 38.2122 ], [ -78.577, 38.212 ], [ -78.5772, 38.2075 ], [ -78.5829, 38.2077 ] ] ] } },
{ "type": "Feature", "properties": { "factor_fine": 0.861 }, "geometry": { "type": "Polygon", "coordinates": [ [ [ -78.5772, 38.2075 ], [ -78.577, 38.212 ], [ -78.5713, 38.2119 ], [ -78.5715, 38.2074 ], [ -78.5772, 38.2075 ] ] ] } },
{ "type": "Feature", "properties": { "factor_fine": 0.848 }, "geometry": { "type": "Polygon", "coordinates": [ [ [ -78.5715, 38.2074 ], [ -78.5713, 38.2119 ], [ -78.5656, 38.2118 ], [ -78.5658, 38.2073 ], [ -78.5715, 38.2074 ] ] ] } },
{ "type": "Feature", "properties": { "factor_fine": 0.848 }, "geometry": { "type": "Polygon", "coordinates": [ [ [ -78.5828, 38.2122 ], [ -78.5826, 38.2167 ], [ -78.5769, 38.2166 ], [ -78.577, 38.212 ], [ -78.5828, 38.2122 ] ] ] } },
{ "type": "Feature", "properties": { "factor_fine": 0.84 }, "geometry": { "type": "Polygon", "coordinates": [ [ [ -78.577, 38.212 ], [ -78.5769, 38.2166 ], [ -78.5712, 38.2164 ], [ -78.5713, 38.2119 ], [ -78.577, 38.212 ] ] ] } },
{ "type": "Feature", "properties": { "factor_fine": 0.832 }, "geometry": { "type": "Polygon", "coordinates": [ [ [ -78.5482, 38.2205 ], [ -78.5481, 38.225 ], [ -78.5424, 38.2248 ], [ -78.5425, 38.2203 ], [ -78.5482, 38.2205 ] ] ] } },
{ "type": "Feature", "properties": { "factor_fine": 0.812 }, "geometry": { "type": "Polygon", "coordinates": [ [ [ -78.5538, 38.2251 ], [ -78.5536, 38.2296 ], [ -78.5479, 38.2295 ], [ -78.5481, 38.225 ], [ -78.5538, 38.2251 ] ] ] } },
{ "type": "Feature", "properties": { "factor_fine": 0.807 }, "geometry": { "type": "Polygon", "coordinates": [ [ [ -78.5481, 38.225 ], [ -78.5479, 38.2295 ], [ -78.5422, 38.2293 ], [ -78.5424, 38.2248 ], [ -78.5481, 38.225 ] ] ] } },
{ "type": "Feature", "properties": { "factor_fine": 0.795 }, "geometry": { "type": "Polygon", "coordinates": [ [ [ -78.5424, 38.2248 ], [ -78.5422, 38.2293 ], [ -78.5365, 38.2292 ], [ -78.5366, 38.2247 ], [ -78.5424, 38.2248 ] ] ] } },
{ "type": "Feature", "properties": { "factor_fine": 0.787 }, "geometry": { "type": "Polygon", "coordinates": [ [ [ -78.5536, 38.2296 ], [ -78.5535, 38.2341 ], [ -78.5478, 38.234 ], [ -78.5479, 38.2295 ], [ -78.5536, 38.2296 ] ] ] } },
{ "type": "Feature", "properties": { "factor_fine": 0.788 }, "geometry": { "type": "Polygon", "coordinates": [ [ [ -78.5479, 38.2295 ], [ -78.5478, 38.234 ], [ -78.5421, 38.2338 ], [ -78.5422, 38.2293 ], [ -78.5479, 38.2295 ] ] ] } },
{ "type": "Feature", "properties": { "factor_fine": 0.785 }, "geometry": { "type": "Polygon", "coordinates": [ [ [ -78.5422, 38.2293 ], [ -78.5421, 38.2338 ], [ -78.5363, 38.2337 ], [ -78.5365, 38.2292 ], [ -78.5422, 38.2293 ] ] ] } },
{ "type": "Feature", "properties": { "factor_fine": 0.771 }, "geometry": { "type": "Polygon", "coordinates": [ [ [ -78.5535, 38.2341 ], [ -78.5533, 38.2386 ], [ -78.5476, 38.2385 ], [ -78.5478, 38.234 ], [ -78.5535, 38.2341 ] ] ] } },
{ "type": "Feature", "properties": { "factor_fine": 0.775 }, "geometry": { "type": "Polygon", "coordinates": [ [ [ -78.5478, 38.234 ], [ -78.5476, 38.2385 ], [ -78.5419, 38.2383 ], [ -78.5421, 38.2338 ], [ -78.5478, 38.234 ] ] ] } }
]
}
